song_id,tempo,type,loudness,mode,speechiness,liveness,valence,danceability,energy,acousticness,instrumentalness
3dPQuX8Gs42Y7b454ybpMR,123.596,audio_features,-7.807,0,0.0683,0.337,0.278,0.743,0.446,0.0039,0.118
0COqiPhxzoWICwFCS4eZcp,94.612,audio_features,-3.188,0,0.0698,0.242,0.296,0.331,0.943,0.00721,2.06e-06
2PpruBYCo4H7WOBJ7Q2EwM,79.526,audio_features,-2.261,0,0.0664,0.174,0.965,0.727,0.974,0.103,0.000532
2nLtzopw4rPReszdYBJU6h,110.018,audio_features,-4.153,1,0.0381,0.639,0.243,0.496,0.863,0.0046,0.0
4RY96Asd9IefaL3X4LOLZ8,90.059,audio_features,-2.776,0,0.347,0.0749,0.805,0.902,0.72,0.26,0.0
5IVuqXILoxVWvWEPm82Jxr,99.165,audio_features,-6.596,0,0.226,0.0715,0.681,0.646,0.77,0.00249,0.0
6I9VzXrHxO9rA9A5euc8Ak,143.04,audio_features,-3.914,0,0.114,0.242,0.924,0.774,0.838,0.0249,0.025
69Ej1xrGjOcHvIMtMKxK0G,94.001,audio_features,-7.501,0,0.141,0.042,0.714,0.817,0.714,0.184,0.000132
1oTo3ijRbaDAtrjJrGAPSw,110.0,audio_features,-6.547,1,0.0339,0.0867,0.593,0.664,0.781,0.00103,5.33e-06
23oxJmDc1V9uLUSmN2LIvx,173.734,audio_features,-3.751,0,0.0638,0.0947,0.786,0.486,0.904,3.43e-05,2.83e-05
41bIQPBE1lFN0mmw6Lmssz,90.012,audio_features,-3.908,0,0.317,0.0512,0.908,0.576,0.807,0.353,0.000363
3XVBdLihbNbxUwZosxcGuJ,118.402,audio_features,-9.129,1,0.106,0.104,0.166,0.609,0.444,0.603,6.86e-06
2I9foKseoFQh07p6sD2voE,108.52,audio_features,-2.93,0,0.354,0.131,0.416,0.653,0.826,0.0153,0.00146
0M955bMOoilikPXwKLYpoi,89.342,audio_features,-5.157,0,0.0421,0.139,0.453,0.498,0.83,0.00461,0.0
77loZpT5Y5PRP1S451P9Yz,82.952,audio_features,-4.649,1,0.029,0.159,0.0681,0.472,0.671,0.0129,0.0
4Yf5bqU3NK4kNOypcrLYwU,135.095,audio_features,-3.554,1,0.131,0.0731,0.594,0.554,0.978,0.111,0.0
5YJ4BVvTFmVCxUyhKejHfR,91.995,audio_features,-3.825,0,0.122,0.244,0.872,0.815,0.856,0.4,8.34e-05
27L8sESb3KR79asDUBu8nW,118.015,audio_features,-4.927,0,0.0412,0.0808,0.927,0.774,0.75,0.00207,1.78e-05
6Nq5lE0CeOAAAqN4qhkbZU,82.331,audio_features,-3.041,0,0.268,0.0841,0.535,0.662,0.748,0.688,8.43e-06
0r8iDf65NHgFgZOGLwj5r8,164.857,audio_features,-6.24,0,0.044,0.0999,0.933,0.551,0.825,0.152,6.2e-06
57Xjny5yNzAcsxnusKmAfA,158.009,audio_features,-5.11,1,0.0336,0.101,0.77,0.489,0.649,0.000603,0.713
44NRdYQw7P0GWuiunRv3hr,167.169,audio_features,-4.479,1,0.0628,0.102,0.376,0.217,0.92,2.86e-05,0.0
1A5V1sxyCLpKJezp75tUXn,91.854,audio_features,-5.454,1,0.0289,0.115,0.274,0.478,0.854,0.0204,1.21e-06
305WCRhhS10XUcH6AEwZk6,105.046,audio_features,-3.435,1,0.0855,0.152,0.537,0.613,0.953,0.00148,0.000582
2D1hlMwWWXpkc3CZJ5U351,78.693,audio_features,-3.012,0,0.342,0.0401,0.889,0.7,0.758,0.0444,1.3e-05
3agtg0x11wPvLIWkYR39nZ,162.065,audio_features,-3.754,1,0.0645,0.261,0.442,0.451,0.951,0.00038,2.39e-06
0xmjwnQ3FNE6HuWCt2nHdZ,94.086,audio_features,-3.222,1,0.178,0.131,0.809,0.834,0.699,0.111,0.0
5z7mYFfhw6N6f23VwrokJD,125.999,audio_features,-4.932,0,0.0464,0.0638,0.635,0.871,0.597,0.126,0.000113
3BmjRmFTESgWZLPSVGp8aG,160.102,audio_features,-3.324,0,0.18,0.0669,0.723,0.535,0.951,0.00777,0.0
4PkJ7c9y1CwpuVOiJODnCZ,163.118,audio_features,-5.659,0,0.0391,0.226,0.597,0.455,0.858,0.000616,0.000247
0hDQV9X1Da5JrwhK8gu86p,119.783,audio_features,-5.194,1,0.0716,0.553,0.124,0.502,0.941,0.000346,0.319
2lXJr5BkUPZpQUV2ZGN1Wv,96.652,audio_features,-6.322,0,0.209,0.131,0.853,0.832,0.699,0.202,0.0
6bUNEbXT7HovLW6BgPCBsb,108.97,audio_features,-5.653,1,0.0545,0.107,0.509,0.751,0.708,0.0482,1.85e-05
3EZzghqykkfOB0Z8d0kTSt,136.12,audio_features,-3.798,1,0.0403,0.116,0.479,0.555,0.868,0.0664,0.000117
3UygY7qW2cvG9Llkay6i1i,175.077,audio_features,-4.885,0,0.0545,0.229,0.464,0.37,0.858,0.00815,2.12e-05
420JGkyLfLUZcgBHKiIK9v,152.132,audio_features,-4.494,1,0.0262,0.189,0.215,0.446,0.657,0.0022,0.0
0l3GEbH3CviUytD6iX4wzg,92.074,audio_features,-3.977,1,0.253,0.0614,0.891,0.866,0.749,0.15,0.0
6rUp7v3l8yC4TKxAAR5Bmx,89.342,audio_features,-5.157,0,0.0421,0.139,0.453,0.498,0.83,0.00461,0.0
6pWzCKTrKrwbUPzY8RLCoP,94.998,audio_features,-3.006,0,0.0582,0.16,0.849,0.71,0.797,0.408,0.0
26AYR77170U49cMcXB7aRV,173.143,audio_features,-5.952,1,0.0917,0.529,0.622,0.411,0.962,0.103,0.0
0crJsMs5FmnMHvQG1itkc0,149.343,audio_features,-4.52,1,0.0457,0.0653,0.977,0.821,0.807,0.129,0.0
1MTQHCpraD4S8g5PAFKzoj,120.315,audio_features,-6.66,1,0.0271,0.119,0.0902,0.595,0.489,0.497,0.0
6FOpPA0a80RuBqqgDozvja,138.697,audio_features,-2.935,1,0.063,0.196,0.156,0.407,0.896,0.012,0.0
0DKNNR9iDjwfCEpMiFXMJq,92.003,audio_features,-4.591,0,0.0984,0.0504,0.534,0.597,0.931,0.127,0.0
5qHYXcVvc9xsFB2uH7GpMN,115.584,audio_features,-10.05,1,0.0346,0.137,0.927,0.682,0.635,0.00863,0.0
3arKRnq9OUd7yq6LRwVW8I,88.171,audio_features,-5.234,1,0.0269,0.107,0.656,0.663,0.546,0.0322,0.000572
4UzVcXufOhGUwF56HT7b8M,79.012,audio_features,-9.206,1,0.0356,0.134,0.101,0.19,0.265,0.863,0.0
6ihObRBTB8xdSH2mlERtOX,172.872,audio_features,-4.894,0,0.325,0.0687,0.89,0.713,0.734,0.548,0.0
0CA3RxBx2xSQXPfpmUBK1v,177.9,audio_features,-5.282,1,0.0297,0.0696,0.565,0.373,0.737,9.4e-06,0.0
2ajUl8lBLAXOXNpG4NEPMz,125.959,audio_features,-5.529,0,0.0313,0.0878,0.737,0.713,0.639,0.753,0.0
6n8TMVyFKoUmDc4apxceRD,100.021,audio_features,-5.218,0,0.0303,0.0909,0.581,0.579,0.849,0.108,0.0
3tS1VMpxp9bLn46Cyh09el,107.028,audio_features,-4.719,0,0.0366,0.376,0.425,0.585,0.881,2.27e-05,0.000939
6ft9PAgNOjmZ2kFVP7LGqb,123.821,audio_features,-7.448,1,0.0746,0.0692,0.536,0.575,0.764,0.566,1.07e-05
2WSWm0zlL3CJRACHS5KXbB,118.034,audio_features,-3.685,1,0.0836,0.538,0.715,0.756,0.811,0.0107,0.0
0yHConG49418wPs8UfAt44,182.12,audio_features,-7.886,0,0.0523,0.118,0.58,0.546,0.538,0.233,0.0
6NhpIdjYoufuNNlBsgOztc,161.992,audio_features,-3.163,1,0.0397,0.304,0.898,0.511,0.903,0.052,0.000529
4WY3HyGXsWqjFRCVD6gnTe,91.025,audio_features,-9.17,1,0.22,0.221,0.791,0.655,0.488,0.0825,1.16e-06
4G21jWo0Cm6lOIUNnZ2mUI,174.98,audio_features,-7.268,1,0.0513,0.0652,0.175,0.644,0.808,0.0467,0.187
7JeKXMQKm6GoLGTkNy2jZ0,93.975,audio_features,-2.522,0,0.302,0.0235,0.838,0.892,0.631,0.244,0.0
78XFPcFYN8YFOHjtVwnPsl,92.535,audio_features,-5.446,0,0.066,0.255,0.532,0.447,0.876,0.000359,0.00103
2md2i5QvelRFnafpnd6LOg,151.551,audio_features,-4.577,1,0.0457,0.362,0.556,0.397,0.903,0.00575,1.6e-06
4hfIVhq0F0zFUcrbecsYmo,104.963,audio_features,-2.231,0,0.12,0.304,0.805,0.783,0.794,0.105,0.0
0iFOG4Ki9aDmJUYUFHQlPG,102.009,audio_features,-5.913,0,0.13,0.0801,0.759,0.894,0.404,0.453,1.57e-06
756CJtQRFSxEx9jV4P9hpA,128.235,audio_features,-5.214,1,0.0764,0.282,0.622,0.442,0.846,0.0538,4.71e-06
5FPnjikbwlDMULCCCa6ZCJ,124.893,audio_features,-7.816,1,0.0274,0.098,0.503,0.674,0.413,0.836,1.95e-05
4vl2zwXsTmAxgu9iY0g6UK,154.756,audio_features,-5.13,0,0.0695,0.133,0.462,0.423,0.862,0.00806,0.0
0psXs0SxH2hGnJoj8C2fFf,170.087,audio_features,-7.083,1,0.0476,0.218,0.347,0.609,0.706,0.182,0.000601
5dNfHmqgr128gMY2tc5CeJ,133.024,audio_features,-7.165,1,0.0423,0.0914,0.855,0.795,0.523,0.061,0.0
3gqgSM82j6NMAj4Jllr06T,88.018,audio_features,-13.873,1,0.0744,0.019,0.764,0.811,0.323,0.504,1.63e-05
6RUpJeXT6U4SPEafnr9Wr7,186.151,audio_features,-3.063,1,0.355,0.356,0.792,0.537,0.948,0.151,0.0
7sLpSWxQazJzDVG6YGzlVs,89.554,audio_features,-4.297,0,0.398,0.103,0.548,0.494,0.887,0.00661,0.0
3JOdLCIBzQYwHIvpN3isVf,135.45,audio_features,-3.805,1,0.0608,0.275,0.72,0.628,0.886,0.000706,0.0
6WXdlIUbsqFSS6T63eCBxx,120.853,audio_features,-4.95,1,0.0293,0.223,0.225,0.532,0.625,0.064,0.0
3IrkbGQCoEPAkzJ0Tkv8nm,163.969,audio_features,-7.149,1,0.317,0.339,0.648,0.78,0.657,0.0321,2.56e-06
6yVSp9H2STyLeOs7pjy2w4,94.035,audio_features,-4.085,1,0.0437,0.0964,0.26,0.463,0.827,0.013,2.41e-05
0YGQ3hZcRLC5YX7o0hdmHg,200.053,audio_features,-8.686,0,0.161,0.0913,0.659,0.588,0.461,0.237,1.54e-05
3ORfa5ilEthp2U0TRcv7kv,78.985,audio_features,-2.3,1,0.335,0.362,0.519,0.538,0.675,0.245,0.0
32jHB7W9b08OTorAqR0cJo,115.049,audio_features,-6.303,1,0.0419,0.346,0.454,0.608,0.825,0.024,0.00656
4Kd0FzFpOgIGxlBl4HXuFn,101.965,audio_features,-6.022,1,0.128,0.094,0.322,0.884,0.697,0.0509,0.0
6BIcjFZIVDZxNAcofRFPx4,81.975,audio_features,-6.863,1,0.0981,0.252,0.586,0.618,0.552,0.176,0.0
4TJduXYW1Pg96EDNnfiwxJ,87.665,audio_features,-7.068,1,0.262,0.157,0.897,0.715,0.733,0.134,0.0
6LGwYMXXgURfaequXipzHx,167.078,audio_features,-8.264,1,0.187,0.342,0.249,0.264,0.663,0.59,0.00443
08QaHlMPWuO5PUxjl61bXn,70.507,audio_features,-10.964,1,0.0495,0.121,0.13,0.465,0.687,0.0206,0.929
6kdCN6gTWLcLxmLXoUcwuI,149.987,audio_features,-6.18,0,0.0271,0.238,0.446,0.583,0.731,0.0107,0.0136
1Vy7WUJubV9JEoebuJ9dfe,97.461,audio_features,-7.608,0,0.0413,0.063,0.81,0.786,0.604,0.221,0.0166
5BmagRD7Thki6O1zZwbxBy,191.059,audio_features,-2.879,1,0.0691,0.0975,0.264,0.251,0.954,0.000674,0.000132
1PZrHbJjt5t7dP9OGRxcD0,95.023,audio_features,-7.827,1,0.0825,0.0892,0.807,0.831,0.818,0.0242,0.000336
6Yu1OL8I0D4vjOzYdsXYGK,145.056,audio_features,-3.838,1,0.0379,0.558,0.592,0.451,0.889,0.312,0.8
2lFlveK1y13WWp3vnQtrr3,120.507,audio_features,-7.459,1,0.0276,0.178,0.275,0.643,0.569,0.544,2.17e-05
58MeeOMk6PMQxXWY9YCNPD,92.814,audio_features,-11.264,1,0.243,0.262,0.897,0.729,0.557,0.651,0.000123
65iyI1iybyv5ecsfBHSdUf,95.05,audio_features,-3.249,0,0.26,0.876,0.675,0.843,0.7,0.127,0.0
4eGHEHqoDMMejzPhRFTc7p,100.557,audio_features,-8.651,0,0.15,0.0931,0.0449,0.474,0.977,0.024,0.604
66S14BkJDxgkYxLl5DCqOz,131.922,audio_features,-5.177,1,0.0396,0.0827,0.807,0.851,0.551,0.151,0.0
0gZp88SA5OcujHLDGkxtI3,81.291,audio_features,-4.814,0,0.0899,0.149,0.304,0.477,0.907,8e-05,7.82e-05
2fOxxLz9JVe53itq6pfBak,126.316,audio_features,-4.535,0,0.0306,0.321,0.771,0.606,0.75,0.00264,0.000788
6CqYhhUPJORx1vvdTNc8jv,113.329,audio_features,-6.644,1,0.0887,0.0496,0.422,0.328,0.843,0.000111,0.801
4OWa2dOlmtvMDhFrFL0QA1,150.319,audio_features,-7.729,0,0.0314,0.201,0.422,0.185,0.469,0.00652,0.909
1Yuim9eHBfG8YUJII28XDF,93.925,audio_features,-5.527,1,0.0517,0.266,0.726,0.544,0.867,2.63e-05,0.0165
4jacsL77ZYnpInmTtUBaJW,118.871,audio_features,-2.619,1,0.0883,0.222,0.844,0.755,0.895,0.0507,0.0737
3SRuODYNV4j2ckkJ9Samju,109.444,audio_features,-5.954,1,0.026,0.139,0.664,0.679,0.736,0.0572,9.25e-06
6XsT5UGfpaFeHQf5LRIy4W,83.61,audio_features,-9.092,1,0.0803,0.137,0.536,0.75,0.458,0.226,3.25e-05
2CtCwQhY0ZLvr8L2l8Bo6e,99.057,audio_features,-4.855,1,0.349,0.0916,0.801,0.751,0.84,0.367,0.0
7BD50ATrF3Vab5FQy7vtK8,128.303,audio_features,-7.989,1,0.0279,0.0822,0.258,0.577,0.462,0.128,0.0
3D0fUBloGwPcLGLyheGWXu,98.485,audio_features,-10.083,1,0.0268,0.247,0.493,0.565,0.392,0.551,0.000106
62clthR0fZmLbxeqxVJatQ,139.948,audio_features,-9.774,1,0.03,0.117,0.323,0.593,0.415,0.754,4.86e-06
6dwkFmLUz6hx2CZG2EqLol,93.931,audio_features,-7.895,1,0.0277,0.119,0.342,0.636,0.625,0.222,5.35e-05
4AQWKGBWTR7fVuUKxi5sKE,185.199,audio_features,-7.978,1,0.0424,0.167,0.48,0.445,0.744,0.343,6.73e-05
2HqCaO7BV010qXS5FuiTED,84.905,audio_features,-6.615,1,0.0399,0.114,0.814,0.537,0.699,0.237,2.27e-05
3fttmSWGThBQTNkuHMoCTN,121.836,audio_features,-4.494,0,0.0354,0.124,0.672,0.389,0.905,0.00844,0.00016
437ShA8eBSfBmezIP9MeX1,102.946,audio_features,-3.609,0,0.0986,0.0776,0.383,0.56,0.935,0.000726,0.000645
1gzWd0ILFaCoHUfQSkCIvl,124.055,audio_features,-5.518,0,0.0644,0.281,0.0788,0.349,0.934,0.000152,0.623
1oTKnx7AgEhA5wUs3Z8rrr,140.471,audio_features,-5.153,1,0.0512,0.394,0.624,0.374,0.916,8.64e-06,0.216
3adnLFXKO5rC1lhUNSeg3N,170.111,audio_features,-6.835,1,0.0379,0.091,0.284,0.509,0.538,0.306,5.03e-06
3IlY76VbP31zwPY0S2EMjh,80.284,audio_features,-5.809,1,0.0729,0.0986,0.246,0.202,0.797,0.0163,3.83e-06
05iMQqncVBIm4AE26EvaTL,116.994,audio_features,-8.06,1,0.0285,0.116,0.912,0.77,0.585,0.3,0.0
6lrRIfQDcikJ5y5DtyZPuJ,192.082,audio_features,-6.569,1,0.458,0.0794,0.811,0.646,0.6,0.231,0.0
7jSQaXLzpLHjSQTev2krvT,79.083,audio_features,-27.25,1,0.0462,0.103,0.0553,0.164,0.0248,0.98,0.967
77Yhcsal6ceWoLqYbDCeaZ,95.547,audio_features,-5.306,1,0.0515,0.133,0.916,0.65,0.427,0.742,2.15e-06
779ooI3rBd0CLqCiiJmtVo,147.387,audio_features,-4.54,1,0.0364,0.179,0.304,0.427,0.843,0.00216,0.0
6iblnklMzUKIXAtjk5lzIy,74.165,audio_features,-11.508,1,0.0302,0.188,0.198,0.52,0.333,0.816,0.0
5VUQsLff8A3ruAyCdTxqzg,134.027,audio_features,-7.552,1,0.0279,0.0684,0.193,0.545,0.472,0.434,0.0
5iA6APikmuIeaAe9MMluny,98.829,audio_features,-9.884,1,0.0607,0.104,0.881,0.696,0.684,0.315,6.11e-05
2xVueNhj6UehdAPDBWK7DN,167.718,audio_features,-7.785,1,0.0608,0.0935,0.859,0.634,0.738,0.477,1.12e-06
0KFuXEdOp5QfIfxHR6TJSm,99.982,audio_features,-8.026,1,0.0808,0.19,0.459,0.609,0.407,0.345,0.0
0tWEB6BxbI48XN79QE1JbT,95.111,audio_features,-5.076,0,0.0405,0.245,0.296,0.437,0.835,0.00145,2.27e-05
5cxnSTLzGD1t9xcdmJYFVB,84.94,audio_features,-7.566,1,0.0414,0.103,0.412,0.607,0.411,0.603,0.000671
5dWfl2PBpKHpBVdz95wxK1,100.215,audio_features,-5.656,0,0.0444,0.177,0.317,0.496,0.819,0.0479,0.000215
7BB3emVX0QaFVddCHiO9wt,109.928,audio_features,-4.536,1,0.028,0.0819,0.964,0.77,0.833,0.0793,0.0
1AdYZ6X00nXmO613Y7GJOl,110.017,audio_features,-8.295,1,0.045,0.0855,0.593,0.423,0.714,0.00113,6.28e-06
78Gzxi27GuNHTfkn2BylG4,116.17,audio_features,-6.044,1,0.0339,0.273,0.584,0.547,0.596,8.02e-05,0.739
0dRhSF9LV0HR8Jwd3MMMKJ,109.599,audio_features,-12.852,1,0.0337,0.116,0.114,0.398,0.284,0.966,8.57e-05
7gDVjl5fEw2OPAtjbW4LzR,159.747,audio_features,-7.494,0,0.0523,0.108,0.13,0.483,0.841,0.000172,0.861
0UNTBB02C1aB55Fu4H63qd,162.519,audio_features,-5.926,0,0.183,0.217,0.962,0.765,0.821,0.0918,0.0
4E5IFAXCob6QqZaJMTw5YN,88.017,audio_features,-1.385,0,0.192,0.0787,0.918,0.769,0.818,0.263,0.0
0kO3njY9N1Rxgv27Ha1lLh,110.018,audio_features,-4.153,1,0.0381,0.639,0.243,0.496,0.863,0.0046,0.0
6mjHiGwrRGE8LVCXVc5QDU,157.872,audio_features,-4.386,0,0.133,0.353,0.458,0.443,0.973,0.00161,0.0
0arNrzPygksLY2pEbRgBjw,174.762,audio_features,-4.104,0,0.0633,0.0812,0.701,0.522,0.88,9.38e-05,0.00111
1qYcHo4wiesUC2VIRch45G,143.28,audio_features,-4.643,1,0.0771,0.0916,0.646,0.539,0.814,0.00807,1.36e-05
6K6rqLZ7PBDx3PNA4snQzK,107.893,audio_features,-5.455,1,0.338,0.149,0.832,0.601,0.918,0.113,4.88e-06
1dHJETCn2X1R1YwVlMvSza,76.91,audio_features,-3.651,0,0.132,0.0675,0.889,0.513,0.826,0.106,0.0
4vmPvQY7m6MC77mKDdJIkD,90.306,audio_features,-9.141,1,0.0366,0.967,0.199,0.492,0.51,0.623,0.0
27msmgcdSRniJHfocEf6EH,140.155,audio_features,-4.973,1,0.0482,0.291,0.333,0.542,0.806,0.0021,0.436
01CnYyPXMFRzOFVQBU8WMb,126.966,audio_features,-4.431,1,0.0354,0.124,0.609,0.613,0.801,0.0626,1.15e-05
5YH0im36TvDjT5CN2VsHHK,96.035,audio_features,-5.351,1,0.081,0.105,0.945,0.802,0.849,0.16,0.0
1WOwGVtrVWtV3WW7X4TZoB,177.025,audio_features,-1.144,1,0.619,0.493,0.443,0.446,0.96,0.37,4.09e-06
7KysI43rsjlhjTeWO6ePUq,125.194,audio_features,-6.713,1,0.0366,0.203,0.888,0.713,0.773,0.218,0.0
5u6fnmRO5V0PTl5M2Eekeu,130.327,audio_features,-3.972,1,0.0681,0.106,0.357,0.458,0.895,0.000219,0.000394
5ojJNnX5ND2gMGojPd3NiO,127.683,audio_features,-5.873,1,0.0776,0.0753,0.319,0.691,0.541,0.508,0.0
1R28m5eWk1EV9FQ3puWrUp,90.564,audio_features,-2.011,1,0.166,0.234,0.719,0.423,0.965,0.0105,1.01e-05
2BepFzUWfczDk68DXj10w3,151.991,audio_features,-9.401,1,0.0334,0.0806,0.445,0.588,0.555,0.447,0.0
14B2bUopOga5V3ypld7d6n,82.525,audio_features,-3.033,0,0.252,0.109,0.512,0.691,0.741,0.703,1.11e-05
27gUeiai56GKF6TxvmPJut,90.058,audio_features,-3.096,0,0.108,0.911,0.679,0.488,0.995,0.00153,0.0
4sX4O9mgw76aWhehf1eSRD,97.027,audio_features,-11.989,0,0.0471,0.119,0.756,0.816,0.338,0.832,0.00104
4VuKGQiCzE5BdSdvp6Hjoh,121.074,audio_features,-8.15,1,0.0318,0.279,0.41,0.568,0.367,0.768,0.0
072YgF7J2clpY8DsWOpEri,135.896,audio_features,-15.084,1,0.0326,0.109,0.486,0.607,0.188,0.895,1.79e-06
2NsMwNWumJXCdTg2IZCLZ5,143.965,audio_features,-7.426,1,0.0442,0.042,0.804,0.762,0.745,0.202,3.05e-05
2SWn864dJI5RNyrp3F4Kp1,124.768,audio_features,-4.566,1,0.0362,0.338,0.579,0.533,0.889,0.00366,0.0593
6wQjoZ4ffP7cAIfiwldEWZ,114.818,audio_features,-4.705,1,0.138,0.199,0.807,0.798,0.707,0.0807,0.0
4KliQFRlvNKnlVYzMMbSMq,166.475,audio_features,-4.942,1,0.265,0.123,0.144,0.294,0.97,0.000706,0.0
3ftHrCjsTUPLgI48m67byk,133.377,audio_features,-11.018,0,0.04,0.659,0.283,0.643,0.364,0.715,0.0
0nprj2O0teCglthuhzTG5o,104.024,audio_features,-4.987,1,0.0504,0.303,0.703,0.596,0.921,0.0221,0.0
2s0ouHqJebHfiQ6C1GUFJd,112.997,audio_features,-6.124,1,0.0439,0.155,0.819,0.891,0.77,0.00862,0.0315
57FmgryMQDg7fxbyR65dcT,95.02,audio_features,-4.525,1,0.107,0.447,0.64,0.722,0.869,0.561,0.000765
0t1UDIDBS2u8k0TltYUHaE,160.025,audio_features,-7.348,1,0.0593,0.088,0.881,0.802,0.547,0.163,1.99e-05
5dxHF4lrDimKqnI3GaZUmC,127.932,audio_features,-9.711,0,0.0317,0.125,0.279,0.663,0.465,0.555,0.00183
66ezChUOWvgzRQAi3Ay1wt,179.815,audio_features,-2.696,1,0.383,0.317,0.372,0.571,0.861,0.00172,0.0
2CZi8d774dBB0wiuWMIpr8,175.973,audio_features,-6.302,0,0.116,0.0652,0.615,0.655,0.623,0.0861,0.000346
0aULRU35N9kTj6O1xMULRR,92.982,audio_features,-7.872,1,0.271,0.268,0.504,0.849,0.499,0.117,4.97e-05
23EzYG5WcweDqh5RX9nFaW,155.013,audio_features,-10.217,0,0.0645,0.124,0.899,0.818,0.476,0.194,0.0
3AszgPDZd9q0DpDFt4HFBy,79.504,audio_features,-2.206,1,0.0648,0.205,0.963,0.715,0.97,0.0644,0.000156
2ozSogNm6z9G2Uv6a9iji4,177.668,audio_features,-4.39,1,0.0456,0.27,0.727,0.606,0.839,0.404,0.0
60IkVf7UfQXmt5CwkpcX8a,95.028,audio_features,-2.597,0,0.0904,0.101,0.453,0.466,0.965,0.042,0.0
2m42oF2K5zPQalKjlGVuez,115.71,audio_features,-7.018,1,0.0827,0.161,0.922,0.786,0.605,0.197,0.0
68Euox5QCQrf0sMI847CfC,120.961,audio_features,-6.366,1,0.0262,0.343,0.586,0.723,0.763,0.122,0.00543
0xiuSFBOEHWaJ6rSuUbJWc,123.869,audio_features,-9.809,0,0.311,0.106,0.451,0.556,0.346,0.536,0.0
6VKAWqNzAMo3m82rqV5BMR,175.349,audio_features,-6.596,1,0.0279,0.226,0.773,0.424,0.763,0.00585,0.000515
0DxN6Ywom8nnndyQXdSBPy,179.581,audio_features,-3.726,0,0.0716,0.243,0.57,0.382,0.932,3.5e-05,0.0
3eDwN4LpjslZFUARGab60u,151.851,audio_features,-4.392,1,0.0389,0.0199,0.947,0.779,0.677,0.243,0.0
6cR1U61DMpYbS2TtNTlSvo,73.108,audio_features,-6.696,0,0.0711,0.0974,0.695,0.755,0.381,0.291,5.13e-06
3TxGNwiGxgE42MqqWAdmDg,110.863,audio_features,-7.619,1,0.0545,0.376,0.965,0.767,0.612,0.497,0.0
2TZ1apxMDlubCGMsOxcTbT,118.096,audio_features,-5.121,0,0.0675,0.299,0.454,0.577,0.892,0.016,6.39e-05
5TpaWJKnuyA4MjzAbFXSTQ,84.038,audio_features,-5.799,0,0.307,0.355,0.518,0.772,0.724,0.0149,0.0
33j4CLU9UyRjO63ry5J61Q,162.06,audio_features,-4.301,1,0.203,0.0991,0.582,0.739,0.725,0.227,0.0
3C84jaEdYxiq8LC4jwYqj6,178.113,audio_features,-6.084,1,0.1,0.114,0.647,0.566,0.869,0.000916,0.00346
24CeaRaJHiMKFAVZTCu8Y0,192.153,audio_features,-2.375,1,0.216,0.346,0.507,0.376,0.988,8.82e-05,6.36e-05
0oVWPlnK5eAqnJCVB0FvpP,82.006,audio_features,-8.426,1,0.0376,0.0582,0.226,0.565,0.541,0.193,3.45e-06
6DUKQUhWqUySYngLXLNwP2,105.921,audio_features,-6.109,1,0.0376,0.104,0.914,0.675,0.535,0.00329,0.719
7qYQBg8ljLvLfWPOajfo6u,128.789,audio_features,-8.008,1,0.0462,0.0439,0.899,0.792,0.605,0.546,0.0
3RdQfyk7BBxxIx0zSnCBIw,128.246,audio_features,-8.663,0,0.0736,0.0884,0.566,0.694,0.515,0.00666,0.622
5caW5J7nrK4Mtu6cZiBxUk,112.078,audio_features,-5.402,1,0.0269,0.131,0.674,0.653,0.724,0.298,0.0
42A4dSYBf0g9OHreccqU5o,92.774,audio_features,-6.02,1,0.0396,0.543,0.758,0.645,0.704,0.0124,0.0
63IIUzd6eJBfCGIcF8MFnJ,179.644,audio_features,-4.081,0,0.113,0.0825,0.364,0.357,0.959,6.93e-06,3.91e-05
4TxDN6eKixUNTgs3B2e4DE,72.412,audio_features,-31.25,1,0.0373,0.071,0.0505,0.253,0.0151,0.992,0.862
5PtMwNq8Dp31uYdGGacVJE,148.077,audio_features,-6.912,1,0.233,0.114,0.265,0.816,0.578,0.0228,0.0
35ZmCVnfYRdK1iLGCxNhMa,104.84,audio_features,-2.929,1,0.225,0.129,0.292,0.428,0.979,7.04e-05,0.0
6kPDxVwJH5YtKeytA2rA6M,96.101,audio_features,-4.557,1,0.0473,0.0474,0.385,0.482,0.916,3.51e-05,0.000588
1CYyIsAaTrnmJ8MO2rec5f,82.518,audio_features,-2.387,0,0.0397,0.0996,0.344,0.68,0.767,0.00213,0.0
6MoY9dj27qBHzCCmcvYTIJ,0.0,audio_features,-35.278,0,0.0,0.0794,0.0,0.0,0.00183,0.995,0.905
4G29gmjS7Z2nEFeM7FA6wx,81.977,audio_features,-7.161,1,0.0276,0.246,0.224,0.511,0.64,0.0917,0.0
7rS87NoPWbAkVURdVFbGH9,103.552,audio_features,-5.274,1,0.0252,0.0675,0.362,0.671,0.755,0.178,2.64e-05
4z4PB23xYTg1oANmyZovsw,80.958,audio_features,-4.849,1,0.0405,0.165,0.227,0.487,0.759,0.0273,0.0
4HcDu9IGRCvSTJE4yW5Ugv,100.021,audio_features,-5.218,0,0.0303,0.0909,0.581,0.579,0.849,0.108,0.0
1MaI6NwdrqnE3mRzOYTpoo,110.895,audio_features,-11.621,0,0.271,0.358,0.348,0.899,0.645,0.0435,0.101
5XeSAezNDk9tuw3viiCbZ3,118.006,audio_features,-6.909,1,0.361,0.874,0.72,0.864,0.813,0.217,0.0
5UdT2XVZPgZDMi7vxQBgRN,130.092,audio_features,-9.024,1,0.0496,0.0898,0.88,0.835,0.53,0.712,0.000268
1J4YoubtTxLuoKBzRIzHvv,174.189,audio_features,-7.94,1,0.147,0.104,0.569,0.805,0.729,0.147,0.0422
3l14MJpQB4tFFgKLqUqtV3,153.971,audio_features,-7.218,1,0.0458,0.104,0.201,0.63,0.752,0.278,0.0226
6rpNe6gSkmiYW6BfSFATi5,81.033,audio_features,-3.538,1,0.157,0.131,0.904,0.806,0.867,0.02,0.0
3HoyAX58MUIBFCNmhMliHy,143.981,audio_features,-9.347,0,0.0621,0.124,0.516,0.812,0.526,0.48,0.00203
0TIKTcvtKI26PNRvjyeHjP,74.997,audio_features,-8.21,1,0.033,0.101,0.628,0.539,0.566,0.188,0.0
40u9RFyKQfXwpPjFzK1bGO,138.807,audio_features,-4.44,1,0.0639,0.0836,0.164,0.43,0.868,0.000119,0.000389
3yE7LC2ZyNWsLRSXHb0J06,98.068,audio_features,-3.198,1,0.0529,0.148,0.537,0.518,0.951,0.00919,0.0
0JL9TZip7mL7iwC5EOkALS,97.317,audio_features,-4.586,1,0.097,0.0703,0.861,0.499,0.874,0.611,0.000639
2TAQ9YGehOKWDqDak5DuXc,144.591,audio_features,-6.049,0,0.0441,0.166,0.439,0.417,0.913,0.00248,1.09e-06
1bpnYrDCforv9ctJMzJRV8,87.613,audio_features,-8.282,1,0.0343,0.0333,0.245,0.333,0.377,0.722,0.0
2J0QDG9aKp41dl3nT9d9IQ,182.067,audio_features,-9.161,0,0.0626,0.291,0.671,0.688,0.725,0.474,0.857
1QJb6LWvPXZpTMiqqODqkH,76.002,audio_features,-7.424,1,0.0426,0.111,0.193,0.643,0.376,0.348,0.000335
45eHVUfCCQgcxSZ0EO1bZq,129.915,audio_features,-7.846,1,0.0314,0.105,0.597,0.671,0.671,0.407,0.0
2Wb9ejnmy27DUTUe9YF5Ew,108.81,audio_features,-12.024,1,0.0472,0.0482,0.78,0.739,0.576,0.122,0.00206
0FmCLEHfINGqwlyzvklNqy,153.067,audio_features,-5.909,1,0.181,0.0838,0.948,0.81,0.791,0.0893,0.0
4HswuCNDyzUiRFfb8DH5Ub,90.035,audio_features,-11.4,0,0.0987,0.0505,0.855,0.865,0.627,0.0993,0.0173
6ExIo2QuQcqkJKYRIfNtNE,126.058,audio_features,-9.72,1,0.0539,0.155,0.961,0.863,0.536,0.503,0.00311
6UZS3KgNc0NF13bbtQTzD6,104.907,audio_features,-8.367,0,0.378,0.0549,0.905,0.837,0.736,0.225,0.0
4TbNLKRLKlxZDlS0pu7Lsy,118.086,audio_features,-12.162,1,0.037,0.107,0.0981,0.25,0.136,0.673,0.000157
4kmIO0yPq92dXtKCL28RfC,73.023,audio_features,-4.077,0,0.194,0.344,0.528,0.586,0.927,0.00924,1.85e-06
0E29BKKGCJHcb7b9oIWgGB,166.166,audio_features,-5.368,1,0.0441,0.279,0.529,0.454,0.839,0.0746,0.0
4WM22pqXRZkcdrp7alhjsv,142.928,audio_features,-7.001,1,0.0955,0.0876,0.645,0.825,0.459,0.585,0.0792
2425UlXvkIkAEJAtAd8ROm,117.989,audio_features,-8.673,1,0.0303,0.1,0.205,0.594,0.457,0.612,0.0
1JfNuvdAIqI3ggkzXuBvPp,158.322,audio_features,-3.858,1,0.0853,0.207,0.562,0.456,0.95,0.00689,0.0149
0DW5anNzTO7h0OlKqFsVQ6,144.079,audio_features,-5.167,1,0.176,0.0784,0.91,0.844,0.846,0.00487,0.0
5VYbLzAplnqPaGNpcf8qhZ,150.007,audio_features,-3.692,1,0.193,0.0444,0.878,0.74,0.959,0.0629,0.0
7wjiMdiSgsL9Vkrwb10Num,102.004,audio_features,-8.616,1,0.028,0.34,0.467,0.61,0.698,0.284,3.63e-05
5dFaYG4WClIHhbHSe0m3FO,102.532,audio_features,-2.461,0,0.0918,0.0529,0.763,0.948,0.684,0.22,0.0
3XabgBQYC7H80agKcAq83Y,99.997,audio_features,-6.932,1,0.134,0.295,0.457,0.937,0.695,0.000577,3.19e-05
1d5UuboIPRMD4HaU3yycKC,162.065,audio_features,-3.754,1,0.0645,0.261,0.442,0.451,0.951,0.00038,2.39e-06
3lfmqF0ULXRHlWxBeaHo3t,131.952,audio_features,-3.045,1,0.0321,0.0596,0.962,0.704,0.809,0.0233,0.0
1yZFWn5IOy4spqLgJmMLmU,129.922,audio_features,-7.597,1,0.0347,0.173,0.492,0.781,0.484,0.713,0.00388
6Z77oDcn6iI1MHFCBPjl24,155.672,audio_features,-4.588,0,0.0617,0.107,0.16,0.364,0.861,0.00959,0.00449
4kVxStqN7DeoZje5aidAn3,95.377,audio_features,-2.461,1,0.272,0.106,0.791,0.865,0.752,0.39,7.96e-05
7ePFDzrnLt3Ynqgy2UFWri,104.413,audio_features,-9.568,1,0.0253,0.0414,0.964,0.727,0.588,0.058,5.46e-06
0EtzpDX05udzfLcGntGbGU,135.582,audio_features,-4.717,1,0.0718,0.164,0.181,0.328,0.868,0.000769,0.000584
4StypY6VnE9BqgqQ0ni1tg,71.912,audio_features,-26.242,0,0.0375,0.0997,0.648,0.254,0.15,0.983,0.882
1AjQE5MtP5jHQMyDepbvLI,199.958,audio_features,-6.197,1,0.362,0.0798,0.777,0.811,0.657,0.0391,0.712
0COWVvFfJ7sPNI8CIS6TU7,115.808,audio_features,-10.374,1,0.0314,0.109,0.721,0.751,0.546,0.35,0.0764
3HM4NePuYAqdXpAGBk7nNz,158.337,audio_features,-5.74,1,0.0747,0.189,0.59,0.463,0.925,0.0106,0.027
5RqdUkvsV4BOXpFd5zbXFt,95.041,audio_features,-8.0,0,0.0533,0.0736,0.914,0.847,0.663,0.526,0.00148
5rwq6R0Uq0BngM3rdmCeNg,90.186,audio_features,-11.43,1,0.0259,0.091,0.294,0.582,0.253,0.827,2.95e-05
5uexdMpm1BUShEKQEte4Gx,80.041,audio_features,-2.315,1,0.03,0.148,0.573,0.535,0.818,0.138,0.0
2itAOPLerxnnc8KXHMqPWu,102.497,audio_features,-9.658,1,0.116,0.05,0.821,0.837,0.548,0.0407,0.0
3pdHJCTk85ls2SGGXIJ7XH,104.069,audio_features,-1.438,1,0.0527,0.123,0.504,0.525,0.989,0.00244,0.0
4Vn7TykT27PIygBiZjTR2s,147.125,audio_features,-9.484,1,0.027,0.0575,0.609,0.579,0.508,0.00574,0.000494
2uxL6E8Yq0Psc1V9uBtC4F,135.095,audio_features,-3.554,1,0.131,0.0731,0.594,0.554,0.978,0.111,0.0
25IXknfqkMuACBD5jeRv60,79.785,audio_features,-8.276,1,0.0322,0.306,0.278,0.515,0.532,0.238,0.0
4H2TRR9FjnnIwxGnIt9stO,121.312,audio_features,-9.773,1,0.0283,0.0967,0.69,0.714,0.522,0.455,1.02e-05
0F02KChKwbcQ3tk4q1YxLH,137.13,audio_features,-7.295,1,0.0242,0.104,0.399,0.547,0.567,0.276,0.000548
7naGWci9bflvfdzxphFjAw,100.982,audio_features,-4.028,1,0.0702,0.539,0.494,0.543,0.968,0.0002,0.0
6ZKB999ZdaFVgrYWvxkl49,136.572,audio_features,-9.295,1,0.0514,0.124,0.867,0.676,0.448,0.79,0.0
6rkV9hz91Rr5iHnMRPZdEQ,94.957,audio_features,-5.566,1,0.198,0.83,0.35,0.613,0.94,0.00896,0.0
5N0lcnJTtKj4wNDvurHige,99.019,audio_features,-6.431,1,0.0498,0.0565,0.83,0.88,0.564,0.0786,0.0
66ace8nbTVjgHTed107cDn,96.243,audio_features,-5.067,1,0.0649,0.349,0.422,0.431,0.947,2.69e-05,0.794
241RmK77gecJ1y7jOoQ5lu,125.96,audio_features,-10.771,1,0.0403,0.0469,0.914,0.682,0.605,0.185,0.00326
5YyetAy34sgROhslaW3BZc,95.009,audio_features,-4.304,1,0.0361,0.0609,0.845,0.774,0.653,0.107,0.0
0svWUjefj6RBlIQxA3VCvx,170.028,audio_features,-6.404,1,0.0794,0.109,0.736,0.557,0.759,0.654,0.0
7eODmTZh5wkd032bW1xK4l,135.803,audio_features,-12.576,1,0.0291,0.108,0.363,0.64,0.324,0.811,0.0013
4LF1dMlOHe8VfmMut7YiIs,127.407,audio_features,-9.923,1,0.0311,0.179,0.196,0.44,0.446,0.388,0.586
46fyLy4W9HhAkcb67kLaAV,98.943,audio_features,-5.859,0,0.0938,0.31,0.14,0.204,0.898,0.00505,0.0107
5LaOePNL1J2kjhmj98xKif,125.194,audio_features,-1.401,1,0.036,0.234,0.648,0.752,0.728,0.498,0.0
7f7ChKewJr4Mjm8rDl53iP,200.003,audio_features,-7.369,0,0.0369,0.132,0.873,0.509,0.596,0.123,0.00415
0C71NJD4BhvPopTwI7a8KV,81.844,audio_features,-4.535,0,0.0967,0.327,0.223,0.239,0.941,2.3e-05,2.38e-06
1D33HYMtMhZ9KvBdgOHZEU,119.983,audio_features,-15.577,0,0.0489,0.101,0.924,0.858,0.236,0.53,0.0
11RUCSAgpexhJSMmcuO4h2,166.17,audio_features,-5.216,1,0.035,0.228,0.606,0.366,0.847,2.64e-05,0.0
4UC4H4vX3bJtcgtKR0ZCFJ,75.037,audio_features,-8.321,1,0.047,0.303,0.538,0.649,0.503,0.0939,0.0
635mzxhITS1xY3AVSLKgyD,117.148,audio_features,-4.296,1,0.0391,0.108,0.209,0.644,0.753,0.0279,0.00227
66KtKAAccVB258Aa7USGC8,147.026,audio_features,-8.171,1,0.158,0.284,0.587,0.738,0.541,0.515,0.0238
6KfMaLSdCCHy8DwjlMjxqu,116.117,audio_features,-1.683,0,0.0269,0.0697,0.495,0.637,0.794,0.129,0.0
2knKUI1k57Q8Ox12Cxj8Pc,90.479,audio_features,-6.473,0,0.0342,0.0811,0.951,0.698,0.832,0.0251,0.947
0uYVJ8z5kgMayMNPJA6Cz9,179.935,audio_features,-13.691,0,0.0338,0.0944,0.0838,0.45,0.357,0.268,0.519
4xkcGfpM9RwB4IiQ7yx2dB,149.582,audio_features,-5.498,0,0.0504,0.344,0.386,0.442,0.717,0.178,5.1e-05
5TS9LZZ3nf3W0EPZKZiYFX,134.98,audio_features,-7.391,1,0.0308,0.0978,0.698,0.704,0.674,0.175,0.0543
3fOc9x06lKJBhz435mInlH,185.252,audio_features,-2.642,0,0.0678,0.0953,0.498,0.249,0.949,0.00131,0.0228
06ZDLodo1UDVavc3MXREZ3,120.129,audio_features,-6.123,1,0.225,0.0535,0.523,0.67,0.616,0.573,0.0
5h4y42RUKwYKYWgutNwvKP,126.482,audio_features,-8.317,0,0.0323,0.108,0.716,0.614,0.677,0.0193,0.52
2T8hXV9LUZMDBKR5RALGEa,145.894,audio_features,-6.102,1,0.409,0.233,0.702,0.734,0.846,0.101,0.0
1IqVAU5yMBuOLZ3larlRkk,203.757,audio_features,-2.906,1,0.0442,0.142,0.674,0.423,0.732,0.315,0.0
5Rkbnhwkb6oiqq1HQcXirN,152.45,audio_features,-5.712,1,0.386,0.482,0.634,0.601,0.768,0.141,0.0
4nXKO951m6TdWQQbH1KJH3,93.983,audio_features,-8.316,1,0.0398,0.102,0.345,0.535,0.875,0.068,0.00441
1AzMYJm6qTAullM3UKuPY9,118.022,audio_features,-3.651,0,0.0718,0.527,0.767,0.758,0.8,0.00834,0.0
1NSjV4Ji9MKtUQDXHAH4k0,98.507,audio_features,-12.205,0,0.0341,0.116,0.583,0.555,0.568,0.364,0.00167
4sPJgy0CksvmXp9jC0W4gv,194.744,audio_features,-6.33,1,0.0783,0.212,0.357,0.388,0.8,0.0211,0.0
16x4zrgor3ewwEbPgSrTAB,107.745,audio_features,-6.32,0,0.0287,0.11,0.161,0.659,0.563,0.00431,0.0155
3kKb3U3a8jmUJQB9ypE1Jl,91.336,audio_features,-4.647,1,0.0291,0.0541,0.641,0.406,0.72,0.354,0.795
2LxAeJ9KUj1GRS9oeHgQ3i,98.073,audio_features,-6.625,1,0.0362,0.136,0.907,0.777,0.852,0.303,0.657
5P2hEcHjoNMh33EsFPPOJE,87.989,audio_features,-5.021,1,0.0315,0.134,0.427,0.645,0.732,0.0198,7.98e-05
0J1Wfjo9H3R62yaCuuNDZX,78.21,audio_features,-3.799,1,0.0615,0.275,0.776,0.552,0.802,0.215,0.0
422qOiUJZCd7SaEyoPAEnQ,90.974,audio_features,-5.771,0,0.105,0.0837,0.771,0.85,0.834,0.205,0.174
1KcmugpUozu6Llj3p5Qboa,170.346,audio_features,-6.172,1,0.08,0.19,0.46,0.317,0.963,0.000168,0.0
3LDkLpuxQlEuEiZmkxpr8S,120.028,audio_features,-10.101,0,0.0303,0.388,0.746,0.707,0.556,0.19,0.0159
1J02p0AlYptTfos2M3hLW6,128.416,audio_features,-6.094,1,0.0302,0.201,0.299,0.477,0.553,0.213,1.31e-06
5C5TS7hQesbPAcWjX8av8z,99.969,audio_features,-4.344,1,0.0374,0.163,0.578,0.537,0.913,0.00158,0.0
5nb0BEZqsmQYseSPJ932K8,144.007,audio_features,-5.174,1,0.0537,0.0854,0.528,0.859,0.663,0.0958,0.00374
0q3lwFiwQYQynThTulLKGN,91.934,audio_features,-3.832,1,0.0324,0.252,0.472,0.8,0.663,0.048,0.0
1r3cH3Y1QGe8VseL8GEvn2,91.984,audio_features,-0.839,1,0.205,0.306,0.627,0.786,0.9,0.0262,0.0235
7D8gRgQ161fqXNOkcanJfa,94.006,audio_features,-7.694,0,0.357,0.0299,0.824,0.652,0.63,0.104,0.0
0nCAVzknkzRXRgB6LhRv04,146.469,audio_features,-3.97,1,0.0515,0.216,0.953,0.598,0.911,0.222,3.84e-06
3rvM0obwHthpskrZKQxYLa,83.596,audio_features,-5.745,1,0.191,0.211,0.428,0.699,0.696,0.103,0.0
1e1krgHCTUGDhhIgsRVHJ0,93.987,audio_features,-6.501,1,0.0392,0.133,0.289,0.55,0.913,0.0556,0.00094
69Zl2MdeQE8twZdiMXJXxZ,79.524,audio_features,-4.745,0,0.0383,0.445,0.493,0.487,0.807,0.00391,0.0
1BU4ky3CgfqdYmSBfJeV9j,106.909,audio_features,-2.272,1,0.0876,0.111,0.374,0.57,0.99,0.00024,0.000379
6atVS7UZBxoyJkkteM62u5,94.699,audio_features,-3.552,1,0.0384,0.177,0.491,0.665,0.713,0.173,0.0315
15PxHZffHMndHQjmzYuGUv,96.017,audio_features,-8.149,0,0.0544,0.113,0.238,0.842,0.681,0.0115,2.65e-06
1iD0a0plhO55cWEJa5UGcZ,93.126,audio_features,-3.546,1,0.0305,0.0367,0.937,0.719,0.815,0.16,0.0
1Q1yISpMwHLn4SMo6VJVaa,153.712,audio_features,-6.655,1,0.127,0.0717,0.77,0.597,0.695,0.175,0.0
4kvdX9zzsix7jYHsRVkVUH,145.184,audio_features,-3.918,1,0.0311,0.115,0.16,0.414,0.572,0.163,0.0
75pAfYEpRXZf7GVORGhOgz,94.439,audio_features,-8.217,1,0.0457,0.53,0.428,0.669,0.61,0.119,2.75e-05
7mS8RbJji2UZAaguRGsOCH,120.046,audio_features,-6.635,0,0.089,0.213,0.85,0.804,0.836,0.32,0.0
7IHEJdJhju1F2rhIiwgawx,125.903,audio_features,-25.262,1,0.0548,0.109,0.0779,0.382,0.0499,0.994,0.906
5tyznRXlcIx0XlQ7S8iCMW,79.003,audio_features,-8.596,1,0.0354,0.077,0.739,0.692,0.512,0.208,0.000994
2G8tfTExxzpRKssKzKwDYV,88.012,audio_features,-4.201,0,0.0489,0.348,0.548,0.592,0.885,0.047,0.000134
7vFpaAMjGGFTP0BhYrtE9c,87.974,audio_features,-6.193,1,0.0236,0.213,0.878,0.714,0.696,0.0762,0.0
29CXyxlvSPr0DXDQmoxz8d,182.453,audio_features,-6.402,1,0.0471,0.0929,0.706,0.558,0.647,0.385,1.23e-06
1ZlVEstPFrKs3alKIejN6I,166.122,audio_features,-2.762,0,0.406,0.165,0.629,0.545,0.796,0.0467,0.000287
28mv40MzspRZn0PBcO2itT,110.64,audio_features,-2.408,1,0.325,0.183,0.775,0.573,0.906,0.229,0.0
4B2lJinAkeNLSJjcq3dg8Q,133.113,audio_features,-13.569,1,0.0324,0.341,0.0743,0.342,0.2,0.134,0.000153
1pXvZZ7Ubwt4rpDt3JEHdY,92.983,audio_features,-8.094,0,0.512,0.34,0.873,0.623,0.633,0.133,0.0
3kQDykkw9HVowlm3HxTcuR,109.748,audio_features,-11.128,1,0.0254,0.357,0.28,0.566,0.479,0.229,0.00388
7vx8NbpVY2rD14jrrXw20t,95.205,audio_features,-4.535,0,0.341,0.09,0.952,0.79,0.632,0.418,0.0
7vd1j4IDTU0koES9M8dvBQ,132.691,audio_features,-22.616,1,0.0423,0.117,0.182,0.56,0.0519,0.99,0.905
7tDbbfzB1d52lWP8rq8zRZ,105.048,audio_features,-5.042,1,0.349,0.118,0.67,0.484,0.847,0.0373,0.0
1RtnIF8uRwTLxmcR87V6Wo,177.9,audio_features,-5.282,1,0.0297,0.0696,0.565,0.373,0.737,9.4e-06,0.0
4ORgqa0GOafXbApy6S8FpJ,95.999,audio_features,-5.012,1,0.0477,0.176,0.354,0.479,0.954,4.79e-05,0.111
06hDJt1VHCJbIAjEsOxziU,106.203,audio_features,-7.853,1,0.0597,0.034,0.981,0.843,0.512,0.581,3.47e-06
1jz8TlrPZR6oXROieCoc2v,89.229,audio_features,-12.834,1,0.0293,0.11,0.343,0.546,0.307,0.905,0.000939
6O8Fqxnk5OlOivJHklfkPZ,199.972,audio_features,-3.723,1,0.295,0.174,0.451,0.502,0.831,0.105,1.3e-06
23NPGXlSaIqWzvxIRhM2oG,84.275,audio_features,-8.046,1,0.0457,0.136,0.513,0.554,0.49,0.0168,0.000534
7pNJ1T9TGbVbNHKaLhhPri,94.487,audio_features,-4.583,1,0.108,0.215,0.605,0.553,0.756,0.0923,0.0
75z2YLg5Lkqf6qL9XOY8tV,174.984,audio_features,-8.125,1,0.0471,0.0703,0.198,0.653,0.818,0.00907,0.225
0bKZa2zldftYPRrSRscmG2,184.042,audio_features,-4.719,1,0.175,0.0718,0.372,0.245,0.96,0.000184,0.00268
2KPMRUOwr8yB32EMvIg8aT,83.725,audio_features,-11.662,1,0.0405,0.256,0.556,0.43,0.497,0.0858,0.0
1n7omixiROWs5q6xpWiQuL,130.017,audio_features,-3.626,1,0.104,0.0745,0.339,0.793,0.698,0.163,0.145
2xgvuJvwjnaJHFHb66E3nq,97.502,audio_features,-4.393,1,0.078,0.0921,0.236,0.224,0.967,8.18e-05,0.769
4dygMGhvfENVhwRXmAscbl,167.134,audio_features,-5.104,1,0.0513,0.37,0.345,0.28,0.779,0.0435,0.0
2KuGuEVhHoQ0F1PVupQovc,102.098,audio_features,-4.403,1,0.0405,0.0578,0.593,0.494,0.947,0.00119,9.46e-06
3jdh7YQBCxykbhL7z0Ehu5,165.964,audio_features,-2.76,0,0.414,0.331,0.631,0.531,0.799,0.0459,0.000172
25rVj3vBLwE6Fo8C8NFSwb,197.685,audio_features,-6.121,1,0.0399,0.103,0.143,0.26,0.484,0.526,0.0
0YvKdz58OcwgYdS67NJkkU,158.614,audio_features,-12.028,1,0.143,0.0911,0.769,0.457,0.518,0.252,0.0
3Gamc2D6VSlXpUcmhPUFYt,132.868,audio_features,-6.458,1,0.124,0.287,0.708,0.835,0.678,0.227,6.44e-06
6mfkHv00I6jhHIn7EWHJ2N,108.003,audio_features,-2.86,1,0.0452,0.134,0.779,0.635,0.937,0.0741,7.29e-05
3PYdxIDuBIuJSDGwfptFx4,149.788,audio_features,-7.877,1,0.0306,0.0868,0.0704,0.367,0.34,0.755,1.56e-05
4J6Pi4WQR0XWASiuiFtQTl,167.562,audio_features,-9.415,0,0.0467,0.105,0.709,0.556,0.645,0.119,1.2e-05
0qrGSKtrEj7PJAGVBFE9vG,135.56,audio_features,-2.705,1,0.05,0.244,0.848,0.572,0.933,0.00825,0.0
6lvNLD1XRU5paMwWH0RGRI,131.983,audio_features,-10.41,1,0.0313,0.079,0.31,0.679,0.409,0.0695,0.265
2EFHXO4zJRitZLpE1ztsWO,101.934,audio_features,-6.91,0,0.0497,0.147,0.661,0.771,0.649,0.296,0.000238
05VHidqx1tV6V7MsCdAIby,171.4,audio_features,-2.263,0,0.43,0.0739,0.839,0.551,0.927,0.0508,0.0
7N2DblLu8DuZ0seGYSg73v,127.915,audio_features,-5.904,0,0.0456,0.41,0.682,0.661,0.874,0.0168,0.0
4Ppy0KysTPcXyzyP5JiJDx,130.086,audio_features,-4.008,1,0.0806,0.245,0.488,0.548,0.954,5.49e-05,0.000137
6TL9gJE5JibG8QR6n26eCS,123.717,audio_features,-12.621,1,0.0331,0.112,0.158,0.312,0.276,0.865,0.000433
4sYn64V9gqP6bpkOGw5B9k,115.069,audio_features,-16.421,1,0.0295,0.0631,0.134,0.278,0.472,0.105,0.874
5Mcvgt2GbxxCp6cz3Kfjey,90.042,audio_features,-3.955,0,0.355,0.0883,0.847,0.906,0.663,0.325,0.0
2CaxgnHBHuiOYIGIyvMbCl,123.044,audio_features,-5.272,1,0.0499,0.335,0.61,0.65,0.845,0.014,0.0
4AooK5Hh8OZkZ1XjvVGuTY,128.133,audio_features,-7.437,1,0.0364,0.106,0.968,0.72,0.512,0.886,0.0292
1YZBMqN8kHaaRPXpQTC3kb,83.701,audio_features,-3.103,0,0.0337,0.0757,0.509,0.606,0.699,0.343,1.89e-06
0KxU9wjCedUxSGdjuFdBDu,112.989,audio_features,-3.956,1,0.266,0.248,0.582,0.805,0.717,0.0669,0.0
3vhJw6V39Gh1PpEMHjiMFO,139.191,audio_features,-10.39,1,0.0318,0.129,0.74,0.575,0.67,0.343,4.95e-06
423FiDerFgzeEcqKEOmZ81,98.045,audio_features,-3.931,1,0.0826,0.341,0.624,0.48,0.929,0.00163,0.0
600s08VdbjiyAjDGDjYSFI,170.748,audio_features,-5.053,1,0.0509,0.238,0.484,0.214,0.947,0.000553,0.00322
0ZD5LFsk2PMHicGH8MWRN8,186.632,audio_features,-5.035,1,0.127,0.617,0.662,0.325,0.974,0.00445,1.55e-06
09QuitJuAP87RoBSpiCXPs,128.064,audio_features,-6.099,0,0.0284,0.121,0.383,0.556,0.689,0.00173,0.536
2v2tACRdYHWFMuUIvSI4fL,113.406,audio_features,-5.303,0,0.0325,0.108,0.26,0.527,0.763,0.0004,4.52e-06
5TxY7O9lFJJrd22FmboAXe,173.182,audio_features,-4.926,1,0.0876,0.106,0.484,0.401,0.981,0.00842,3.23e-05
2LehHKubfBGPGza3pk3uIj,133.661,audio_features,-7.119,1,0.169,0.088,0.493,0.831,0.467,0.0769,2.26e-05
1mVTQSGoFchL3VVrIa0MeH,176.002,audio_features,-6.6,1,0.116,0.037,0.763,0.686,0.855,0.0252,0.0
3P8zrkBArAfdjFJxPtZRUO,113.839,audio_features,-4.22,1,0.106,0.404,0.539,0.63,0.946,0.000383,0.0
5j7gLuOsBOyqooruGxX4nx,90.038,audio_features,-5.544,0,0.0335,0.0981,0.399,0.476,0.796,0.0147,2.85e-05
3EG65y2LtxWjfydabHdItb,119.518,audio_features,-8.344,1,0.0369,0.0693,0.931,0.859,0.782,0.154,0.0297
2ouqll9zsD2cjcGUfgtInW,130.008,audio_features,-4.894,1,0.0588,0.143,0.244,0.379,0.919,5.02e-06,0.717
5z46NBsndcpz5sdywfdqul,88.559,audio_features,-12.85,1,0.183,0.122,0.544,0.713,0.228,0.777,0.0
45IOnEpVUdxWUZFqpZ7Xvz,94.987,audio_features,-3.804,1,0.0687,0.0199,0.813,0.845,0.906,0.188,0.0512
4QVD4vVkYveZuO0xkyi6AX,169.024,audio_features,-3.308,1,0.0916,0.4,0.514,0.401,0.988,0.00492,0.0
2AsTgVcWojYwQAvzgacYWy,93.022,audio_features,-3.893,1,0.0475,0.304,0.274,0.546,0.864,5.9e-05,0.00224
0FXSU5PXzvKl3CpA5h3Hqx,186.728,audio_features,-3.233,0,0.148,0.0992,0.245,0.234,0.98,0.000266,0.00746
7rFhh71IiBfOCM4EhMwuEb,89.012,audio_features,-5.971,0,0.0307,0.104,0.599,0.497,0.82,0.00146,0.0014
7eX5SypK35V8Y9d9pS6rWy,97.44,audio_features,-4.816,1,0.0321,0.0999,0.403,0.472,0.746,0.00581,0.663
5BqW7B2eS98AlUAwW7EFLp,108.845,audio_features,-5.524,1,0.0349,0.215,0.433,0.547,0.741,0.0579,5.49e-05
35gFlKdC4Pmo88Go1cVrae,96.456,audio_features,-12.536,0,0.0312,0.0985,0.0868,0.368,0.361,0.576,0.959
1SZCsIFSRXG2m6J6GFqv4g,95.429,audio_features,-11.98,1,0.0346,0.354,0.966,0.67,0.649,0.406,0.0
4pmiIC65ustS2XeeJwQvAU,85.603,audio_features,-3.011,1,0.245,0.0721,0.713,0.719,0.791,0.0486,0.0
6AtUmPuWWUl0hfs6V8dsa6,164.545,audio_features,-5.731,1,0.0597,0.214,0.61,0.546,0.473,0.177,0.0
3vucm39uVyuvpUWW8EFXD8,177.854,audio_features,-8.186,1,0.0329,0.117,0.265,0.402,0.5,0.079,0.0
6SVMJlw8NLnfuPw0PSlrQR,76.549,audio_features,-5.456,1,0.102,0.0976,0.883,0.654,0.774,0.169,2.74e-06
39bzKYAYfHRtK32nEnQilM,66.46,audio_features,-37.501,1,0.0517,0.105,0.268,0.523,0.00743,0.996,0.901
03VzAAMs5PrLM42XR7ijuc,112.936,audio_features,-3.965,1,0.0324,0.484,0.531,0.54,0.923,0.000347,0.00614
3b6uenXXbpCRxXyzFzWi3J,164.008,audio_features,-3.622,0,0.0737,0.0469,0.903,0.561,0.774,0.000369,2.36e-06
6eYUbXmncekAKMYZcsSkyD,166.078,audio_features,-4.438,1,0.0633,0.126,0.367,0.218,0.93,4.15e-05,0.0
2hzKxuc2LwqMnkoVRMkV0B,90.025,audio_features,-3.629,0,0.252,0.0865,0.591,0.779,0.51,0.262,0.0
5kDkWHFx0AEvJ1Pfm2i0ac,188.892,audio_features,-4.931,0,0.318,0.158,0.293,0.569,0.894,0.00715,0.0
6QdVBqkKNUqCqercvUHMkP,95.739,audio_features,-1.439,0,0.402,0.0656,0.553,0.675,0.779,0.161,0.0
4VtbQx2koGlw8Ple6O2IZH,119.706,audio_features,-9.046,1,0.027,0.331,0.575,0.747,0.572,0.102,0.267
6tgTTBaIf0tO6lvDhoXfMg,177.88,audio_features,-8.231,0,0.0746,0.247,0.317,0.413,0.784,0.0105,0.0473
5rAQFM8C2Xbam1MtfiwJsj,97.005,audio_features,-4.931,0,0.214,0.0483,0.786,0.907,0.823,0.13,0.0
1m14pmtptcjM7mdWyJyAoc,108.52,audio_features,-2.93,0,0.354,0.131,0.416,0.653,0.826,0.0153,0.00146
5tryzDT3iMMcONq3YHWgC9,131.948,audio_features,-4.282,1,0.15,0.369,0.0654,0.427,0.965,0.00404,0.00472
3xJK8ywApYVEYIDhymYMC6,91.864,audio_features,-13.016,1,0.0329,0.228,0.442,0.631,0.233,0.841,3.24e-06
0bWtmYrWat7IWlpx3rmuwc,129.004,audio_features,-5.746,1,0.0376,0.145,0.538,0.702,0.68,0.288,0.000414
2x5qF66rFO6DERBMNkQAqn,89.841,audio_features,-3.785,1,0.0957,0.189,0.649,0.58,0.922,0.0917,0.0
7snmvZMLdGGk3l9PcvoYSM,80.958,audio_features,-9.971,1,0.0378,0.072,0.231,0.739,0.341,0.525,1.1e-06
6RGV97HIkgZJjme2dzilfg,130.09,audio_features,-4.543,0,0.0369,0.333,0.37,0.412,0.839,0.00258,7.1e-06
2duTXvjuguZsBnAp6mtOr2,90.024,audio_features,-4.563,0,0.0487,0.215,0.594,0.536,0.917,5.6e-05,0.00145
3iRMZq3iIaIBW5bH4VgWtM,93.001,audio_features,-7.204,0,0.124,0.0974,0.823,0.858,0.741,0.0196,2.04e-05
5khPZny1Hf4w1XyHrZ6T0n,165.799,audio_features,-13.738,1,0.137,0.138,0.726,0.425,0.399,0.635,2.38e-05
37sSud1ZrTpwXPGJP0dbXI,119.156,audio_features,-3.081,0,0.0395,0.242,0.613,0.524,0.946,0.00163,0.0
0O2SYh5AZ0y8MAPOVC4Mxz,77.406,audio_features,-7.21,1,0.164,0.102,0.612,0.506,0.655,0.0278,0.173
7JNRbAGTrJVjx88GvHBaUP,137.966,audio_features,-6.86,1,0.0347,0.209,0.648,0.814,0.696,0.572,0.000535
1iC61Hz52gDokQ8e4UBkwM,165.246,audio_features,-8.337,0,0.105,0.0596,0.798,0.475,0.59,0.226,0.0
1zSzJAosfqJugLx7mZl5xt,177.429,audio_features,-9.142,1,0.0418,0.0932,0.244,0.427,0.393,0.832,1.54e-06
388kF2viiv8i9aEWIThyGT,105.017,audio_features,-4.819,0,0.034,0.131,0.279,0.545,0.861,0.0624,0.0
4MrXuZ2T6CMD0V5VURGBwx,113.303,audio_features,-22.794,1,0.0393,0.167,0.037,0.197,0.0898,0.928,0.983
19fYhk0wzXqUOoBqkPsYCP,102.953,audio_features,-3.6,1,0.109,0.0713,0.388,0.564,0.932,0.000705,0.000376
4b5aJdOgxps6z0dPe6wCHF,91.906,audio_features,-8.358,0,0.0298,0.0488,0.631,0.726,0.568,0.179,0.0
1NFx98oMb54Tx4Ax6LcYoo,146.19,audio_features,-4.538,0,0.0314,0.155,0.684,0.738,0.787,0.426,0.0
3KDCYRQl4O681lkYI2sCqE,100.175,audio_features,-6.339,0,0.241,0.597,0.941,0.865,0.876,0.106,1.1e-06
0jkCFkoSMYsElFZTbTb38r,83.056,audio_features,-7.053,1,0.0257,0.301,0.292,0.438,0.47,0.253,1.07e-06
12eefUObewFbvXYQ3bN7E4,105.558,audio_features,-15.098,0,0.0369,0.102,0.818,0.617,0.308,0.827,0.0
3k6L0H08zSY5yRDgqI8fqx,98.162,audio_features,-1.531,0,0.0931,0.249,0.209,0.369,0.996,3.83e-05,0.14
1TojBnaen0BzIoZfVccGng,117.242,audio_features,-6.627,1,0.0751,0.0575,0.8,0.771,0.392,0.706,0.0
3ku4ScVEkZvurrcjmMrOAL,103.074,audio_features,-6.454,1,0.0926,0.228,0.667,0.876,0.487,0.102,0.0
3oHNAil3RvYNz58fogLJvp,100.521,audio_features,-4.268,1,0.0497,0.107,0.607,0.662,0.805,0.135,0.0
2HmZgUErlcBwlOjS5hMuQu,197.358,audio_features,-6.166,1,0.0337,0.149,0.467,0.303,0.69,0.179,0.00012
25pWemriUQVrZ3yIiS2IBf,123.987,audio_features,-9.126,1,0.0335,0.104,0.203,0.6,0.468,0.865,3.13e-06
0xn9WsyWhNbfI82Ipnpwqa,155.031,audio_features,-8.418,1,0.0319,0.12,0.155,0.606,0.555,0.0798,0.0712
4ffoKyYY6ElVpxUpE48jOc,129.976,audio_features,-5.735,0,0.0262,0.0952,0.864,0.626,0.791,0.527,4.04e-05
31nItlXwgCCFpttS50Rbxf,176.463,audio_features,-12.307,1,0.0423,0.108,0.167,0.341,0.234,0.703,0.000674
4yjz1aazw6R8ZURpGbCAkp,70.843,audio_features,-5.897,1,0.0328,0.155,0.609,0.482,0.569,0.617,0.0
3KnLtTv6KSxTCpIlH4GPzJ,174.95,audio_features,-8.026,1,0.4,0.0779,0.434,0.467,0.57,0.415,0.0
6vV1NDCjh2afFgQ9Vb7i86,94.295,audio_features,-3.688,0,0.0666,0.519,0.814,0.73,0.88,0.136,0.13
5v1SuYGd6VFMGu8nVHzajO,91.845,audio_features,-9.245,0,0.104,0.186,0.524,0.744,0.548,0.191,0.0232
6JGQ98So2ik5GVI9ydQ2Yh,76.071,audio_features,-5.439,0,0.0343,0.142,0.554,0.507,0.752,0.251,2.1e-05
5519RhpzObr9Mn3iqoeodJ,105.543,audio_features,-6.126,0,0.0535,0.0764,0.853,0.674,0.785,0.127,7.9e-05
4dqEzdFAYkj1rjYLVDuTlN,204.016,audio_features,-9.828,1,0.0347,0.0725,0.716,0.595,0.473,0.702,0.0
5WuVWOngcRkMOx9RRLCvui,102.996,audio_features,-2.528,1,0.0314,0.0322,0.635,0.776,0.693,0.0234,0.00177
76pllrWpfiCoLGhijQBYhO,89.787,audio_features,-15.478,1,0.0893,0.529,0.56,0.421,0.257,0.842,1.07e-06
3OHevW2cUT176DXWV0lHg9,69.27,audio_features,-7.134,1,0.0303,0.235,0.364,0.423,0.675,0.265,4.21e-06
4M4oSbEjB8Z94039uyjXuO,116.284,audio_features,-6.193,0,0.037,0.0837,0.931,0.837,0.607,0.26,3.08e-06
7q6CybWAg3uYLgS5tDWqmd,150.053,audio_features,-5.472,0,0.031,0.205,0.278,0.399,0.747,0.00681,0.00327
4i4P1ACAeWcyJTxQSd0prx,84.067,audio_features,-9.617,0,0.406,0.15,0.587,0.758,0.531,0.377,0.0
7tFsUfrmyBvLdvIByreecz,111.914,audio_features,-10.952,0,0.0315,0.0977,0.0536,0.371,0.295,0.797,0.552
2WX6hfQa4BqbPTS0o4aSDV,110.963,audio_features,-7.858,0,0.0399,0.0972,0.473,0.737,0.59,0.525,1.05e-06
5B7XIcS5T76NJZFOHX30Io,179.566,audio_features,-5.324,1,0.046,0.0876,0.717,0.484,0.827,0.0039,0.00143
0xDxS2g775ttrfrwDQl9f8,86.055,audio_features,-8.855,1,0.219,0.0708,0.526,0.673,0.607,0.019,0.0
1eRyWRvO3RE6AlKhvYhTuX,109.939,audio_features,-3.301,1,0.332,0.209,0.778,0.568,0.894,0.152,0.0
1fqk8hFHIDQo99J6NYa1Lw,80.909,audio_features,-6.294,1,0.0347,0.267,0.223,0.332,0.492,0.656,0.0
6De63WRULDaa1fxOyLilnv,127.132,audio_features,-6.934,0,0.0547,0.173,0.617,0.622,0.573,0.26,0.0
3EjmNhVqZ4FjK8ZyVKWKM6,89.017,audio_features,-2.388,1,0.17,0.0743,0.227,0.784,0.633,0.262,5.82e-06
5FNDpQSkgFiRdUKGfagIRJ,91.453,audio_features,-4.679,0,0.0392,0.0615,0.855,0.884,0.51,0.0436,0.000333
67w1cb9ESAnCGJkC9hW2nO,129.505,audio_features,-5.109,0,0.0492,0.218,0.101,0.4,0.719,0.000451,0.00581
6FvtSHS3hzjS8itHJPRzoJ,77.882,audio_features,-6.477,0,0.0379,0.185,0.729,0.527,0.735,0.0484,2.3e-05
3jkqQLeZGbRNr0xsYQWwzE,103.759,audio_features,-8.949,1,0.0466,0.144,0.827,0.785,0.616,0.225,3.8e-05
6GVryHJpjnrnrsTggoNTpe,166.17,audio_features,-5.216,1,0.035,0.228,0.606,0.366,0.847,2.64e-05,0.0
2EAXWHqQhNxgJbg1ZnOXZ3,162.08,audio_features,-5.468,0,0.0382,0.0881,0.658,0.716,0.663,0.291,0.0
4YGlRLe6TeBRiXFByBqldf,109.995,audio_features,-10.486,1,0.028,0.251,0.452,0.642,0.483,0.549,0.000282
5u5MpBnvJejW9dHPrfWEXZ,110.011,audio_features,-6.93,1,0.0356,0.0357,0.824,0.801,0.645,0.046,0.0
0aYUqsvZG7bAslrUkd9Z0g,139.969,audio_features,-11.428,0,0.031,0.342,0.0699,0.416,0.178,0.912,0.000138
2l4ymyCvSNxvxL2BI9iU0Y,132.491,audio_features,-8.823,1,0.106,0.169,0.887,0.698,0.633,0.184,0.0
2eTJ14pjbaVBmXKohkTihY,87.753,audio_features,-6.809,0,0.322,0.0865,0.578,0.482,0.638,0.351,0.0
3rQfYDjgpRy5LFlClpPQW9,176.625,audio_features,-6.981,1,0.061,0.219,0.755,0.392,0.886,5.83e-05,0.274
5rpRzNcJZqKQXk9PIjreB6,91.078,audio_features,-8.607,0,0.0264,0.105,0.149,0.544,0.378,0.719,0.00035
1Ddvwz6qq8WOVn5cNcg2t0,157.979,audio_features,-4.888,1,0.0326,0.219,0.801,0.657,0.604,0.291,0.0
6ubNZ5edKBKH3MQKatUY3S,99.059,audio_features,-10.668,1,0.099,0.367,0.764,0.683,0.657,0.0279,4.49e-05
094MWdspdy9amhOi8TFlIN,94.198,audio_features,-3.075,1,0.155,0.131,0.572,0.812,0.794,0.163,0.0
6SXy02aTZU3ysoGUixYCz0,80.897,audio_features,-6.769,0,0.0361,0.334,0.571,0.495,0.653,0.217,0.000458
3bcVBvY42MlPQlerUfWPYA,100.801,audio_features,-7.777,1,0.0676,0.415,0.359,0.496,0.975,0.0034,0.0264
6RIxa9MZvemFe89YAZGD2J,138.091,audio_features,-3.485,1,0.0245,0.142,0.357,0.613,0.713,0.114,3.66e-05
3ORQsL0g4APGsXoqD5tkpm,132.138,audio_features,-8.484,0,0.0561,0.111,0.802,0.818,0.533,0.598,4.4e-06
0PD211kSLtAZ76OSHtMOnJ,121.316,audio_features,-4.997,1,0.0283,0.0673,0.214,0.57,0.664,0.0328,0.0
1GzNGrxi4NIOKu0Z4npUss,98.907,audio_features,-1.149,0,0.259,0.973,0.525,0.382,0.92,0.285,0.00125
1jypmXUJgxWKWJZdDsJiXQ,112.85,audio_features,-4.849,1,0.0478,0.104,0.564,0.49,0.843,0.0706,0.0
0EQuu6hyNACWI7LT7N5pRv,122.019,audio_features,-5.164,1,0.0308,0.275,0.826,0.753,0.516,0.191,0.0
6njG8EYG1lrROn8P6q46eq,94.997,audio_features,-7.058,0,0.301,0.283,0.914,0.927,0.596,0.0979,0.0
52tjHPPO2jw6YOrL4pZepe,79.785,audio_features,-3.601,0,0.0463,0.0945,0.547,0.598,0.786,0.0875,0.0
3ssz1vdHcaHn6fVtzjP1YD,162.02,audio_features,-3.985,1,0.136,0.355,0.735,0.679,0.768,0.227,0.0
1h4qhOmbd7eQLeMNOg8nWQ,95.028,audio_features,-2.597,0,0.0904,0.101,0.453,0.466,0.965,0.042,0.0
7nFlzPTW9WGNJ2y9t3Tfvw,87.3,audio_features,-1.792,1,0.269,0.0769,0.562,0.663,0.911,0.0273,0.0
7vUdpsAP66ZPZxuJJbVzVo,198.585,audio_features,-6.916,1,0.311,0.346,0.853,0.544,0.66,0.553,1.89e-06
33Z5OxL78B6gGbq1GWIfb5,122.139,audio_features,-6.197,1,0.0388,0.0906,0.975,0.822,0.529,0.301,0.0
0ZSmRnXnP5fdANtVlCok1g,73.396,audio_features,-6.846,1,0.0261,0.146,0.305,0.398,0.547,0.414,0.00143
0NpvdCO506uO58D4AbKzki,117.562,audio_features,-8.062,1,0.0441,0.113,0.734,0.703,0.478,0.626,0.0
4wDSLkTUIpRsn3UbCzW9wV,114.165,audio_features,-9.676,1,0.0606,0.26,0.76,0.746,0.852,0.0146,3.02e-05
6hquFLJjoBbLhriXnswk11,184.147,audio_features,-5.683,1,0.188,0.036,0.966,0.555,0.481,0.637,2.06e-05
0dPTfwViW7WzceWd3NoYk1,94.446,audio_features,-6.251,0,0.0365,0.0795,0.675,0.5,0.871,0.71,9.67e-06
0Gh6QG4Z1pSvIo7btP1Ux4,94.995,audio_features,-5.348,1,0.0665,0.636,0.929,0.792,0.712,0.0156,1.23e-06
4i2WUspbfNZCnhkypoFKrM,156.05,audio_features,-5.626,1,0.0415,0.151,0.395,0.51,0.818,0.000722,0.000659
2aUuMeSbt2aEv94MdG2BYS,176.201,audio_features,-5.862,0,0.0491,0.105,0.452,0.353,0.774,0.00135,0.000199
6WrOZ59ScdQXE24zcYNyyA,118.045,audio_features,-5.174,0,0.0288,0.189,0.0473,0.505,0.687,0.0146,0.0218
3dX0c7tK7bnaUMhZlr6sIC,92.646,audio_features,-1.272,1,0.0973,0.735,0.555,0.341,0.902,0.135,0.0499
7CIzpZaeeNCtJDi1nqEDXb,164.185,audio_features,-6.504,0,0.0379,0.0995,0.181,0.317,0.804,8.08e-05,0.109
4qRdQm8EzQlkx7WmTKpI4R,81.912,audio_features,-2.789,0,0.558,0.346,0.68,0.519,0.968,0.26,0.0
3deUegCTzY5SH15lFlTbUP,90.059,audio_features,-2.776,0,0.347,0.0749,0.805,0.902,0.72,0.26,0.0
6f9wNWLVMRX9QbsStbaI4Q,128.15,audio_features,-4.796,1,0.0359,0.28,0.816,0.754,0.575,0.385,0.0
5U3i59kbTLrxo46TU1FRnF,97.586,audio_features,-5.439,1,0.166,0.0971,0.82,0.8,0.802,0.23,0.00379
5OU9pkK0wkHJMCOBVYafye,100.534,audio_features,-5.084,1,0.035,0.194,0.656,0.533,0.9,0.00185,9.65e-05
1nhYiZeuJI3jEabbxKhjfH,113.034,audio_features,-5.387,0,0.0478,0.224,0.526,0.571,0.93,0.00117,0.000235
