song_id,song_name,song_duration,song_popularity,artist_id,album_id
3dPQuX8Gs42Y7b454ybpMR,Seven Nation Army,232106,87,4F84IBURUo98rz4r61KF70,6D9urpsOWWKtYvF6PaorGE
0COqiPhxzoWICwFCS4eZcp,Bring Me To Life,235893,87,5nGIFgo0shDenQYSE0Sn7c,02w1xMzzdF2OJxTeh1basm
2PpruBYCo4H7WOBJ7Q2EwM,Hey Ya!,235213,85,1G9G7WwrXka3Z1r7aIDjI7,1UsmQ3bpJTyK6ygoOOjG1r
2nLtzopw4rPReszdYBJU6h,Numb,185586,88,6XyY86QOPPrYVGvF9ch6wz,4Gfnly5CzMJQqkUFfoHaP3
4RY96Asd9IefaL3X4LOLZ8,In Da Club,193466,77,3q7HBObVc0L8jNeTe5Gofh,4ycNE7y1rp5215g1kkqk1P
5IVuqXILoxVWvWEPm82Jxr,Crazy In Love (feat. Jay-Z),236133,81,6vWDO969PvNqNYHIOW5v0m,6oxVabMIqCMJRYN1GqR3Vf
6I9VzXrHxO9rA9A5euc8Ak,Toxic,198800,85,26dSoYclwsYLMAKD3tpOr4,0z7pVBGOD7HCIB7S8eLkLI
69Ej1xrGjOcHvIMtMKxK0G,Dile,204600,85,33ScadVnbm2X8kkUqOkC6Z,4vOvr0tdZWoIGjnHe9jLqz
1oTo3ijRbaDAtrjJrGAPSw,I Miss You,227240,76,6FBDaR13swtiWwGhX1WQsP,6DMUAqxiFfLdqXv0vqcrQA
23oxJmDc1V9uLUSmN2LIvx,Ocean Avenue,198266,76,3zxKH0qp3nBCuPZCZT5Vaf,24IBCzEJlHBI0ioxlSuSPA
41bIQPBE1lFN0mmw6Lmssz,21 Questions,224426,76,3q7HBObVc0L8jNeTe5Gofh,4ycNE7y1rp5215g1kkqk1P
3XVBdLihbNbxUwZosxcGuJ,If I Ain't Got You,228706,83,3DiDSECUqqY1AuBP8qtaIa,6TqRKHLjDu5QZuC8u5Woij
2I9foKseoFQh07p6sD2voE,Many Men (Wish Death),256226,74,3q7HBObVc0L8jNeTe5Gofh,4ycNE7y1rp5215g1kkqk1P
0M955bMOoilikPXwKLYpoi,I Hate Everything About You,231480,77,2xiIXseIJcq3nG7C8fHeBj,13topfW33NjnACjnRiZBX7
77loZpT5Y5PRP1S451P9Yz,The Reason,232800,84,2MqhkhX4npxDZ62ObR5ELO,2zE1YKY7Okj10Tjl09jjth
4Yf5bqU3NK4kNOypcrLYwU,Faint,162600,82,6XyY86QOPPrYVGvF9ch6wz,4Gfnly5CzMJQqkUFfoHaP3
5YJ4BVvTFmVCxUyhKejHfR,Pa' Que Retozen,151666,83,3SUT1jjM5hzZj9TLfLZGIP,6Q1kiSijkaHwoCwZUHW6IY
27L8sESb3KR79asDUBu8nW,Stacy's Mom,197986,77,1pgtr4nhBQjp9oCUBPyYWh,6TZp52tXShLQbq8yNMxqNT
6Nq5lE0CeOAAAqN4qhkbZU,Suga Suga,239026,76,12PSlydMSjEHzSCj9X5qv7,42LlDinsxjsByAqqpZXRp4
0r8iDf65NHgFgZOGLwj5r8,What Was I Thinkin',260826,72,7x8nK0m0cP2ksQf0mjWdPS,2yeODPn8igz9qQiitOZRyJ
57Xjny5yNzAcsxnusKmAfA,Reptilia,219826,79,0epOFNiUfyON9EYx7Tpr6V,3HFbH1loOUbqCyPsLuHLLh
44NRdYQw7P0GWuiunRv3hr,I Stand Alone,246040,71,6gZq1Q6bdOxsUPUG1TaFbF,7xhudjssYTY8qRl1s9R3wu
1A5V1sxyCLpKJezp75tUXn,Closing Time,274160,76,1TqQi97nqeiuOJrIFv5Sw0,4JDBx5wQ82jb8PjLYPBP8L
305WCRhhS10XUcH6AEwZk6,Are You Gonna Be My Girl,213800,78,5ypxebeHEIXjMtJb17uJlI,6NrLpQCPYrNS3kVWxDgIlg
2D1hlMwWWXpkc3CZJ5U351,P.I.M.P.,249466,71,3q7HBObVc0L8jNeTe5Gofh,4ycNE7y1rp5215g1kkqk1P
3agtg0x11wPvLIWkYR39nZ,Somewhere I Belong,213933,71,6XyY86QOPPrYVGvF9ch6wz,4Gfnly5CzMJQqkUFfoHaP3
0xmjwnQ3FNE6HuWCt2nHdZ,Where Is The Love?,272533,83,1yxSLGMDHlW21z4YXirZDS,3eqkfT9f1XyM8GME1gVDrD
5z7mYFfhw6N6f23VwrokJD,The Way You Move (feat. Sleepy Brown),234000,72,1G9G7WwrXka3Z1r7aIDjI7,1UsmQ3bpJTyK6ygoOOjG1r
3BmjRmFTESgWZLPSVGp8aG,Lying from You,175373,69,6XyY86QOPPrYVGvF9ch6wz,0y13VbGddQ4azdVWakksAL
4PkJ7c9y1CwpuVOiJODnCZ,Someday,207466,75,6deZN1bslXzeGvOLaLMOIF,4fygErqiNgFUic5hU42Z3E
0hDQV9X1Da5JrwhK8gu86p,Maps,219986,72,3TNt4aUIxgfy9aoaft5Jj2,44ePwTuWK88vnalqutqJEG
2lXJr5BkUPZpQUV2ZGN1Wv,Always On Time,245866,68,1J2VVASYAamtQ3Bt8wGgA6,6x7ohjhYzzmCglAT4TD9T9
6bUNEbXT7HovLW6BgPCBsb,Roses,369573,73,1G9G7WwrXka3Z1r7aIDjI7,1UsmQ3bpJTyK6ygoOOjG1r
3EZzghqykkfOB0Z8d0kTSt,Red Dirt Road,260360,69,0XKOBt59crntr7HQXXO8Yz,3fVrL1hr7JAWTeFYW0akdf
3UygY7qW2cvG9Llkay6i1i,Going Under,214946,77,5nGIFgo0shDenQYSE0Sn7c,02w1xMzzdF2OJxTeh1basm
420JGkyLfLUZcgBHKiIK9v,45,250093,69,70BYFdaZbEKbeauJ670ysI,0gLVNSNAW4ghjFqHMDFA3l
0l3GEbH3CviUytD6iX4wzg,Right Thurr,250746,71,3s2wTjWxK8NOX09dmsvVOh,0Hv5X7RRaM7F3hfAq0YmzB
6rUp7v3l8yC4TKxAAR5Bmx,I Hate Everything About You,231480,73,2xiIXseIJcq3nG7C8fHeBj,38pfSOHvxHqDWwDnjZ25U5
6pWzCKTrKrwbUPzY8RLCoP,Rock Wit U (Awww Baby),209120,72,5rkVyNGXEgeUqKkB5ccK83,4vjeaWsf9UH2ecdKXAZaq2
26AYR77170U49cMcXB7aRV,Feeling This,172645,73,6FBDaR13swtiWwGhX1WQsP,4hBTxv4QRPePXCFcEI7Vjp
0crJsMs5FmnMHvQG1itkc0,El Águila Blanca,140520,74,014WIDx7H4BRCHB1faiisK,4n0IYzVbxLFckUKpurk6kN
1MTQHCpraD4S8g5PAFKzoj,Behind Blue Eyes,269973,78,165ZgPlLkK7bf5bDoFc6Sb,3oUoQ0UH7Rv06x1kpSjS36
6FOpPA0a80RuBqqgDozvja,So Far Away,243573,70,5KDIH2gF0VpelTqyQS7udb,6PntFOrFJdHpXE9xzjhkyR
0DKNNR9iDjwfCEpMiFXMJq,Until the Day I Die,235200,70,0KDuKk6YdEu3hR56HtXmxt,4juejyEeCKFskkDA6zhIBW
5qHYXcVvc9xsFB2uH7GpMN,Kokomo,217692,72,3oDbviiivRWhXwIE8hxkVV,47VjIh8rgyMJJHNR98w0Kw
3arKRnq9OUd7yq6LRwVW8I,Soul to Squeeze,289533,72,0L8ExT028jH3ddEcZwqJJ5,53tvjWbVNZKd3CvpENkzOC
4UzVcXufOhGUwF56HT7b8M,My Immortal,262533,77,5nGIFgo0shDenQYSE0Sn7c,02w1xMzzdF2OJxTeh1basm
6ihObRBTB8xdSH2mlERtOX,Slow Motion,248200,67,0rG0AZBscc8S8q1ahIsasI,1JfdhweOku5xDD78eiid4A
0CA3RxBx2xSQXPfpmUBK1v,Just Like You,186893,68,2xiIXseIJcq3nG7C8fHeBj,13topfW33NjnACjnRiZBX7
2ajUl8lBLAXOXNpG4NEPMz,Sway,188066,76,1GxkXlMwML1oSg5eLPiAz3,3rpSksJSFdNFqk5vne8at2
6n8TMVyFKoUmDc4apxceRD,Breaking the Habit,196906,69,6XyY86QOPPrYVGvF9ch6wz,4Gfnly5CzMJQqkUFfoHaP3
3tS1VMpxp9bLn46Cyh09el,Stillborn,196040,70,0zfT626RwO6zN3RDYeRit5,2AO7lfXXz1nHfCJiETaxHo
6ft9PAgNOjmZ2kFVP7LGqb,Can't Take My Eyes off You,203240,72,3CDKmzJu6uwEGnPLLZffpD,0NUEQILaBzavnzcMEs4buZ
2WSWm0zlL3CJRACHS5KXbB,Y'all Want a Single,197906,65,3RNrq3jvMZxD9ZyoOZbQOD,3487OYBtnRl82qA6tfyWco
0yHConG49418wPs8UfAt44,Into You (feat. Tamia),295773,70,0YWxKQj2Go9CGHCp77UOyy,46tIBaFs0Ov0HJsCDrq1Kl
6NhpIdjYoufuNNlBsgOztc,Suds in the Bucket,227266,68,7qvsLYsYP0MHD7jkdv6DAG,4Wx0gVzxrbRgxcaJ0M02Ik
4WY3HyGXsWqjFRCVD6gnTe,Baby Boy (feat. Sean Paul),244826,71,6vWDO969PvNqNYHIOW5v0m,6oxVabMIqCMJRYN1GqR3Vf
4G21jWo0Cm6lOIUNnZ2mUI,Such Great Heights - Remastered,266506,68,5yV1qdnmxyIYiSFB02wpDj,5MoaDbFw4nrm2P7Om1on3b
7JeKXMQKm6GoLGTkNy2jZ0,If I Can't,196640,66,3q7HBObVc0L8jNeTe5Gofh,4ycNE7y1rp5215g1kkqk1P
78XFPcFYN8YFOHjtVwnPsl,Unholy Confessions,283826,71,0nmQIMXWTXfhgOBdNzhGOs,3qyVLEW74vRMvVxNHjwKhk
2md2i5QvelRFnafpnd6LOg,Meant to Live,201373,66,6S58b0fr8TkWrEHOH4tRVu,2mIYia4lSO1NCSFGGGGNR9
4hfIVhq0F0zFUcrbecsYmo,Let's Get It Started - Spike Mix,217733,74,1yxSLGMDHlW21z4YXirZDS,3eqkfT9f1XyM8GME1gVDrD
0iFOG4Ki9aDmJUYUFHQlPG,Frontin' (feat. Jay-Z) - Club Mix,236506,70,2RdwBSPQiwcmiDo9kixcl8,0AO5ibcO686oWXf96D83pM
756CJtQRFSxEx9jV4P9hpA,I Believe in a Thing Called Love,216453,72,5r1bdqzhgRoHC3YcCV6N5a,6vW9ZDllNv87WHXS3XTjlM
5FPnjikbwlDMULCCCa6ZCJ,Daughters,237906,70,0hEurMDQu99nJRq8pTxO14,6WivmTXugLZLmAWnZhlz7g
4vl2zwXsTmAxgu9iY0g6UK,I Don't Want to Be,217760,66,5DYAABs8rkY9VhwtENoQCz,5YTn3PFD7mrjhucfeafJE7
0psXs0SxH2hGnJoj8C2fFf,Collie Man,133080,66,6MxlVTY6PmY8Nyn16fvxtb,4MJf9OmWPH5zlvRAfoIWx6
5dNfHmqgr128gMY2tc5CeJ,Ignition - Remix,186066,70,2mxe0TnaNL039ysAj51xPQ,35Ea7OWXZPZB1vAPiaEGOM
3gqgSM82j6NMAj4Jllr06T,Vete Ya,157760,75,3CAhiUHkUYT1mFtVHM9SHA,2uJ0YxszsHKfS14kOPmAFl
6RUpJeXT6U4SPEafnr9Wr7,Where The Hood At,286266,72,1HwM5zlC5qNWhJtM00yXzG,0FeqrLI13XnYNY1s414uQd
7sLpSWxQazJzDVG6YGzlVs,99 Problems,234626,70,3nFkdlSjzX9mRTtwJOzDYB,4FWvo9oS4gRgHtAwDwUjiO
3JOdLCIBzQYwHIvpN3isVf,Grand Theft Autumn / Where Is Your Boy,191373,67,4UXqAaa6dQYAk18Lv7PEgX,7l4nnHG7upOnUM4WvAjToY
6WXdlIUbsqFSS6T63eCBxx,Simple Man - Rock Version,265800,64,70BYFdaZbEKbeauJ670ysI,0gLVNSNAW4ghjFqHMDFA3l
3IrkbGQCoEPAkzJ0Tkv8nm,Dirt Off Your Shoulder,245173,67,3nFkdlSjzX9mRTtwJOzDYB,4FWvo9oS4gRgHtAwDwUjiO
6yVSp9H2STyLeOs7pjy2w4,Hands Down,186866,66,4ERtgeBbWRkFzIz6LaFCeY,3I4DmkyMBifLVwrCT3eQ82
0YGQ3hZcRLC5YX7o0hdmHg,Naughty Girl,208573,68,6vWDO969PvNqNYHIOW5v0m,6oxVabMIqCMJRYN1GqR3Vf
3ORfa5ilEthp2U0TRcv7kv,Patiently Waiting,288880,65,3q7HBObVc0L8jNeTe5Gofh,4ycNE7y1rp5215g1kkqk1P
32jHB7W9b08OTorAqR0cJo,I Love This Bar,335333,66,2bA6fzP0lMAQ4kz6CF61w8,7xPAsIGxs8It3pVWnZEHan
4Kd0FzFpOgIGxlBl4HXuFn,Salt Shaker,252440,64,44PA0rCQXikgOWbfY7Fq7m,2SS2QYikI1mNohhyPN2v95
6BIcjFZIVDZxNAcofRFPx4,So Gone,242773,66,6nzxy2wXs6tLgzEtqOkEi2,4lSQkGgFffaUOd22Yrc25v
4TJduXYW1Pg96EDNnfiwxJ,Shake Ya Tailfeather - Radio Edit,295173,66,07W0YfsvHM7Mw7Bq48Mb0A,5T75pyMyLZWKvDl6jFdi0F
6LGwYMXXgURfaequXipzHx,You Don't Know My Name,366733,68,3DiDSECUqqY1AuBP8qtaIa,6TqRKHLjDu5QZuC8u5Woij
08QaHlMPWuO5PUxjl61bXn,He's a Pirate,90426,69,03GruNQP8X25PCoWzdvIGZ,4Qe057XqKloVNhnPohj6Yo
6kdCN6gTWLcLxmLXoUcwuI,Eres,267600,78,09xj0S68Y1OU1vHMCZAIvz,3ifA4OUPiT92YB4vYtAdVh
1Vy7WUJubV9JEoebuJ9dfe,Más Que Tu Amigo,209506,74,3tJnB0s6c3oXPq1SCCavnd,6335RBM5tYZal0oSZm6jvW
5BmagRD7Thki6O1zZwbxBy,The Boys of Summer,258000,67,3LC8PXXgk7YtAIobtjSdNi,6prPsuR3shSCqcxPB84dkg
1PZrHbJjt5t7dP9OGRxcD0,Dale Don Dale,212413,74,33ScadVnbm2X8kkUqOkC6Z,4vOvr0tdZWoIGjnHe9jLqz
6Yu1OL8I0D4vjOzYdsXYGK,12:51,153133,70,0epOFNiUfyON9EYx7Tpr6V,3HFbH1loOUbqCyPsLuHLLh
2lFlveK1y13WWp3vnQtrr3,100 Years,244600,67,7FgMLbnZVrEnir95O0YujA,6RWEJvVwr8aCQfRchRhjMq
58MeeOMk6PMQxXWY9YCNPD,Next Levels,229320,67,77AKJs9SJqxHXbPgtJPKRa,1mrhahrlJu5JfzgeV6Cy8t
65iyI1iybyv5ecsfBHSdUf,Gangsta Nation,293053,69,3zNM2tRfTX6LI1lN2PlrTt,2fsMp83A31t6nqp1TvV7OB
4eGHEHqoDMMejzPhRFTc7p,I Don't Wanna Be Me,308826,70,0blJzvevdXrp21YeI2vbco,4AdGr92Z6Ff2WbKP5Ja2QC
66S14BkJDxgkYxLl5DCqOz,I'm Gonna Be (500 Miles),219466,73,1A92IAcd7A6npCA33oGM5i,7hPq9fDWwXPo1tT0oi3XcM
0gZp88SA5OcujHLDGkxtI3,Only One,257399,68,3zxKH0qp3nBCuPZCZT5Vaf,24IBCzEJlHBI0ioxlSuSPA
2fOxxLz9JVe53itq6pfBak,It's My Life,225866,63,0cQbJU1aAzvbEmTuljWLlF,5fSlrmZPalwAAQDwu6shK2
6CqYhhUPJORx1vvdTNc8jv,The Outsider,246000,66,4DFhHyjvGYa9wxdHUjtDkc,49K6hYDEr5M3GxIBBxlPf9
4OWa2dOlmtvMDhFrFL0QA1,"La leçon particulière - Bande originale du film ""La leçon particulière""",105560,73,0Lf3tvw0Rzwr38KDrShstn,7zfXdUZDhx7uKVLUPKGJWz
1Yuim9eHBfG8YUJII28XDF,Figured You Out,228480,65,6deZN1bslXzeGvOLaLMOIF,4fygErqiNgFUic5hU42Z3E
4jacsL77ZYnpInmTtUBaJW,Move Your Feet,181906,63,7xNPROyVfkH4mcIxxCxySm,7xJ6am4jsZw1Bg0S0g0hmI
3SRuODYNV4j2ckkJ9Samju,Nothing On But The Radio,212026,62,37W8SKV5Vc8lcGtdyWCA5m,4xBILuasKLadf6hitvo5mG
6XsT5UGfpaFeHQf5LRIy4W,"Me, Myself and I",301133,65,6vWDO969PvNqNYHIOW5v0m,6oxVabMIqCMJRYN1GqR3Vf
2CtCwQhY0ZLvr8L2l8Bo6e,Stand Up,213760,65,3ipn9JLAPI5GUEo4y4jcoi,3hJHXxX04PNuGFIxdEHGzg
7BD50ATrF3Vab5FQy7vtK8,How Do I Live,266973,71,2d3VHzlOEwXvmBdS4pzOPL,5GIEvyzVeUKAs6Uf2EeoqD
3D0fUBloGwPcLGLyheGWXu,Dance with Me,180479,65,1667U2YoucgG5Pdvm2M59c,3b3CBmEMZKC4ugmcM2iPc6
62clthR0fZmLbxeqxVJatQ,Que Lloro,240613,77,7xeM7V59cA1X8GKyKKQV87,0MystbDJBhdcJZBFkpgVbd
6dwkFmLUz6hx2CZG2EqLol,Collide,249120,66,0ekbDNE2eOq8QiaXM34wer,0bQBS1GmZ2sqbHcqiQnldn
4AQWKGBWTR7fVuUKxi5sKE,Mud on the Tires,208266,64,13YmWQJFwgZrd4bf5IjMY4,7jdM09zOoPpNn59UzAeryS
2HqCaO7BV010qXS5FuiTED,Long Black Train,250626,63,7vCtweS8UVAXTyau2j0rDT,7DgePplMBaKbi8l5c8s64n
3fttmSWGThBQTNkuHMoCTN,Girl's Not Grey,190493,64,19I4tYiChJoxEO5EuviXpz,1eIzVBHA5NvX0wo2nLACew
437ShA8eBSfBmezIP9MeX1,Right Now,189960,61,3RNrq3jvMZxD9ZyoOZbQOD,3487OYBtnRl82qA6tfyWco
1gzWd0ILFaCoHUfQSkCIvl,Minerva,257813,65,6Ghvu1VvMGScGpOUJBAHNH,6252G7bGCVijXlqAjtjeDP
1oTKnx7AgEhA5wUs3Z8rrr,Needles and Pins,203066,64,6Ghvu1VvMGScGpOUJBAHNH,6252G7bGCVijXlqAjtjeDP
3adnLFXKO5rC1lhUNSeg3N,White Flag,240600,61,2mpeljBig2IXLXRAFO9AAs,6PEApt1cBh2EtWeXMKZJzo
3IlY76VbP31zwPY0S2EMjh,The Quiet Things That No One Ever Knows,241640,63,168dgYui7ExaU612eooDF1,6vDiMhyfSnTn18OY99BSQX
05iMQqncVBIm4AE26EvaTL,Andar Conmigo,193373,76,2QWIScpFDNxmS6ZEMIUvgm,3pNoZEMsLO0HZygvwaXANB
6lrRIfQDcikJ5y5DtyZPuJ,Can't Let You Go (feat. Mike Shorey & Lil' Mo),223973,65,0YWxKQj2Go9CGHCp77UOyy,46tIBaFs0Ov0HJsCDrq1Kl
7jSQaXLzpLHjSQTev2krvT,Nemo Egg (Main Title),76133,66,1csBgT42N4pPPs1HJhxXIK,2kJpuz9FOqX5riMjGwihhY
77Yhcsal6ceWoLqYbDCeaZ,El Indio Enamorado,188128,67,24z2EWgF5nVUKnbJHd9ku2,4JwwVngWxV6EDq7lC3wUBt
779ooI3rBd0CLqCiiJmtVo,Hero (feat. Josey Scott),200480,69,7fJYw1vK9yWb8o51I8qHin,4JLTenJ9u07tFnk3On1ypa
6iblnklMzUKIXAtjk5lzIy,Whiskey Lullaby (feat. Alison Krauss),259893,66,13YmWQJFwgZrd4bf5IjMY4,7jdM09zOoPpNn59UzAeryS
5VUQsLff8A3ruAyCdTxqzg,Who Am I,335906,67,6eJqAWJdd8JhAN1pQGie4r,0OET3Pft2RKmDxzpP3FcGc
5iA6APikmuIeaAe9MMluny,"I Just Can't Wait to Be King - From ""The Lion King"" Soundtrack",170800,64,5UdPkKWd8YNR5xGcmqH9QJ,6BqcXoEgLpiGHQit2hXBIl
2xVueNhj6UehdAPDBWK7DN,"Quizás Si, Quizás No",192426,69,44WCHvwXBOMz6nm7Mu2ReO,3K83jJCyGiSq9lj1FQxYce
0KFuXEdOp5QfIfxHR6TJSm,Dangerously In Love,293133,63,6vWDO969PvNqNYHIOW5v0m,6oxVabMIqCMJRYN1GqR3Vf
0tWEB6BxbI48XN79QE1JbT,Everybody's Fool,195880,71,5nGIFgo0shDenQYSE0Sn7c,02w1xMzzdF2OJxTeh1basm
5cxnSTLzGD1t9xcdmJYFVB,No Children,168306,63,3hyGGjxu73JuzBa757H6R5,6g3n0C6d4v81DnDheoLMvX
5dWfl2PBpKHpBVdz95wxK1,No Letting Go,202013,67,3kc5AFnL1TQQdNaMdSW2UO,3WH8Q7LS2p143e5PrKGLeA
7BB3emVX0QaFVddCHiO9wt,Drinkin' Bone,131866,61,0xxJO75NeIAF5jYruLYIDT,7eicLW3vjCf8HkFUc7xf8i
1AdYZ6X00nXmO613Y7GJOl,I Miss You,227250,78,6FBDaR13swtiWwGhX1WQsP,4hBTxv4QRPePXCFcEI7Vjp
78Gzxi27GuNHTfkn2BylG4,What Ever Happened?,169506,67,0epOFNiUfyON9EYx7Tpr6V,3HFbH1loOUbqCyPsLuHLLh
0dRhSF9LV0HR8Jwd3MMMKJ,Everytime,230306,73,26dSoYclwsYLMAKD3tpOr4,0z7pVBGOD7HCIB7S8eLkLI
7gDVjl5fEw2OPAtjbW4LzR,Weak And Powerless,195133,64,4DFhHyjvGYa9wxdHUjtDkc,49K6hYDEr5M3GxIBBxlPf9
0UNTBB02C1aB55Fu4H63qd,One Call Away,276800,64,3s2wTjWxK8NOX09dmsvVOh,0Hv5X7RRaM7F3hfAq0YmzB
4E5IFAXCob6QqZaJMTw5YN,Poppin' Them Thangs,240800,73,6evKD5JWJON3qPBJtUEmtY,0BolFrIcCXXppUK50ETvgy
0kO3njY9N1Rxgv27Ha1lLh,Numb,185586,61,6XyY86QOPPrYVGvF9ch6wz,0y13VbGddQ4azdVWakksAL
6mjHiGwrRGE8LVCXVc5QDU,Out Of Control,162106,67,2MqhkhX4npxDZ62ObR5ELO,2zE1YKY7Okj10Tjl09jjth
0arNrzPygksLY2pEbRgBjw,The Artist In The Ambulance,219266,63,3NChzMpu9exTlNPiqUQ2DE,7yu7B1B8O07jAFAZEFSRXA
1qYcHo4wiesUC2VIRch45G,(Can't Get My) Head Around You,134760,70,5LfGQac0EIXyAN8aUwmNAQ,6mVLRZmHfO3CQIk5e1WXBL
6K6rqLZ7PBDx3PNA4snQzK,Lockjaw,63000,64,77AKJs9SJqxHXbPgtJPKRa,1mrhahrlJu5JfzgeV6Cy8t
1dHJETCn2X1R1YwVlMvSza,Wanna Get To Know You,265026,65,6evKD5JWJON3qPBJtUEmtY,0BolFrIcCXXppUK50ETvgy
4vmPvQY7m6MC77mKDdJIkD,Sumérgeme,327653,71,29SeiO68HQHBs7pDdWOvvX,3L66FfY07jWg7JKcsDNnJR
27msmgcdSRniJHfocEf6EH,Pet,274333,63,4DFhHyjvGYa9wxdHUjtDkc,49K6hYDEr5M3GxIBBxlPf9
01CnYyPXMFRzOFVQBU8WMb,This One's for the Girls,243160,62,3P33qFNGBVXl86yQYWspFj,3xtQSAQgeAV6TcvzyF4iDd
5YH0im36TvDjT5CN2VsHHK,Bandido,179773,69,43qxAkuKFB6fMNSeS5dO7Z,5QJ3kG3mo6fISj1apYFke2
1WOwGVtrVWtV3WW7X4TZoB,Public Service Announcement (Interlude),173000,63,3nFkdlSjzX9mRTtwJOzDYB,4FWvo9oS4gRgHtAwDwUjiO
7KysI43rsjlhjTeWO6ePUq,It's Five O'Clock Somewhere,229800,65,4mxWe1mtYIYfP040G38yvS,0tFm46KzjtCgyyfD8iCaiJ
5u6fnmRO5V0PTl5M2Eekeu,Cold Hard Bitch,243200,62,5ypxebeHEIXjMtJb17uJlI,6NrLpQCPYrNS3kVWxDgIlg
5ojJNnX5ND2gMGojPd3NiO,In Those Jeans,243306,63,7r8RF1tN2A4CiGEplkp1oP,3t4OgAvvOzvXw8D2NHUeDR
1R28m5eWk1EV9FQ3puWrUp,Fazers,197133,63,77AKJs9SJqxHXbPgtJPKRa,1mrhahrlJu5JfzgeV6Cy8t
2BepFzUWfczDk68DXj10w3,One Thing,279573,61,0niJkG4tKkne3zwr7I8n9n,4KbP58I8HjOsd1S8J7Ahjx
14B2bUopOga5V3ypld7d6n,Suga Suga,243493,61,12PSlydMSjEHzSCj9X5qv7,30EknR1eWRmfP4aQhAzMYw
27gUeiai56GKF6TxvmPJut,Don't Stay,187933,60,6XyY86QOPPrYVGvF9ch6wz,0y13VbGddQ4azdVWakksAL
4sX4O9mgw76aWhehf1eSRD,Gone,130013,67,3GBPw9NK25X1Wt2OUvOwY3,7LQhG0xSDjFiKJnziyB3Zj
4VuKGQiCzE5BdSdvp6Hjoh,Simple Man - Acoustic,320266,62,70BYFdaZbEKbeauJ670ysI,0gLVNSNAW4ghjFqHMDFA3l
072YgF7J2clpY8DsWOpEri,Mientes Tan Bien,227613,75,7xeM7V59cA1X8GKyKKQV87,0MystbDJBhdcJZBFkpgVbd
2NsMwNWumJXCdTg2IZCLZ5,Lento,239226,72,2QWIScpFDNxmS6ZEMIUvgm,3pNoZEMsLO0HZygvwaXANB
2SWn864dJI5RNyrp3F4Kp1,Always on My Mind - 2003 Remaster,237653,59,2ycnb8Er79LoH2AsR5ldjh,4wcFyCDvWuIAIIfemgtNUv
6wQjoZ4ffP7cAIfiwldEWZ,Las Águilas Andan Solas,176386,64,2L54fWLv9EgJu76ELlfV2J,36jpd4kKEalvzpw8k12mNP
4KliQFRlvNKnlVYzMMbSMq,A Favor House Atlantic,234706,61,3utxjLheHaVEd9bPjQRsy8,2oWXmi9uLRKn60yRmY22MB
3ftHrCjsTUPLgI48m67byk,Plush - Acoustic,230293,66,2UazAtjfzqBF0Nho2awK4z,1fyLNx6wxgDA59wFInnyup
0nprj2O0teCglthuhzTG5o,Chicks Dig It - Single Edit,210560,60,1zhIzONVRlTfD1VQRauHMl,3qFNiOv7yX8pueke4P6Z8c
2s0ouHqJebHfiQ6C1GUFJd,Milkshake - Radio Mix,182626,58,0IF46mUS8NXjgHabxk2MCM,5YXBnZzECnOFgssE5q43go
57FmgryMQDg7fxbyR65dcT,Officer,231733,59,6MxlVTY6PmY8Nyn16fvxtb,4MJf9OmWPH5zlvRAfoIWx6
0t1UDIDBS2u8k0TltYUHaE,Gritaría,225333,67,4KZzz3Ri83L1aE5rNK9q3A,2wlGJHKt8joZ35jI0nfzF1
5dxHF4lrDimKqnI3GaZUmC,Diary (feat. Tony! Toni! Tone! & Jermaine Paul),284160,62,3DiDSECUqqY1AuBP8qtaIa,6TqRKHLjDu5QZuC8u5Woij
66ezChUOWvgzRQAi3Ay1wt,Go To Sleep,282026,67,7dGJo4pcD2V6oG8kP0tJRR,3teDhRsApsuvhdTeWB49cg
2CZi8d774dBB0wiuWMIpr8,Miss Independent,214786,59,3BmGtnKgCSGYIUhmivXKWX,5ErgI599IvfYniy0UWVGBN
0aULRU35N9kTj6O1xMULRR,Magic Stick,359973,61,5tth2a3v0sWwV1C7bApBdX,6UlNLXBFLqRDiKnyrF4oDE
23EzYG5WcweDqh5RX9nFaW,Yo Soy Tu Maestro,276880,62,4KZzz3Ri83L1aE5rNK9q3A,2wlGJHKt8joZ35jI0nfzF1
3AszgPDZd9q0DpDFt4HFBy,Hey Ya!,239240,64,1G9G7WwrXka3Z1r7aIDjI7,7etFl9qeqjD0luC40JAg8l
2ozSogNm6z9G2Uv6a9iji4,Te Va A Doler,292920,75,3HyrDGPLI0c9Rd8luuO0zw,6oSejW0PK0YiKXj5YPm1tl
60IkVf7UfQXmt5CwkpcX8a,From the Inside,173933,61,6XyY86QOPPrYVGvF9ch6wz,4Gfnly5CzMJQqkUFfoHaP3
2m42oF2K5zPQalKjlGVuez,La Botella (Dos Botellas De Mescal),174693,61,5xvUFw0p8yfQfHVliD1dZG,0AzHFYoAtsdnzNfkHvrAu3
68Euox5QCQrf0sMI847CfC,When U Love Somebody,271160,60,6Qm9stX6XO1a4c7BXQDDgc,1Wx4ud28ypU7HAWuOHkmQ2
0xiuSFBOEHWaJ6rSuUbJWc,Charlene,246773,62,2DzRMyWgjuMbYvt5BLbpCo,0qN4uk3SGen6vUOjImJ6em
6VKAWqNzAMo3m82rqV5BMR,The Sound of Settling,132506,60,0YrtvWJMgSdVrk3SfNjTbx,5UKAhD2VmFAuThgq4OQyEe
0DxN6Ywom8nnndyQXdSBPy,Breathing,218706,64,3zxKH0qp3nBCuPZCZT5Vaf,24IBCzEJlHBI0ioxlSuSPA
3eDwN4LpjslZFUARGab60u,Estoy A Punto,197120,58,1DniCdCPIT1pk1uot0paBR,69TVDRmYyJY9JoESTroXE6
6cR1U61DMpYbS2TtNTlSvo,Read Your Mind,263506,60,0AunegKKH2ys98aLxq8G1A,6M31UyJrV9SQMC0L2rSLCL
3TxGNwiGxgE42MqqWAdmDg,Jefe De Jefes,213093,66,3hYtANQYrE6pd2PbtEyTIy,5HHesQPquZcoecO60eTNBT
2TZ1apxMDlubCGMsOxcTbT,Come Clean,214560,62,2S9W9aSAd7e5mp8WqWxN2h,2zfZe8P8jg53kZaAfCdBYs
5TpaWJKnuyA4MjzAbFXSTQ,Damn! (feat. Lil' Jon) - Club Mix,298600,59,2OqENqJFXPORP4BUGnu2Qq,6Cq4aFoLu1OKc1XNZYdBnp
33j4CLU9UyRjO63ry5J61Q,24's (Vocals Only),282906,60,4OBJLual30L7gRl5UkeRcT,1SloKtrz48mjFA3QIDg7Vl
3C84jaEdYxiq8LC4jwYqj6,This Is The New S**t,259666,61,2VYQTNDsvvKN9wmU5W7xpj,38FWu0ePBmlNQdpg6WiLld
24CeaRaJHiMKFAVZTCu8Y0,Sun Doesn't Rise,193813,63,18absyD7lQaXUDBXnyzU8M,3N1Ehmz49Lavsi23cKFWDv
0oVWPlnK5eAqnJCVB0FvpP,American Soldier,263333,59,2bA6fzP0lMAQ4kz6CF61w8,7xPAsIGxs8It3pVWnZEHan
6DUKQUhWqUySYngLXLNwP2,Automatic Stop,207133,65,0epOFNiUfyON9EYx7Tpr6V,3HFbH1loOUbqCyPsLuHLLh
7qYQBg8ljLvLfWPOajfo6u,Common Man,163106,60,4Wfq6fHhifS8MmQOcJ18TP,22qEaAJ03kdo8L2qge5Chc
3RdQfyk7BBxxIx0zSnCBIw,The Hardest Button to Button,212888,66,4F84IBURUo98rz4r61KF70,6D9urpsOWWKtYvF6PaorGE
5caW5J7nrK4Mtu6cZiBxUk,I Got A Feelin',193333,59,1By9QBFnjZAoI83BZppHlt,6yphddLqd7eBRKfvcAD425
42A4dSYBf0g9OHreccqU5o,Sic Transit Gloria ... Glory Fades,186493,60,168dgYui7ExaU612eooDF1,6vDiMhyfSnTn18OY99BSQX
63IIUzd6eJBfCGIcF8MFnJ,Way Away,202093,61,3zxKH0qp3nBCuPZCZT5Vaf,24IBCzEJlHBI0ioxlSuSPA
4TxDN6eKixUNTgs3B2e4DE,"13 Pieces, Op. 76: No. 3 Carillon",95226,65,7jzR5qj8vFnSu5JHaXgFEr,5ua9CNv1DptXlzsA0nYMJ2
5PtMwNq8Dp31uYdGGacVJE,Oxy Cotton,193920,58,21O7WwRkik43ErKppxDKJq,2lwxcemR1muymEHNMblCpm
35ZmCVnfYRdK1iLGCxNhMa,The Only,171106,66,7JDSHlDdVTo7aZKdQZ53Vf,6ArsYtEDpoPxrCQXG4rHw3
6kPDxVwJH5YtKeytA2rA6M,Fly from the Inside,235160,59,70BYFdaZbEKbeauJ670ysI,0gLVNSNAW4ghjFqHMDFA3l
1CYyIsAaTrnmJ8MO2rec5f,What Up Gangsta,179466,59,3q7HBObVc0L8jNeTe5Gofh,4ycNE7y1rp5215g1kkqk1P
6MoY9dj27qBHzCCmcvYTIJ,"5 Pieces, Op. 75, ""The Trees"": No. 3 Aspen",140333,66,7jzR5qj8vFnSu5JHaXgFEr,5ua9CNv1DptXlzsA0nYMJ2
4G29gmjS7Z2nEFeM7FA6wx,Voice of Truth,323866,61,6eJqAWJdd8JhAN1pQGie4r,0OET3Pft2RKmDxzpP3FcGc
7rS87NoPWbAkVURdVFbGH9,Wave on Wave,244373,59,0EhgpjUqiIIQhM6ZRF4kXX,0HjdNkgyrUKC2ynRUNna7V
4z4PB23xYTg1oANmyZovsw,Why Can't I?,208360,60,2LXeJdQVcFkhkWydphLI74,0rbgxvTKe3Y4VRar4sIYzT
4HcDu9IGRCvSTJE4yW5Ugv,Breaking the Habit,196906,58,6XyY86QOPPrYVGvF9ch6wz,0y13VbGddQ4azdVWakksAL
1MaI6NwdrqnE3mRzOYTpoo,Bomb Intro / Pass That Dutch,217200,62,2wIVse2owClT7go1WT98tk,4ffXByMAjLpd25ZyzEJNMK
5XeSAezNDk9tuw3viiCbZ3,Get Up Offa That Thing,239733,64,7GaxyUddsPok8BuhxN6OUW,1pHE92AvWAt4IIRUCVFnEl
5UdT2XVZPgZDMi7vxQBgRN,Te Invito,213280,68,1qto4hHid1P71emI6Fd8xi,2Z9tU5T5Xad6u4rTGjZIy7
1J4YoubtTxLuoKBzRIzHvv,Taylor,239280,65,3GBPw9NK25X1Wt2OUvOwY3,7LQhG0xSDjFiKJnziyB3Zj
3l14MJpQB4tFFgKLqUqtV3,The District Sleeps Alone Tonight - Remastered,283746,58,5yV1qdnmxyIYiSFB02wpDj,5MoaDbFw4nrm2P7Om1on3b
6rpNe6gSkmiYW6BfSFATi5,Wanksta,219400,58,3q7HBObVc0L8jNeTe5Gofh,4ycNE7y1rp5215g1kkqk1P
3HoyAX58MUIBFCNmhMliHy,Love Calls,313373,58,1f2e3RQf7LHOum8NU61q0R,3ebsgIalEIKpGBVrNErCAd
0TIKTcvtKI26PNRvjyeHjP,Antes,218973,72,0caLxEeeNrpE0noxdInoGe,6HP3XgMRhNov0v1qTetdOi
40u9RFyKQfXwpPjFzK1bGO,Stupid Girl,189853,57,0Gw3a3BkWLwsMLFbOBmo6Q,0XxmvWFp66NnlSxco9i7yr
3yE7LC2ZyNWsLRSXHb0J06,Figure.09,197506,58,6XyY86QOPPrYVGvF9ch6wz,0y13VbGddQ4azdVWakksAL
0JL9TZip7mL7iwC5EOkALS,Lady Brown (feat. Cise Starr from CYNE),199160,63,3Rq3YOF9YG9YfCWD4D56RZ,5FrjDW96mCYw9ECc74c637
2TAQ9YGehOKWDqDak5DuXc,Plush,310400,61,2UazAtjfzqBF0Nho2awK4z,1fyLNx6wxgDA59wFInnyup
1bpnYrDCforv9ctJMzJRV8,"Defying Gravity - From ""Wicked"" Original Broadway Cast Recording/2003",353920,60,7daPb40K64rRtF36wd3ZOk,2MWo0RliwlkObUN13r5ITR
2J0QDG9aKp41dl3nT9d9IQ,La Cumbia De La Cerveza,169640,61,2EliUhznUrwHp1yJvhlHQF,7qIY0P5qM0LzI1SYx9r8dZ
1QJb6LWvPXZpTMiqqODqkH,Prototype,326240,60,1G9G7WwrXka3Z1r7aIDjI7,1UsmQ3bpJTyK6ygoOOjG1r
45eHVUfCCQgcxSZ0EO1bZq,"Ven, Te Necesito",343746,69,6vetaGijEBK3wfhtCUWRBS,6GUNfGkyL4Xi4KiWNCYkNQ
2Wb9ejnmy27DUTUe9YF5Ew,All Night Long (All Night) - Single Version,260426,62,3gMaNLQm7D9MornNILzdSl,1W1b52vaEcE3wfWk4WQH6q
0FmCLEHfINGqwlyzvklNqy,Holidae In,314400,60,3s2wTjWxK8NOX09dmsvVOh,0Hv5X7RRaM7F3hfAq0YmzB
4HswuCNDyzUiRFfb8DH5Ub,El Gigante De Hierro,216346,63,2EliUhznUrwHp1yJvhlHQF,7qIY0P5qM0LzI1SYx9r8dZ
6ExIo2QuQcqkJKYRIfNtNE,Hermanita,277106,66,1qto4hHid1P71emI6Fd8xi,2Z9tU5T5Xad6u4rTGjZIy7
6UZS3KgNc0NF13bbtQTzD6,The Jump Off,234093,58,5tth2a3v0sWwV1C7bApBdX,6UlNLXBFLqRDiKnyrF4oDE
4TbNLKRLKlxZDlS0pu7Lsy,You Raise Me Up,292333,57,6cXMpsP9x0SH4kFfMyVezF,6Uj9VARQcRBOQZ2uBywlrH
4kmIO0yPq92dXtKCL28RfC,Never Scared (feat. Killer Mike & T.I.) - Club Mix,316133,57,6cwlhbT6PnscdmUYCLUJsa,1tHNA1zsv6EKLHAR1idmAi
0E29BKKGCJHcb7b9oIWgGB,Calling All Angels,242200,59,3FUY2gzHeIiaesXtOAdB7A,3gQ2rh7TxfCgpfj40Eo8D1
4WM22pqXRZkcdrp7alhjsv,Times Like These,141933,66,3GBPw9NK25X1Wt2OUvOwY3,7LQhG0xSDjFiKJnziyB3Zj
2425UlXvkIkAEJAtAd8ROm,Aunque no te pueda ver,266666,75,2tY2GFdhH0Wa2VBvsxew5X,1RF8AaupRPlmA13HxSdWAe
1JfNuvdAIqI3ggkzXuBvPp,Always,251893,58,6FBDaR13swtiWwGhX1WQsP,6DMUAqxiFfLdqXv0vqcrQA
0DW5anNzTO7h0OlKqFsVQ6,Like A Pimp,254706,60,7jFaoqWPhYLrKzjzlpXmUO,6wTmI6YwP14KXnDC35VTT7
5VYbLzAplnqPaGNpcf8qhZ,Hit the Floor,164213,57,6XyY86QOPPrYVGvF9ch6wz,0y13VbGddQ4azdVWakksAL
7wjiMdiSgsL9Vkrwb10Num,"On My Way - From ""Brother Bear""/Soundtrack Version",220293,62,4lxfqrEsLX6N1N4OCSkILp,0aJ2SqX6w8pJsaFaTiBUgJ
5dFaYG4WClIHhbHSe0m3FO,No Hay Manera,243466,67,3mYFuz6iY7D9X78rOXg5CG,7IIVtFcrNzU7PV8gBqq6oM
3XabgBQYC7H80agKcAq83Y,Shake That Monkey (feat. Lil' Jon & The EastSide Boyz),278706,57,4sb7rZNN93BSS6Gqgepo4v,2hDaKG2DTGRCBoCS08GBsW
1d5UuboIPRMD4HaU3yycKC,Somewhere I Belong,213933,57,6XyY86QOPPrYVGvF9ch6wz,0y13VbGddQ4azdVWakksAL
3lfmqF0ULXRHlWxBeaHo3t,Hit That,169413,68,5LfGQac0EIXyAN8aUwmNAQ,6mVLRZmHfO3CQIk5e1WXBL
1yZFWn5IOy4spqLgJmMLmU,Traffic In The Sky,170946,64,3GBPw9NK25X1Wt2OUvOwY3,7LQhG0xSDjFiKJnziyB3Zj
6Z77oDcn6iI1MHFCBPjl24,Haunted,185440,63,5nGIFgo0shDenQYSE0Sn7c,02w1xMzzdF2OJxTeh1basm
4kVxStqN7DeoZje5aidAn3,Anti-Matter,206946,61,77AKJs9SJqxHXbPgtJPKRa,1mrhahrlJu5JfzgeV6Cy8t
7ePFDzrnLt3Ynqgy2UFWri,"December, 1963 (Oh What a Night!)",201093,63,6mcrZQmgzFGRWf7C0SObou,0NUEQILaBzavnzcMEs4buZ
0EtzpDX05udzfLcGntGbGU,Eat You Alive,236333,65,165ZgPlLkK7bf5bDoFc6Sb,3oUoQ0UH7Rv06x1kpSjS36
4StypY6VnE9BqgqQ0ni1tg,"13 Pieces, Op. 76: No. 2 Etude",71773,65,7jzR5qj8vFnSu5JHaXgFEr,5ua9CNv1DptXlzsA0nYMJ2
1AjQE5MtP5jHQMyDepbvLI,"Never Leave You (Uh Oooh, Uh Oooh)",184906,65,1IO0GVa1xjkFMXsg66FiE9,6rqhiXmQNt6YmuavJhCVNv
0COWVvFfJ7sPNI8CIS6TU7,Title and Registration,219266,58,0YrtvWJMgSdVrk3SfNjTbx,5UKAhD2VmFAuThgq4OQyEe
3HM4NePuYAqdXpAGBk7nNz,Always,251866,66,6FBDaR13swtiWwGhX1WQsP,4hBTxv4QRPePXCFcEI7Vjp
5RqdUkvsV4BOXpFd5zbXFt,Métele Sazón,242573,67,5pZE9tgrhmIGWAsJZ7YxNK,29BiTy2syDZyjGa9Rza6Ot
5rwq6R0Uq0BngM3rdmCeNg,Collide - Acoustic Version,277000,66,0ekbDNE2eOq8QiaXM34wer,5OmZitvmVXYsjEXkTD3P6Y
5uexdMpm1BUShEKQEte4Gx,Ave Cautiva,212640,66,3nFB4eMP5gdqee2eQb8nZb,5lYbSy6Hf540WyiVaoN8HU
2itAOPLerxnnc8KXHMqPWu,Fantasy (feat. O.D.B.),290466,61,4iHNK0tOyZPYnBU7nGAgpQ,7GTZRYNB0eAig7UTsb54XG
3pdHJCTk85ls2SGGXIJ7XH,Fall Back Down,223227,61,6xTk3EK5T9UzudENVvu9YB,7eP4TXdwO68vnivfDxs6fg
4Vn7TykT27PIygBiZjTR2s,Hotel California - 2013 Remaster,391376,57,0ECwFtbIWEVNwjlrfc6xoL,5J0VCIp4TTsZBKOqWdbBSa
2uxL6E8Yq0Psc1V9uBtC4F,Faint,162600,56,6XyY86QOPPrYVGvF9ch6wz,0y13VbGddQ4azdVWakksAL
25IXknfqkMuACBD5jeRv60,Like The Rain,261533,56,3Ay15wt0QChT4Kapsuw5Jt,4agxyxFq9Onbm5jP8v3On4
4H2TRR9FjnnIwxGnIt9stO,Killin' Time,168000,58,3Ay15wt0QChT4Kapsuw5Jt,3fsGT85qu4Jhvs9htCgygz
0F02KChKwbcQ3tk4q1YxLH,晴天,269746,67,2elBjNSdBE2Y3f0j1mjrql,41FqSrFn288xsdvADjJGxH
7naGWci9bflvfdzxphFjAw,Dead on Arrival,194493,59,4UXqAaa6dQYAk18Lv7PEgX,7l4nnHG7upOnUM4WvAjToY
6ZKB999ZdaFVgrYWvxkl49,Sh-Boom,147266,55,2iSZ41LUUYVcz5At9Xuz7T,6bT7ES8R1gu7H9c5jMNFaX
6rkV9hz91Rr5iHnMRPZdEQ,Vaudeville Villain,151773,59,0wIb0PhwT3disoWykRhq6V,7HPjcPD2cr8E5oHvVAmBp7
5N0lcnJTtKj4wNDvurHige,True To Myself,225600,65,0o0rlxlC3ApLWsxFkUjMXc,62Ot058LfUzRFxbramAggQ
66ace8nbTVjgHTed107cDn,Bloody Cape,215626,59,6Ghvu1VvMGScGpOUJBAHNH,6252G7bGCVijXlqAjtjeDP
241RmK77gecJ1y7jOoQ5lu,This Will Be (An Everlasting Love) - 2003 Remaster,171360,64,5tTsrGPwQRWUsHR2Xf7Ke9,64J3qlh1WF6x8DnrB8chqb
5YyetAy34sgROhslaW3BZc,Frijolero,210133,71,27Owkm4TGlMqb0BqaEt3PW,2AbyDhzuhpMNKEm8johQft
0svWUjefj6RBlIQxA3VCvx,Te necesito,194320,72,2nszmSgqreHSdJA3zWPyrW,5HooteTWKKPU1GjuOo5Bpf
7eODmTZh5wkd032bW1xK4l,A Lack of Color,215920,58,0YrtvWJMgSdVrk3SfNjTbx,5UKAhD2VmFAuThgq4OQyEe
4LF1dMlOHe8VfmMut7YiIs,Transatlanticism,475093,59,0YrtvWJMgSdVrk3SfNjTbx,5UKAhD2VmFAuThgq4OQyEe
46fyLy4W9HhAkcb67kLaAV,Tourniquet,278066,63,5nGIFgo0shDenQYSE0Sn7c,02w1xMzzdF2OJxTeh1basm
5LaOePNL1J2kjhmj98xKif,Si Estuvieras Aquí,234560,62,4cBjJBPtvetlysjjojDLUA,3kFLjfTZAl87oog3QwiHFc
7f7ChKewJr4Mjm8rDl53iP,Corazón Solitario,244413,65,3TQh6LXI9ADgyZJTT19TeR,5uHNavgy4yM4orwoEBWMjO
0C71NJD4BhvPopTwI7a8KV,Seven Years,192786,60,1NUOfvAhA9AvsF1ISMkgHX,3Lfxp4dgtCBJN74rmo7tiE
1D33HYMtMhZ9KvBdgOHZEU,Clean Up,33493,58,4rB5wLJLaXdMrXaYsOYLmK,3AxlaORIaUzvFupsxC06yh
11RUCSAgpexhJSMmcuO4h2,Home,260680,58,2xiIXseIJcq3nG7C8fHeBj,13topfW33NjnACjnRiZBX7
4UC4H4vX3bJtcgtKR0ZCFJ,Obsesion (No Es Amor) (feat. Baby Bash),225626,58,3sMYEBy0CZFxedcnm9i9hf,3S2InZkyQQfQ16oSQOsGGn
635mzxhITS1xY3AVSLKgyD,Breathe,211773,58,5rScKX1Sh1U67meeUyTGwk,5cMMHA3CyA21eRXP1pnm0Z
66KtKAAccVB258Aa7USGC8,Linda Mujer,268200,55,7B7TGqQe7QTVm2U6q8jzk1,5hsChDUDtm8YL1rmREEcDI
6KfMaLSdCCHy8DwjlMjxqu,Adiós Amor,197733,65,3nFB4eMP5gdqee2eQb8nZb,5lYbSy6Hf540WyiVaoN8HU
2knKUI1k57Q8Ox12Cxj8Pc,All That We Perceive,226133,63,25KNo5GDS6ZpLkjasaecA3,22Y3wMfU6Bm0rtnjaljDSn
0uYVJ8z5kgMayMNPJA6Cz9,Running Up That Hill,297320,67,6RZUqkomCmb8zCRqc9eznB,7kTsa1wUFrahJJf1cJEOpZ
4xkcGfpM9RwB4IiQ7yx2dB,2 + 2 = 5,199360,63,4Z8W4fKeB5YxbusRsdQVPb,5mzoI3VH0ZWk1pLFR6RoYy
5TS9LZZ3nf3W0EPZKZiYFX,Nothing Better,226613,56,5yV1qdnmxyIYiSFB02wpDj,1BSwkKATGVCMgNuN8ve7mz
3fOc9x06lKJBhz435mInlH,St. Anger,441133,56,2ye2Wgw4gimLv2eAKyk1NB,4ljK2LVKvEPd5xPgUJn0Bs
06ZDLodo1UDVavc3MXREZ3,Walked Outta Heaven,270880,58,7Aq8lpLMSt1Zxu56pe9bmp,6ZIfULvfXHqu6jcNm6vfSl
5h4y42RUKwYKYWgutNwvKP,"There, There",323600,63,4Z8W4fKeB5YxbusRsdQVPb,5mzoI3VH0ZWk1pLFR6RoYy
2T8hXV9LUZMDBKR5RALGEa,Splash Waterfalls,290760,57,3ipn9JLAPI5GUEo4y4jcoi,3hJHXxX04PNuGFIxdEHGzg
1IqVAU5yMBuOLZ3larlRkk,Dalo Por Hecho,175533,54,1DniCdCPIT1pk1uot0paBR,69TVDRmYyJY9JoESTroXE6
5Rkbnhwkb6oiqq1HQcXirN,Rubber Band Man,347506,55,4OBJLual30L7gRl5UkeRcT,1SloKtrz48mjFA3QIDg7Vl
4nXKO951m6TdWQQbH1KJH3,Down,183844,64,6FBDaR13swtiWwGhX1WQsP,4hBTxv4QRPePXCFcEI7Vjp
1AzMYJm6qTAullM3UKuPY9,Y'all Want a Single,197906,68,3RNrq3jvMZxD9ZyoOZbQOD,3XbcvPX7hEupPOxPx7EVdh
1NSjV4Ji9MKtUQDXHAH4k0,Witchy Woman - 2013 Remaster,250888,55,0ECwFtbIWEVNwjlrfc6xoL,5J0VCIp4TTsZBKOqWdbBSa
4sPJgy0CksvmXp9jC0W4gv,Anthem of Our Dying Day,216026,58,0KDuKk6YdEu3hR56HtXmxt,4juejyEeCKFskkDA6zhIBW
16x4zrgor3ewwEbPgSrTAB,Creep,332626,55,2UazAtjfzqBF0Nho2awK4z,1fyLNx6wxgDA59wFInnyup
3kKb3U3a8jmUJQB9ypE1Jl,Under Control,187306,60,0epOFNiUfyON9EYx7Tpr6V,3HFbH1loOUbqCyPsLuHLLh
2LxAeJ9KUj1GRS9oeHgQ3i,Mundian To Bach Ke,245560,65,74D1UgRzMhTSPz698exXmR,4M7pIA0U45CEENfXwbGB0g
5P2hEcHjoNMh33EsFPPOJE,Heartbeats,231828,60,7eQZTqEMozBcuSubfu52i4,58VeC1LO2OjyHXsjtI306m
0J1Wfjo9H3R62yaCuuNDZX,So Yesterday,215333,59,2S9W9aSAd7e5mp8WqWxN2h,2zfZe8P8jg53kZaAfCdBYs
422qOiUJZCd7SaEyoPAEnQ,Rodeo Clowns,158413,61,3GBPw9NK25X1Wt2OUvOwY3,7LQhG0xSDjFiKJnziyB3Zj
1KcmugpUozu6Llj3p5Qboa,Obvious,163508,60,6FBDaR13swtiWwGhX1WQsP,4hBTxv4QRPePXCFcEI7Vjp
3LDkLpuxQlEuEiZmkxpr8S,Far From Any Road,166493,61,72PnPUc1qv9UjRPaGVZ1jq,1B1p6CMiuIqeNt3oYTS0Tj
1J02p0AlYptTfos2M3hLW6,Cowboys Like Us,219160,55,5vngPClqofybhPERIqQMYd,166ptS8CKwmjYK2F7ApBkO
5C5TS7hQesbPAcWjX8av8z,Suffocate,219906,56,0Gw3a3BkWLwsMLFbOBmo6Q,2AHTc1fPhvsiGtXtquK5DO
5nb0BEZqsmQYseSPJ932K8,Wasting Time,230466,59,3GBPw9NK25X1Wt2OUvOwY3,7LQhG0xSDjFiKJnziyB3Zj
0q3lwFiwQYQynThTulLKGN,Breathe (feat. Sean Paul) - Rap Version,228000,56,6vytZ677lz4LzCrUDcDokM,3UviDOQkc4WbXkNi6DIBZu
1r3cH3Y1QGe8VseL8GEvn2,Shit Hits The Fan,292013,63,2XnnxQzxFZG8qEPjakokPM,7exM52pkWRKdoZqkheCRCC
7D8gRgQ161fqXNOkcanJfa,P.I.M.P. - Snoop Dogg Remix,286800,55,3q7HBObVc0L8jNeTe5Gofh,0OfzVAXf5aVP4W4NIOLTKj
0nCAVzknkzRXRgB6LhRv04,Molly's Chambers,134906,67,2qk9voo8llSGYcZ6xrBzKx,2137zeBGNgOWP4D96q6qxd
3rvM0obwHthpskrZKQxYLa,Dipset Anthem,249040,57,0P8YNJXX7QeQ8iZIUCXJgi,4AB5weCwrj4BOAYXRsAixk
1e1krgHCTUGDhhIgsRVHJ0,Down,183786,56,6FBDaR13swtiWwGhX1WQsP,6DMUAqxiFfLdqXv0vqcrQA
69Zl2MdeQE8twZdiMXJXxZ,"Ultimate - From ""Freaky Friday""/Soundtrack Version",186866,57,4vRSocKbGh7PsQrYRDVMEF,6zI7OacPsPWj6poU70EcvA
1BU4ky3CgfqdYmSBfJeV9j,Enemy,183400,55,35Uu85Pq33mK8x1jYqsHY2,0IHxarwFTab8ULRESueOV9
6atVS7UZBxoyJkkteM62u5,Clarity,271426,59,0hEurMDQu99nJRq8pTxO14,6WivmTXugLZLmAWnZhlz7g
15PxHZffHMndHQjmzYuGUv,Hay Algo en Ti,232587,65,5pZE9tgrhmIGWAsJZ7YxNK,29BiTy2syDZyjGa9Rza6Ot
1iD0a0plhO55cWEJa5UGcZ,The Science of Selling Yourself Short,186266,57,20oQv3LStCKCjI9oQ0JNha,2Csf9jkWwwusFvIW7DppX7
1Q1yISpMwHLn4SMo6VJVaa,Hasta la Miel Amarga,216120,60,1utHYFInTd5VfFdsshUQ7H,5sZ8JHwkEV2s0Dbv0ylSmZ
4kvdX9zzsix7jYHsRVkVUH,A Moment Like This,228280,57,3BmGtnKgCSGYIUhmivXKWX,5ErgI599IvfYniy0UWVGBN
75pAfYEpRXZf7GVORGhOgz,Fallen,214600,54,6lHL3ubAMgSasKjNqKb8HF,2syvgyDNiIraR35ncupC0H
7mS8RbJji2UZAaguRGsOCH,Me Against the Music (feat. Madonna) - LP Version / Video Mix,223773,64,26dSoYclwsYLMAKD3tpOr4,0z7pVBGOD7HCIB7S8eLkLI
7IHEJdJhju1F2rhIiwgawx,"Fantasia in D Minor, K. 397",316653,62,4NJhFmfw43RLBLjQvxDuRS,37qHlAzBNRI9UahnOI9lvr
5tyznRXlcIx0XlQ7S8iCMW,Love,203626,74,6IdtcAwaNVAggwd6sCKgTI,45fpjQkEMNvYJn5SGPcCSX
2G8tfTExxzpRKssKzKwDYV,Simple And Clean,300760,57,7lbSsjYACZHn1MSDXPxNF2,6b65tDkcbAisHn2FR02ZC8
7vFpaAMjGGFTP0BhYrtE9c,Tengo Miedo,161386,64,7sTzOfwrd0viYUuUu26a2N,0jHdI5wc8aCPFlV1lNHWn0
29CXyxlvSPr0DXDQmoxz8d,He Reigns,295400,55,1SZMaiNHfdUuU0qZKZ6y62,5F4yNhrLTICVqV3hMKdfig
1ZlVEstPFrKs3alKIejN6I,Runnin' (Dying To Live),231986,61,1ZwdS5xdxEREPySFridCfh,0BwYq5h0gwbULEfhE10iA7
28mv40MzspRZn0PBcO2itT,Act A Fool,270733,67,3ipn9JLAPI5GUEo4y4jcoi,1cInbcKRuvIvW8pj9daIJU
4B2lJinAkeNLSJjcq3dg8Q,The Blower's Daughter,286653,55,14r9dR01KeBLFfylVSKCZQ,6aHBpqM0YAMfYxfTBjfmk1
1pXvZZ7Ubwt4rpDt3JEHdY,Saliva,148826,58,0wIb0PhwT3disoWykRhq6V,7HPjcPD2cr8E5oHvVAmBp7
3kQDykkw9HVowlm3HxTcuR,Golden,279240,54,43O3c6wewpzPKwVaGEEtBM,5vCqxfNSqatehjPustNq4s
7vx8NbpVY2rD14jrrXw20t,Es Mi Gusto,215133,63,3mYFuz6iY7D9X78rOXg5CG,7IIVtFcrNzU7PV8gBqq6oM
7vd1j4IDTU0koES9M8dvBQ,Kiss The Rain,260653,64,0fauHpmSHwodVYIjTqOGHz,29tE32FrVIR0L7cz9LeykK
7tDbbfzB1d52lWP8rq8zRZ,Pump It Up,251373,62,1SAugjIcuwNPKS4urSB7A6,5qvTf1qIYr2vkIjFnj8gYD
1RtnIF8uRwTLxmcR87V6Wo,Just Like You,186893,56,2xiIXseIJcq3nG7C8fHeBj,38pfSOHvxHqDWwDnjZ25U5
4ORgqa0GOafXbApy6S8FpJ,Chapter Four,342533,59,0nmQIMXWTXfhgOBdNzhGOs,3qyVLEW74vRMvVxNHjwKhk
06hDJt1VHCJbIAjEsOxziU,El Ultimo Contrabando,194653,58,2L54fWLv9EgJu76ELlfV2J,6mZX641phI5c1OSACBqmYL
1jz8TlrPZR6oXROieCoc2v,I Only Have Eyes for You,201600,53,6iygtKnPG7TRvDaTYcLOd6,74o0BLyhgBt6bvNqflYNmp
6O8Fqxnk5OlOivJHklfkPZ,Nobody's Listening,178866,54,6XyY86QOPPrYVGvF9ch6wz,0y13VbGddQ4azdVWakksAL
23NPGXlSaIqWzvxIRhM2oG,Under the Bridge,265506,61,0L8ExT028jH3ddEcZwqJJ5,53tvjWbVNZKd3CvpENkzOC
7pNJ1T9TGbVbNHKaLhhPri,With You,191826,56,2tFN9ubMXEhdAQvdQxcsma,1tCJPKhKa3j1OBgz0MhBUV
75z2YLg5Lkqf6qL9XOY8tV,Such Great Heights,266346,55,5yV1qdnmxyIYiSFB02wpDj,1BSwkKATGVCMgNuN8ve7mz
0bKZa2zldftYPRrSRscmG2,Straight Out Of Line,259133,56,6gZq1Q6bdOxsUPUG1TaFbF,1iNAtkD0iP1wEE8ItzfjZk
2KPMRUOwr8yB32EMvIg8aT,"Circle of Life - From ""The Lion King"" Soundtrack",239360,57,6O3ZB5Cz5CNT3wQWouKcNJ,6BqcXoEgLpiGHQit2hXBIl
1n7omixiROWs5q6xpWiQuL,Satisfaction - Isak Original Extended,285570,69,4Ws2otunReOa6BbwxxpCt6,1pjsWAK5eBtJsYGtYDiCER
2xgvuJvwjnaJHFHb66E3nq,Hexagram,250893,57,6Ghvu1VvMGScGpOUJBAHNH,6252G7bGCVijXlqAjtjeDP
4dygMGhvfENVhwRXmAscbl,Chariot,239173,55,5DYAABs8rkY9VhwtENoQCz,5YTn3PFD7mrjhucfeafJE7
2KuGuEVhHoQ0F1PVupQovc,Gimme The Mic,181840,62,165ZgPlLkK7bf5bDoFc6Sb,3oUoQ0UH7Rv06x1kpSjS36
3jdh7YQBCxykbhL7z0Ehu5,Runnin' (Dying To Live),230786,61,1ZwdS5xdxEREPySFridCfh,3MJVucN9nO8WHaLo3KHuWO
25rVj3vBLwE6Fo8C8NFSwb,Because Of Who You Are,318560,56,2ePc8jGwsMZtgQemYDJLY7,63fXLki4JEgJ099NHRBpzf
0YvKdz58OcwgYdS67NJkkU,Déjenme Si Estoy Llorando,168306,67,1NiC1V6xc8OR1ERiIoCvtx,1vdwYgTjF9jklmR0RbRR0d
3Gamc2D6VSlXpUcmhPUFYt,My Love Is Like...Wo,209490,53,6lHL3ubAMgSasKjNqKb8HF,2syvgyDNiIraR35ncupC0H
6mfkHv00I6jhHIn7EWHJ2N,Just A Girl,205946,58,0cQbJU1aAzvbEmTuljWLlF,5fSlrmZPalwAAQDwu6shK2
3PYdxIDuBIuJSDGwfptFx4,My Immortal - Band Version,273360,62,5nGIFgo0shDenQYSE0Sn7c,02w1xMzzdF2OJxTeh1basm
4J6Pi4WQR0XWASiuiFtQTl,Pero Tú No Estás,204653,61,44WCHvwXBOMz6nm7Mu2ReO,3K83jJCyGiSq9lj1FQxYce
0qrGSKtrEj7PJAGVBFE9vG,Trouble,193600,61,1KCSPY1glIKqW2TotWuXOR,0b9g1swHnqRcxYQPZgjz48
6lvNLD1XRU5paMwWH0RGRI,The Noose,293173,57,4DFhHyjvGYa9wxdHUjtDkc,49K6hYDEr5M3GxIBBxlPf9
2EFHXO4zJRitZLpE1ztsWO,Dracula's Wedding (feat. Kelis),152413,55,1G9G7WwrXka3Z1r7aIDjI7,1UsmQ3bpJTyK6ygoOOjG1r
05VHidqx1tV6V7MsCdAIby,Lucifer,192040,58,3nFkdlSjzX9mRTtwJOzDYB,4FWvo9oS4gRgHtAwDwUjiO
7N2DblLu8DuZ0seGYSg73v,The Future Freaks Me Out,216666,54,19zqV9DV3txjMUjHvltl2D,3h73au9xc77Hnk4Hdkq85i
4Ppy0KysTPcXyzyP5JiJDx,mOBSCENE,205720,57,2VYQTNDsvvKN9wmU5W7xpj,38FWu0ePBmlNQdpg6WiLld
6TL9gJE5JibG8QR6n26eCS,"Can You Feel the Love Tonight - End Title/ From ""The Lion King""/Soundtrack Version",241973,57,3PhoLpVuITZKcymswpck5b,6BqcXoEgLpiGHQit2hXBIl
4sYn64V9gqP6bpkOGw5B9k,Your Hand In Mine,497026,53,1uQWmt1OhuHGRKmZ2ZcL6p,49buCcKCJwxvdl0R2dMoIU
5Mcvgt2GbxxCp6cz3Kfjey,In Da Club,193466,54,3q7HBObVc0L8jNeTe5Gofh,75Zkl39tT79VRpfLzuttxS
2CaxgnHBHuiOYIGIyvMbCl,Whiskey Girl,239533,55,2bA6fzP0lMAQ4kz6CF61w8,7xPAsIGxs8It3pVWnZEHan
4AooK5Hh8OZkZ1XjvVGuTY,Que Te Ruegue Quien Te Quiera,186413,61,6AcOTCYBMvjKYy4zms0kaC,0oCg05h5zGhBR6G1iF6VsZ
1YZBMqN8kHaaRPXpQTC3kb,Rain On Me,297960,55,5rkVyNGXEgeUqKkB5ccK83,4vjeaWsf9UH2ecdKXAZaq2
0KxU9wjCedUxSGdjuFdBDu,Shut Up,296186,71,1yxSLGMDHlW21z4YXirZDS,3eqkfT9f1XyM8GME1gVDrD
3vhJw6V39Gh1PpEMHjiMFO,Take It Easy - 2013 Remaster,211577,53,0ECwFtbIWEVNwjlrfc6xoL,5J0VCIp4TTsZBKOqWdbBSa
423FiDerFgzeEcqKEOmZ81,Saturday,216699,58,4UXqAaa6dQYAk18Lv7PEgX,7l4nnHG7upOnUM4WvAjToY
600s08VdbjiyAjDGDjYSFI,Interstate Love Song,193613,57,2UazAtjfzqBF0Nho2awK4z,1fyLNx6wxgDA59wFInnyup
0ZD5LFsk2PMHicGH8MWRN8,We're Blessed,342466,54,2ndyVAdV9UqF1XjyTJt484,0BrE1eS3LplGo2OnLPa2j4
09QuitJuAP87RoBSpiCXPs,Deathblow,328173,56,6Ghvu1VvMGScGpOUJBAHNH,6252G7bGCVijXlqAjtjeDP
2v2tACRdYHWFMuUIvSI4fL,Burning Bright,227106,53,70BYFdaZbEKbeauJ670ysI,0gLVNSNAW4ghjFqHMDFA3l
5TxY7O9lFJJrd22FmboAXe,Stockholm Syndrome,161135,60,6FBDaR13swtiWwGhX1WQsP,4hBTxv4QRPePXCFcEI7Vjp
2LehHKubfBGPGza3pk3uIj,Mercy,211933,60,0lsuCH8qG9UM8BihdL1Vsc,5TOY8S7QrWWoyem6gUXNIu
1mVTQSGoFchL3VVrIa0MeH,Millionaire (feat. André 3000),224933,53,0IF46mUS8NXjgHabxk2MCM,5YXBnZzECnOFgssE5q43go
3P8zrkBArAfdjFJxPtZRUO,Chicago Is So Two Years Ago,199840,56,4UXqAaa6dQYAk18Lv7PEgX,7l4nnHG7upOnUM4WvAjToY
5j7gLuOsBOyqooruGxX4nx,Taking Over Me,228613,61,5nGIFgo0shDenQYSE0Sn7c,02w1xMzzdF2OJxTeh1basm
3EG65y2LtxWjfydabHdItb,Stomp! - Single Version,247133,63,6h3rSZ8VLK7a5vXjEmhfuD,4DUmxqvkQn3UJgDLjlYsyX
2ouqll9zsD2cjcGUfgtInW,Battle-axe,301866,56,6Ghvu1VvMGScGpOUJBAHNH,6252G7bGCVijXlqAjtjeDP
5z46NBsndcpz5sdywfdqul,"Popular - From ""Wicked"" Original Broadway Cast Recording/2003",224386,56,7daPb40K64rRtF36wd3ZOk,2MWo0RliwlkObUN13r5ITR
45IOnEpVUdxWUZFqpZ7Xvz,Dominicana,252693,66,3SUT1jjM5hzZj9TLfLZGIP,6Q1kiSijkaHwoCwZUHW6IY
4QVD4vVkYveZuO0xkyi6AX,Same Direction,195293,59,2MqhkhX4npxDZ62ObR5ELO,2zE1YKY7Okj10Tjl09jjth
2AsTgVcWojYwQAvzgacYWy,Did My Time,244493,53,3RNrq3jvMZxD9ZyoOZbQOD,3487OYBtnRl82qA6tfyWco
0FXSU5PXzvKl3CpA5h3Hqx,Stare At The Sun,203240,55,3NChzMpu9exTlNPiqUQ2DE,7yu7B1B8O07jAFAZEFSRXA
7rFhh71IiBfOCM4EhMwuEb,The Leaving Song Pt. II,211040,54,19I4tYiChJoxEO5EuviXpz,1eIzVBHA5NvX0wo2nLACew
7eX5SypK35V8Y9d9pS6rWy,I Can't Win,162040,59,0epOFNiUfyON9EYx7Tpr6V,3HFbH1loOUbqCyPsLuHLLh
5BqW7B2eS98AlUAwW7EFLp,Calling You,239506,53,1TJbmc7jTpw78GKCiMpvDh,53WsYpDG80KyZHYGSqy3ZX
35gFlKdC4Pmo88Go1cVrae,The Medallion Calls,112506,60,03GruNQP8X25PCoWzdvIGZ,4Qe057XqKloVNhnPohj6Yo
1SZCsIFSRXG2m6J6GFqv4g,Notas de Sociedad,173626,60,2B8mbONjmLnXk4wpqF5UPQ,6f0iQNDK9xsmaWfiuhFUj5
4pmiIC65ustS2XeeJwQvAU,Don't Push Me,248893,54,3q7HBObVc0L8jNeTe5Gofh,4ycNE7y1rp5215g1kkqk1P
6AtUmPuWWUl0hfs6V8dsa6,Le Compré la Muerte a Mi Hijo,227626,57,2L54fWLv9EgJu76ELlfV2J,36jpd4kKEalvzpw8k12mNP
3vucm39uVyuvpUWW8EFXD8,The Boy Who Blocked His Own Shot,279200,54,168dgYui7ExaU612eooDF1,6vDiMhyfSnTn18OY99BSQX
6SVMJlw8NLnfuPw0PSlrQR,Blood Red Summer,244880,54,3utxjLheHaVEd9bPjQRsy8,2oWXmi9uLRKn60yRmY22MB
39bzKYAYfHRtK32nEnQilM,"Jeux d'enfants, Op. 22: No. 3, La poupée",141786,54,2D7RkvtKKb6E5UmbjQM1Jd,7kpU3pdejLKSjMDaNgJsJv
03VzAAMs5PrLM42XR7ijuc,Pussy Liquor,286773,54,3HVdAiMNjYrQIKlOGxoGh5,3RjfiKRsIHB7wQ1L6KoDEz
3b6uenXXbpCRxXyzFzWi3J,Phenomenon,179226,60,6GfiCQDFYANz5wUkSmb3Dr,2W0NcLRNl60IDHL5WUgyjM
6eYUbXmncekAKMYZcsSkyD,I Stand Alone,246040,66,6gZq1Q6bdOxsUPUG1TaFbF,1iNAtkD0iP1wEE8ItzfjZk
2hzKxuc2LwqMnkoVRMkV0B,Smile,218000,62,6evKD5JWJON3qPBJtUEmtY,0BolFrIcCXXppUK50ETvgy
5kDkWHFx0AEvJ1Pfm2i0ac,What We Do,229106,53,2Jwr7hGoSNK3S3QBxh3T0z,41guLY5GEPG3GLREh0ck19
6QdVBqkKNUqCqercvUHMkP,Stunt 101,232226,60,6evKD5JWJON3qPBJtUEmtY,0BolFrIcCXXppUK50ETvgy
4VtbQx2koGlw8Ple6O2IZH,Tried And True,242000,55,3u1ulLq00Y3bfmq9FfjsPu,0GOWw5YVpOmIX6mUtjLi30
6tgTTBaIf0tO6lvDhoXfMg,Blue,253666,55,4DFhHyjvGYa9wxdHUjtDkc,49K6hYDEr5M3GxIBBxlPf9
5rAQFM8C2Xbam1MtfiwJsj,Sin Ti,266760,62,3mYFuz6iY7D9X78rOXg5CG,7IIVtFcrNzU7PV8gBqq6oM
1m14pmtptcjM7mdWyJyAoc,Many Men (Wish Death),256226,53,3q7HBObVc0L8jNeTe5Gofh,0OfzVAXf5aVP4W4NIOLTKj
5tryzDT3iMMcONq3YHWgC9,Y Control,240760,57,3TNt4aUIxgfy9aoaft5Jj2,44ePwTuWK88vnalqutqJEG
3xJK8ywApYVEYIDhymYMC6,遇見,209760,67,0SIXZXJCAhNU8sxK0qm7hn,6CGJuQoWMkq1rmStrYbRzr
0bWtmYrWat7IWlpx3rmuwc,Sleeping In - Remastered,261093,53,5yV1qdnmxyIYiSFB02wpDj,5MoaDbFw4nrm2P7Om1on3b
2x5qF66rFO6DERBMNkQAqn,(There's Gotta Be) More To Life,200386,59,5QjWgYDeKNP2iPHTdTttnG,05bphHAv5bizNSVDeirA9t
7snmvZMLdGGk3l9PcvoYSM,Dance With My Father,266000,62,19y5MFBH7gohEdGwKM7QsP,43Ci8cugIRwfmkXEyEgfVM
6RGV97HIkgZJjme2dzilfg,Silver And Cold,250706,56,19I4tYiChJoxEO5EuviXpz,1eIzVBHA5NvX0wo2nLACew
2duTXvjuguZsBnAp6mtOr2,Flat On the Floor,122226,59,6deZN1bslXzeGvOLaLMOIF,4fygErqiNgFUic5hU42Z3E
3iRMZq3iIaIBW5bH4VgWtM,Aventura,170853,64,5pZE9tgrhmIGWAsJZ7YxNK,29BiTy2syDZyjGa9Rza6Ot
5khPZny1Hf4w1XyHrZ6T0n,"Hakuna Matata - From ""The Lion King"" Soundtrack",213640,55,0P0do9GwiSgweSF6Ui3mrv,6BqcXoEgLpiGHQit2hXBIl
37sSud1ZrTpwXPGJP0dbXI,Fortune Faded,201266,64,0L8ExT028jH3ddEcZwqJJ5,53tvjWbVNZKd3CvpENkzOC
0O2SYh5AZ0y8MAPOVC4Mxz,Ball and Biscuit,438551,57,4F84IBURUo98rz4r61KF70,6D9urpsOWWKtYvF6PaorGE
7JNRbAGTrJVjx88GvHBaUP,From The Window,218013,58,0rFHElzeddB9ymDjgpBENX,05b7MdxKhnHe7zA3HRVw2c
1iC61Hz52gDokQ8e4UBkwM,Eso Duele,196213,65,108moq3rq6bm1M4Ypz0J02,5XlC9twRLfKfmO0hMJAsmB
1zSzJAosfqJugLx7mZl5xt,Keep Me in Your Heart,208026,56,3mY9Ii0cL5SQxpOTAm8SHx,6WNzWYrf563I7TCiSB1fO3
388kF2viiv8i9aEWIThyGT,Easier to Run,204173,52,6XyY86QOPPrYVGvF9ch6wz,0y13VbGddQ4azdVWakksAL
4MrXuZ2T6CMD0V5VURGBwx,Finding Nemo,79200,58,1csBgT42N4pPPs1HJhxXIK,2kJpuz9FOqX5riMjGwihhY
19fYhk0wzXqUOoBqkPsYCP,Right Now,189960,64,3RNrq3jvMZxD9ZyoOZbQOD,3XbcvPX7hEupPOxPx7EVdh
4b5aJdOgxps6z0dPe6wCHF,Into You (feat. Ashanti),274333,59,0YWxKQj2Go9CGHCp77UOyy,46tIBaFs0Ov0HJsCDrq1Kl
1NFx98oMb54Tx4Ax6LcYoo,Mi Peor Enemigo,172600,51,1DniCdCPIT1pk1uot0paBR,69TVDRmYyJY9JoESTroXE6
3KDCYRQl4O681lkYI2sCqE,Hey Mama,214893,64,1yxSLGMDHlW21z4YXirZDS,3eqkfT9f1XyM8GME1gVDrD
0jkCFkoSMYsElFZTbTb38r,Outfit,246226,53,1rXr1ZnvbRoYBaedIl9v4v,25wDEWipTG177BElptDzlD
12eefUObewFbvXYQ3bN7E4,"Piazza, New York Catcher",183493,52,4I2BJf80C0skQpp1sQmA0h,7HNrDkHNFopKBXGWf0UZML
3k6L0H08zSY5yRDgqI8fqx,Just Because,231853,58,02NfyD6AlLA12crYzw5YcR,1Zyw4sk27JmiSQjD4gXszk
1TojBnaen0BzIoZfVccGng,Mátalas,177226,66,6sq1yF0OZEWA4xoXVKW1L9,2GCLOzEBbVYcFCCHbh7pCu
3ku4ScVEkZvurrcjmMrOAL,Fuck Me Pumps,200600,52,6Q192DXotxtaysaqNPy5yR,664z6KAZKVhAY36vBCLmiN
3oHNAil3RvYNz58fogLJvp,Sweet Honey,230413,52,6MxlVTY6PmY8Nyn16fvxtb,4MJf9OmWPH5zlvRAfoIWx6
2HmZgUErlcBwlOjS5hMuQu,My Sweet Annette,231213,52,1rXr1ZnvbRoYBaedIl9v4v,25wDEWipTG177BElptDzlD
25pWemriUQVrZ3yIiS2IBf,十年,205423,65,2QcZxAgcs2I1q7CtCkl6MI,0zMV4uDNTSQAiphN3cVzQ0
0xn9WsyWhNbfI82Ipnpwqa,We Will Become Silhouettes - Remastered,300546,53,5yV1qdnmxyIYiSFB02wpDj,5MoaDbFw4nrm2P7Om1on3b
4ffoKyYY6ElVpxUpE48jOc,Thrown Down,240986,61,08GQAI4eElDnROBrJRGE0X,6dMdadS6Ng71pD9As93ufx
31nItlXwgCCFpttS50Rbxf,Fruits Of My Labor,288133,54,60ht0hWRy1yjUDfNsLuHuP,7uLuuklEzDu7xZ8QazIfzu
4yjz1aazw6R8ZURpGbCAkp,Bring It On Home To Me,165280,57,6hnWRPzGGKiapVX1UCdEAC,4jiO2jRz7g50ESvYYKsKwZ
3KnLtTv6KSxTCpIlH4GPzJ,Collapse - G-Unit Freestyle,97653,60,6evKD5JWJON3qPBJtUEmtY,0BolFrIcCXXppUK50ETvgy
6vV1NDCjh2afFgQ9Vb7i86,She Lives in My Lap (feat. Rosario Dawson),267266,54,1G9G7WwrXka3Z1r7aIDjI7,1UsmQ3bpJTyK6ygoOOjG1r
5v1SuYGd6VFMGu8nVHzajO,Back In The Day,286920,52,7IfculRW2WXyzNQ8djX8WX,1xeCT1UZTYtQoOPHemjqyY
6JGQ98So2ik5GVI9ydQ2Yh,Don't Speak,262746,61,0cQbJU1aAzvbEmTuljWLlF,5fSlrmZPalwAAQDwu6shK2
5519RhpzObr9Mn3iqoeodJ,Come and Get Your Love,300200,57,0w7HLMvZOHatWVbAKee1zF,7GCljXMi3WChErr3b8xl8R
4dqEzdFAYkj1rjYLVDuTlN,Islands In the Stream,249293,58,32vWCbZh0xZ4o9gkz4PsEU,03DTXxfU0UJ96lt1umUtts
5WuVWOngcRkMOx9RRLCvui,The Tide Is High - Radio Mix,205360,63,6JMHws5haIO6V35YNYDnDw,340y6ZpqGxp4xW0203bOPN
76pllrWpfiCoLGhijQBYhO,You Are My Sunshine,196733,58,6kACVPfCOnqzgfEF5ryl0x,5xeMctXQWNmMq4aAjwuR3e
3OHevW2cUT176DXWV0lHg9,A Wolf At the Door,201333,59,4Z8W4fKeB5YxbusRsdQVPb,5mzoI3VH0ZWk1pLFR6RoYy
4M4oSbEjB8Z94039uyjXuO,Llorar,250053,60,1qto4hHid1P71emI6Fd8xi,2Z9tU5T5Xad6u4rTGjZIy7
7q6CybWAg3uYLgS5tDWqmd,Imaginary,256493,60,5nGIFgo0shDenQYSE0Sn7c,02w1xMzzdF2OJxTeh1basm
4i4P1ACAeWcyJTxQSd0prx,Can I Watch? (feat. Apani B as Nikki),267440,57,0wIb0PhwT3disoWykRhq6V,7HPjcPD2cr8E5oHvVAmBp7
7tFsUfrmyBvLdvIByreecz,Sail To The Moon,258360,58,4Z8W4fKeB5YxbusRsdQVPb,5mzoI3VH0ZWk1pLFR6RoYy
2WX6hfQa4BqbPTS0o4aSDV,"Okay I Believe You, But My Tommy Gun Don't",335373,52,168dgYui7ExaU612eooDF1,6vDiMhyfSnTn18OY99BSQX
5B7XIcS5T76NJZFOHX30Io,Are You Happy Now?,230760,53,5rScKX1Sh1U67meeUyTGwk,5cMMHA3CyA21eRXP1pnm0Z
0xDxS2g775ttrfrwDQl9f8,I Know What You Want (feat. Flipmode Squad),252360,61,1YfEcTuGvBQ8xSD1f53UnK,7GTZRYNB0eAig7UTsb54XG
1eRyWRvO3RE6AlKhvYhTuX,Act A Fool,272320,51,3ipn9JLAPI5GUEo4y4jcoi,2VRaclkOdQKv9VyrwaxsvG
1fqk8hFHIDQo99J6NYa1Lw,Amor En Silencio,235080,64,3tJnB0s6c3oXPq1SCCavnd,750XK6PDJK3u7ZvIFIajqb
6De63WRULDaa1fxOyLilnv,Stingy,259493,53,7r8RF1tN2A4CiGEplkp1oP,3t4OgAvvOzvXw8D2NHUeDR
3EjmNhVqZ4FjK8ZyVKWKM6,Back Down,243013,52,3q7HBObVc0L8jNeTe5Gofh,4ycNE7y1rp5215g1kkqk1P
5FNDpQSkgFiRdUKGfagIRJ,Stronger Than Me,211986,51,6Q192DXotxtaysaqNPy5yR,0RisvCe4jLWes0m89StnuZ
67w1cb9ESAnCGJkC9hW2nO,I Won't See You Tonight Part 1,538333,60,0nmQIMXWTXfhgOBdNzhGOs,3qyVLEW74vRMvVxNHjwKhk
6FvtSHS3hzjS8itHJPRzoJ,Diamonds On The Inside,266906,63,45lorWzrKLxfKlWpV7r9CN,0EgXWt3Lur2Fx2WHlG9AXf
3jkqQLeZGbRNr0xsYQWwzE,"Eres Todo, Todo",175693,59,0xN5x801nROaA4dRibMbl0,5C0APuIK2ZLaUQyzGef43S
6GVryHJpjnrnrsTggoNTpe,Home,260680,54,2xiIXseIJcq3nG7C8fHeBj,38pfSOHvxHqDWwDnjZ25U5
2EAXWHqQhNxgJbg1ZnOXZ3,Amor De Tres,188440,65,0IZ9yCkg8kUjJNwMA8SHYX,70l7WreOvHkn9Jqbh0aqsF
4YGlRLe6TeBRiXFByBqldf,The Way You Look Tonight,279626,61,1GxkXlMwML1oSg5eLPiAz3,3rpSksJSFdNFqk5vne8at2
5u5MpBnvJejW9dHPrfWEXZ,Superstar,215480,72,3f5W9NEwkc1SAIPFuumcaf,3M6zhLhOocle8owKsjJJ5s
0aYUqsvZG7bAslrUkd9Z0g,Hello,220360,59,5nGIFgo0shDenQYSE0Sn7c,02w1xMzzdF2OJxTeh1basm
2l4ymyCvSNxvxL2BI9iU0Y,El Aguacatero Michoacano,188400,54,3aVB3VLnoAn6bKiHOEzHag,5G6XvcATXniJlCAaOhI9ZO
2eTJ14pjbaVBmXKohkTihY,Down A** B**ch,332293,50,1J2VVASYAamtQ3Bt8wGgA6,6x7ohjhYzzmCglAT4TD9T9
3rQfYDjgpRy5LFlClpPQW9,Dancing with Myself - 2001 Remaster,227400,53,7lzordPuZEXxwt9aoVZYmG,7K0ImMp2DA0AE50JDxaqnq
5rpRzNcJZqKQXk9PIjreB6,Hurt,216533,55,6kACVPfCOnqzgfEF5ryl0x,5xeMctXQWNmMq4aAjwuR3e
1Ddvwz6qq8WOVn5cNcg2t0,Y Qué,191253,60,0fdpJLsenUo15X3dPPWJSR,7qt9hgD1Z9nrgWbmiRv6Bg
6ubNZ5edKBKH3MQKatUY3S,4Ever (feat. Fabolous),222946,56,5wBDD4FNJvob5fAGkAIQ92,33virfI7yTPHbUXJnsVHHm
094MWdspdy9amhOi8TFlIN,Get It On The Floor,262133,57,1HwM5zlC5qNWhJtM00yXzG,0FeqrLI13XnYNY1s414uQd
6SXy02aTZU3ysoGUixYCz0,Maybe Tomorrow,272946,69,21UJ7PRWb3Etgsu99f8yo8,65ekRZTdz7ufM6yULqgjo8
3bcVBvY42MlPQlerUfWPYA,Monster Mash,157000,54,1cXi8ALPQCBHZbf0EgP4Ey,7JcjFMVKzK0yPMqX8SNEcE
6RIxa9MZvemFe89YAZGD2J,Vuelve Conmigo,236320,60,3nFB4eMP5gdqee2eQb8nZb,5lYbSy6Hf540WyiVaoN8HU
3ORQsL0g4APGsXoqD5tkpm,Mi Niña Cambió,273920,60,1qto4hHid1P71emI6Fd8xi,2Z9tU5T5Xad6u4rTGjZIy7
0PD211kSLtAZ76OSHtMOnJ,Songs About Rain,265800,51,37W8SKV5Vc8lcGtdyWCA5m,4xBILuasKLadf6hitvo5mG
1GzNGrxi4NIOKu0Z4npUss,Encore,250973,54,3nFkdlSjzX9mRTtwJOzDYB,4FWvo9oS4gRgHtAwDwUjiO
1jypmXUJgxWKWJZdDsJiXQ,Why Not,179533,54,2S9W9aSAd7e5mp8WqWxN2h,2zfZe8P8jg53kZaAfCdBYs
0EQuu6hyNACWI7LT7N5pRv,U Should've Known Better,257786,53,6nzxy2wXs6tLgzEtqOkEi2,4lSQkGgFffaUOd22Yrc25v
6njG8EYG1lrROn8P6q46eq,Wat Da Hook Gon Be,224666,52,07W0YfsvHM7Mw7Bq48Mb0A,5T75pyMyLZWKvDl6jFdi0F
52tjHPPO2jw6YOrL4pZepe,Son's Gonna Rise (feat. Robert Randolph) - New Radio Mix,231866,52,7enBrBojgBJuPPdqTq4Z5F,0Wr94YGXYRlBjd9xVbBiLd
3ssz1vdHcaHn6fVtzjP1YD,24's,261506,56,4OBJLual30L7gRl5UkeRcT,6GlgFZDNiFnarMmoTFcwvF
1h4qhOmbd7eQLeMNOg8nWQ,From the Inside,173933,51,6XyY86QOPPrYVGvF9ch6wz,0y13VbGddQ4azdVWakksAL
7nFlzPTW9WGNJ2y9t3Tfvw,High All The Time,269373,52,3q7HBObVc0L8jNeTe5Gofh,4ycNE7y1rp5215g1kkqk1P
7vUdpsAP66ZPZxuJJbVzVo,El Rengo Del Gallo Giro,185520,58,3hYtANQYrE6pd2PbtEyTIy,5HHesQPquZcoecO60eTNBT
33Z5OxL78B6gGbq1GWIfb5,Lágrimas De Cristal,171360,55,1i4xi4ramy5BPYr2Bhf6sc,7bsXKCRcnz0OvN5Z8LFKpQ
0ZSmRnXnP5fdANtVlCok1g,Look What You've Done,230893,64,5ypxebeHEIXjMtJb17uJlI,6NrLpQCPYrNS3kVWxDgIlg
0NpvdCO506uO58D4AbKzki,Sherry,152160,54,6mcrZQmgzFGRWf7C0SObou,0NUEQILaBzavnzcMEs4buZ
4wDSLkTUIpRsn3UbCzW9wV,Motownphilly,235320,51,6O74knDqdv3XaWtkII7Xjp,1aVyRcDS6m2qIyiSgCj4ge
6hquFLJjoBbLhriXnswk11,Moriré Esperando,158534,55,24z2EWgF5nVUKnbJHd9ku2,4JwwVngWxV6EDq7lC3wUBt
0dPTfwViW7WzceWd3NoYk1,De Mí Enamórate,310000,50,4vOycwLXdkMMzpZW04VW5m,4Bqp2IA7vCsoZYtAop9gRe
0Gh6QG4Z1pSvIo7btP1Ux4,Te Suelto el Pelo,136026,60,0eHQ9o50hj6ZDNBt6Ys1sD,1xWGBUugmlHCwXH6AtpQCE
4i2WUspbfNZCnhkypoFKrM,Feelin' Way Too Damn Good,256453,55,6deZN1bslXzeGvOLaLMOIF,4fygErqiNgFUic5hU42Z3E
2aUuMeSbt2aEv94MdG2BYS,My Last Breath,247333,59,5nGIFgo0shDenQYSE0Sn7c,02w1xMzzdF2OJxTeh1basm
6WrOZ59ScdQXE24zcYNyyA,Zoe Jane,276840,54,5KDIH2gF0VpelTqyQS7udb,6PntFOrFJdHpXE9xzjhkyR
3dX0c7tK7bnaUMhZlr6sIC,Fastlane,188813,54,77AKJs9SJqxHXbPgtJPKRa,1mrhahrlJu5JfzgeV6Cy8t
7CIzpZaeeNCtJDi1nqEDXb,Falls On Me,254026,52,0EyuKHE1AeE9lWUF8mzKVp,0IKwaTLwgQIeW3FxeodS5Z
4qRdQm8EzQlkx7WmTKpI4R,Heat,254893,51,3q7HBObVc0L8jNeTe5Gofh,4ycNE7y1rp5215g1kkqk1P
3deUegCTzY5SH15lFlTbUP,In Da Club,193466,51,3q7HBObVc0L8jNeTe5Gofh,0OfzVAXf5aVP4W4NIOLTKj
6f9wNWLVMRX9QbsStbaI4Q,Si Tu Amor No Vuelve,294640,68,3yHLsTJ9OZ19qwY1Q5BEQJ,27c9RUtzsuc6OQFgLvK7AY
5U3i59kbTLrxo46TU1FRnF,People Get Up And Drive Your Funky Soul - Remix,544640,62,7GaxyUddsPok8BuhxN6OUW,3PMLP2hPq76MY9XKAgUC8f
5OU9pkK0wkHJMCOBVYafye,My Favorite Accident,200200,52,19zqV9DV3txjMUjHvltl2D,3h73au9xc77Hnk4Hdkq85i
1nhYiZeuJI3jEabbxKhjfH,Funeral Bell,281026,55,0zfT626RwO6zN3RDYeRit5,2AO7lfXXz1nHfCJiETaxHo
