song_id,song_name,song_duration,song_popularity,artist_id,album_id
01YROQCnF1AQm7SCWJmD2o,This Is Halloween,196560,83,164hs3x1Tsp3FgJWNHee1r,32hXKuDkMnpQaOI67xQj86
2gam98EZKrF9XuOkU13ApN,Promiscuous,242293,87,2jw70GZXlAI8QzWeY2bgRc,2yboV2QBcVGEhcRlYuPpDT
4wH4dJgrsxONID6KS2tDQM,Maneater,258893,85,2jw70GZXlAI8QzWeY2bgRc,2yboV2QBcVGEhcRlYuPpDT
15DeqWWQB4dcEWzJg15VrN,Our Song,201106,77,06HL4z0CvFAxyc27GXpf02,7mzrIsaAjnXihW3InKjlC3
7j31rVgGX9Q2blT92VBEA0,Teenagers,161920,83,7FBcuc1gsnv6Y1nwFtNRCb,0FZK97MXMm5mUQ8mtudjuK
2kQuhkFX7uSVepCD3h29g5,Smack That,212360,87,0z4gvV4rjIZ9wHck67ucSV,6kzoWb4UzvKYgbDfAwgaFq
4wzjNqjKAKDU82e8uMhzmr,Face Down,192000,79,1SImpQO0GbjRgvlwCcCtFo,6TyPSzd5rA2rQ9yLJJ1Gg2
66ZcOcouenzZEnzTJvoFmH,The Sweet Escape,246466,76,4yiQZ8tQPux8cPriYMWUFP,7xnZ539lh8x6de9jzlpCJp
70L6nHORQsblY813yNqUR3,Cherry Waves,317706,78,6Ghvu1VvMGScGpOUJBAHNH,4ilqDlqD37nilewk9x8tyZ
5wQnmLuC1W7ATsArWACrgW,Welcome to the Black Parade,311106,81,7FBcuc1gsnv6Y1nwFtNRCb,0FZK97MXMm5mUQ8mtudjuK
5hnyJvgoWiQUYZttV4wXy6,Chasing Cars,267960,84,3rIZMv9rysU7JkLzEaC5Jp,3k7bXPw2u0C0SBKPMsgMS3
56sk7jBpZV0CD31G9hEU3b,Animal I Have Become,231400,76,2xiIXseIJcq3nG7C8fHeBj,4ZDwEvXIKxWdwhAQK8ndBU
7k6IzwMGpxnRghE7YosnXT,Me & U,192213,79,27FGXRNruFoOdf1vP8dqcH,0j1qzjaJmsF1FkcICf3hRu
4KTtYhxFtFL7mBwnjkKfLm,Glamorous,246573,74,3r17AfJCCUqC9Lf0OAc73G,3t8HFQNlwLBW7htwLvFfzA
2nGFzvICaeEWjIrBrL2RAx,Put Your Records On,215360,81,29WzbAQtDnBJF09es0uddn,141Mp3P2VKHQMhtkW1DyQg
70wYA8oYHoMzhRRkARoMhU,When You Were Young,220426,80,0C0XlULifJtAgn6ZNCW2eu,4o3RJndRhHxkieQzQGhmbw
0faXHILILebCGnJBPU6KJJ,The Diary of Jane - Single Version,200546,77,5BtHciL0e0zOP7prIHn3pP,2usyeZYdUHKlNHKDKgAYSo
0O45fw2L5vsWpdsOdXwNAR,SexyBack (feat. Timbaland),242733,82,31TPClRtHm23RisEBtV3X7,2scB1uhcCI1TSf6b9TCZK3
2N5zMZX7YeL1tico8oQxa9,Crazy,182066,76,5SbkVQYYzlw1kte75QIabH,7p2aWivr9OLXocSTTKtG9B
10Nmj3JCNoMeBQ87uw5j8k,Dani California,282160,80,0L8ExT028jH3ddEcZwqJJ5,7xl50xr9NDkd3i2kBbzsNZ
2aI21FnmY7TJVKeMaoQZ0t,Say It Right,223080,84,2jw70GZXlAI8QzWeY2bgRc,2yboV2QBcVGEhcRlYuPpDT
6brl7bwOHmGFkNw3MBqssT,So Sick,207186,82,21E3waRsmPlU7jZsS13rcj,6gkwOLmk0ALMOjWs5WhAEr
32mVHdy0bi1XKgr0ajsBlG,Picture To Burn,173066,72,06HL4z0CvFAxyc27GXpf02,7mzrIsaAjnXihW3InKjlC3
30cSNer6TV8x2utjULVeQ5,SOS,238920,79,5pKCCKE2ajJHZ9KAiaK11H,2JdjS6jjOml7nt7Yjo0nnh
3lPr8ghNDBLc2uZovNyLs9,Supermassive Black Hole,212439,81,12Chz98pHFMPJEknJQMWvI,0lw68yx3MhKflWFqCsGkIs
2aibwv5hGXSgw7Yru8IYTO,Snow (Hey Oh),334666,82,0L8ExT028jH3ddEcZwqJJ5,7xl50xr9NDkd3i2kBbzsNZ
1D066zixBwqFYqBhKgdPzp,Fergalicious,292373,72,3r17AfJCCUqC9Lf0OAc73G,3t8HFQNlwLBW7htwLvFfzA
4NeOWqHmlrGRuBvsLJC9rL,My Love (feat. T.I.),276160,78,31TPClRtHm23RisEBtV3X7,0tcExuDWMQdBbwSpqN8Ku2
0Ti2dlF2xLjXblvdU5fCxM,Miss Murder,206586,74,19I4tYiChJoxEO5EuviXpz,1XcA7EEpVRg3FpVbhWu9JV
5imShWWzwqfAJ9gXFpGAQh,Waiting On the World to Change,201173,77,0hEurMDQu99nJRq8pTxO14,1Xsprdt1q9rOzTic7b9zYM
6fTgbkBiMITtHUmik95ClX,MakeDamnSure,208280,72,24XtlMhEMNdi822vi0MhY1,3t5ZnNa4NdyldNHZcFhETb
1zN6ynJG4PdR61YWv4PQ3Y,All Around Me,198506,70,4IliztYDlfMvzQzbx50o60,4Hv9JeNCe9bMyTrgt9NjXt
3FP8A246XpuafFofRhDlWG,I'm So Sick,175880,70,4IliztYDlfMvzQzbx50o60,4Hv9JeNCe9bMyTrgt9NjXt
1TctVlWvNpmKGHMuPqJ5G2,Oogie Boogie's Song,197040,72,2Iv9xUxQZyMxknah773Sdw,32hXKuDkMnpQaOI67xQj86
1Q2fYlSdwuutWj3QplhY9q,Riot,207586,72,2xiIXseIJcq3nG7C8fHeBj,4ZDwEvXIKxWdwhAQK8ndBU
4OSbctVD37ycS0H3rwRm72,Prayer Of The Refugee,199386,71,6Wr3hh341P84m3EI8qdn9O,1VZ0i4vJ0AkPbmpuaktZMJ
5gB2IrxOCX2j9bMnHKP38i,Life is a Highway,275640,78,0a1gHP0HAqALbEyxaD5Ngn,3Xiz5kq12VOzTw9Kun7m0f
3Lc65aYhtNRO19Fnq2oMb8,Crazy Bitch,204960,71,0yN7xI1blow9nYIK0R8nM7,2KhDo0Er6dNxcK8zL6252l
1KhrAWvLIjRlQIJtSTgvsi,Would You Go With Me,228186,72,7vCtweS8UVAXTyau2j0rDT,5NATaOfEAcyQFATqWZRKLO
4dyx5SzxPPaD8xQIid5Wjj,Young Folks,276693,79,6u11Qbko2N2hP4lTBYjX86,5g4E06cxsFEMFE9hSekAt2
4bVuIlGQBMWS7vIhcx8Ae4,What Hurts The Most,214106,72,0a1gHP0HAqALbEyxaD5Ngn,5XPdkIryKSpTKW21HUtvV0
3HE50TVRquwXe9yv2HFoNL,Never Too Late,209333,72,2xiIXseIJcq3nG7C8fHeBj,4ZDwEvXIKxWdwhAQK8ndBU
2jdAk8ATWIL3dwT47XpRfu,Slow Dancing in a Burning Room,242000,77,0hEurMDQu99nJRq8pTxO14,1Xsprdt1q9rOzTic7b9zYM
4iuNZTcvT9diFySSzVsnVS,When I See U,217346,74,7xAcVHPiirnUqfdqo0USb1,42DybH3gl3WcfXAQySOEiX
2Fs18NaCDuluPG1DHGw1XG,Life is a Highway,276320,76,0a1gHP0HAqALbEyxaD5Ngn,5XPdkIryKSpTKW21HUtvV0
2hns6Dv29Yrg68AVTJiAyA,Who Knew,208493,77,1KCSPY1glIKqW2TotWuXOR,5rK6h49Qd6gSxxbQGMrWfq
0aJrYfARfCKzv6gXjhs4SZ,Upside Down,209546,77,3GBPw9NK25X1Wt2OUvOwY3,4nvgSs9EQXS5AIwprqq8OU
48NXpYRuvv9izul4oXhqS9,Salió El Sol,315293,81,33ScadVnbm2X8kkUqOkC6Z,5LbfmeWh5cvLpR1Nfvdch5
7zMcNqs55Mxer82bvZFkpg,Teardrops On My Guitar - Radio Single Remix,203040,69,06HL4z0CvFAxyc27GXpf02,7mzrIsaAjnXihW3InKjlC3
2olVm1lHicpveMAo4AUDRB,The Power Of Love,234333,77,7A9yZMTrFZcgEWAX2kBfK6,0u34k1ANjgZ47uQfG9yaLj
1WzAeadSKJhqykZFbJNmQv,Your Man,211893,75,7vCtweS8UVAXTyau2j0rDT,5NATaOfEAcyQFATqWZRKLO
16MVSD0mGI4RMQT83Qzm69,Should've Said No,242200,68,06HL4z0CvFAxyc27GXpf02,7mzrIsaAjnXihW3InKjlC3
6o3s08kk2fQI37vxGZDrJ1,Snap Yo Fingers,274386,71,7sfl4Xt5KmfyDs2T3SVSMK,5ot3hAGLgvrmfZ3ddosFZf
4AniPkv5vgdE1n6VKreiyI,Big Girls Don't Cry (Personal),268120,69,3r17AfJCCUqC9Lf0OAc73G,3t8HFQNlwLBW7htwLvFfzA
0Om9WAB5RS09L80DyOfTNa,Tim McGraw,232106,68,06HL4z0CvFAxyc27GXpf02,7mzrIsaAjnXihW3InKjlC3
5FMXrphygZ4z3gVDHGWxgl,Copacabana (At the Copa),236760,74,3alW3LYQS8K29z8C8NSLIX,52Ho5XgGwrNrPARqqXhJ5P
3SktMqZmo3M9zbB7oKMIF7,Gravity,245826,74,0hEurMDQu99nJRq8pTxO14,1Xsprdt1q9rOzTic7b9zYM
2d6m2F4I7wCuAKtSsdhh83,Famous Last Words,299226,74,7FBcuc1gsnv6Y1nwFtNRCb,0FZK97MXMm5mUQ8mtudjuK
3fytQQcjEOWXlvI9BDXVcK,What's This?,185573,69,5qBZETtyzfYnXOobDXbmcD,32hXKuDkMnpQaOI67xQj86
1LkoYGxmYpO6QSEvY5C0Zl,Scotty Doesn't Know,175200,72,3IJ770I1QPmwVp7yug0eJ4,3MCqjuNms0vjGyUDQ92Ivs
234RqTZmnDTnxWlVciXHLD,It's Not Over,215026,67,5P5FTygHyx2G57oszR3Wot,6ii8Ja21xLGkFH8CQ6bKjj
1qHRFZE8qykNXYZadzmi1m,Give It Away,209320,68,5vngPClqofybhPERIqQMYd,52DiULZMD6JO0Ugp89NhFU
1lATXTBJDHwawvT1UfxWu3,The Pot,381946,72,2yEwvVSSSUkcLeSTNyHKh8,1fvWYcbjuycyHpzNPH1Vfk
2gvmxusSOe3vNjNDjQWaso,My Alcoholic Friends,167680,74,5JqX1glXPg6428ubI1w72i,1jcVHOTgDFDb5nLh2wTCaR
4OyzSXRSadNQt5EMwASdap,Todo Cambió,193826,79,2gRP1Ezbtj3qrERnd0XasU,7dTSfhp5okEjaYXp38LwVf
27ze5t5tIDPlVits0KRbxT,El Perdedor,215213,78,1qto4hHid1P71emI6Fd8xi,03Sa02WIHEwH8lHfbipmrz
3FAclTFfvUuQYnEsptbK8w,Back To Black,241293,83,6Q192DXotxtaysaqNPy5yR,0E4xv5gPjykrwBgBZzI8XG
5OusUgzHz6Ulb3GZT7WUo5,Watching You,235426,69,2qgvmDsc4jrqbAbjq1HGM2,5YG0aqiSCfhcWmW2KEsSWJ
05Sgj1Hx03ZXc57gsV1kfX,It's Goin' Down (feat. Nitti),241840,68,23LbwefIODbyGdRbAz3urj,1Lr1TMh8vcdD3OvrzQTGVn
6zKF4293k44ItKWJJgrhXv,My Curse,244773,72,37394IP6uhnjIpsawpMu4l,6iJEtgHTEbVlSS5isIS71z
5YqpHuXpFjDVZ7tY1ClFll,Heartbeats,161680,68,6xrCU6zdcSTsG2hLrojpmI,2e0BYdQ7VJlzSNHafdmfrl
0Zj3Ihs4nn3G3xZ2LKLEbP,Sally's Song,107666,69,0KDbBK1pnCWEL33tRNwDhD,32hXKuDkMnpQaOI67xQj86
5PZ2cqh9Yem2g6cTSOLllz,Pain,202973,69,2xiIXseIJcq3nG7C8fHeBj,4ZDwEvXIKxWdwhAQK8ndBU
4JXfNOePhdgMOI7KZ1L25U,Breath,218466,70,5BtHciL0e0zOP7prIHn3pP,2usyeZYdUHKlNHKDKgAYSo
6nLvaCZFR1wEzW3sIKpsnr,"Valerie - Live At BBC Radio 1 Live Lounge, London / 2007",233733,77,6Q192DXotxtaysaqNPy5yR,0E4xv5gPjykrwBgBZzI8XG
56Tl3UgyZTqfZtvFNS31wm,The Great Escape,206520,66,0vWCyXMrrvMlCcepuOJaGI,47ttGApwQx3iAWz8tFFnNj
7jRoWfRlLnGYEIEn4t4kbq,London Bridge,241306,68,3r17AfJCCUqC9Lf0OAc73G,3t8HFQNlwLBW7htwLvFfzA
0CXVjQI9wsqaGeIARkkpYc,I Wanna Love You,247066,76,0z4gvV4rjIZ9wHck67ucSV,6kzoWb4UzvKYgbDfAwgaFq
2ASygm7048ssav4ekbehPS,Beware,360666,70,6Ghvu1VvMGScGpOUJBAHNH,4ilqDlqD37nilewk9x8tyZ
6l8GvAyoUZwWDgF1e4822w,Bohemian Rhapsody,355400,67,1dfeR4HaWDbWqFHLkxsg1d,7C2DKB8C12LqxMkfJRwTo9
7I6DceMT3utDOHjcYCbrr4,Don't Matter,293053,77,0z4gvV4rjIZ9wHck67ucSV,6kzoWb4UzvKYgbDfAwgaFq
06iUp1XbbaOvAmzrrZeT32,Kidnap The Sandy Claws,182626,68,5qBZETtyzfYnXOobDXbmcD,32hXKuDkMnpQaOI67xQj86
1kdiiFGX1Htx0aVZYaDwEJ,Tears Don't Fall,348386,66,7iWiAD5LLKyiox2grgfmUT,7zU9hmH9CKQ9Yf5SruqOLM
4v5kAh2wWyCSuKuhMJK8u6,Long Way 2 Go,220639,77,27FGXRNruFoOdf1vP8dqcH,0j1qzjaJmsF1FkcICf3hRu
3hQCHzkE5oSA3F1xM8bpcM,Hustlin',254093,71,1sBkRIssrMs1AbVkOJbc7a,42T8qfRs7jdpInsSk6nDJk
6yLqoieklk9gwabLaUDJ4s,Perdóname,242390,79,4VsbQvC84B8Z3IsBY1HLQy,3jjhGPZjbKkW8b85zd7vfE
1zyGFId8xHOcRmCmehrwlc,I Can't Decide,166573,69,3Y10boYzeuFCJ4Qgp53w6o,3YIdZQ7UbWoTxPgznAYVOC
6shRGWCtBUOPFLFTTqXZIC,Upside Down,208653,67,3GBPw9NK25X1Wt2OUvOwY3,3Jl7i9Vo0Ht4co9SqTFjQy
2GlV9w8oHSQdiPPk9lxqlp,Fine,279910,73,4llAOeA6kEF4ytaB2fsmcW,4ZE05qOXBcWmItdv95gyiy
6oYkwjI1TKP9D0Y9II1GT7,Under the Sea,195146,71,6Id8rcDNyBXPcgKQVfQ8rX,4aAwvCRNJIqiUGVEjieWv6
2RUhtNBh43RtSg0WBPPq3m,Naive,203506,66,1GLtl8uqKmnyCWxHmw9tL4,4MhInH4XT7ReDV5fCZjaSz
5NeIONQWJ25uPylJBJiO4c,Through Glass,282946,73,49qiE8dj4JuNdpYGRPdKbF,0dZB8UHYsM7jKmm7ByzAVq
7tUSJY4nsDBJTjd1UXKRsT,Part of Your World,195493,71,4mmMtabvFCKA6HfmVmitNH,4aAwvCRNJIqiUGVEjieWv6
2lMg3lCMOGistaWBNGjuT3,Blow the Whistle,163133,67,4sb7rZNN93BSS6Gqgepo4v,5GiqXho2S6vfntgRwSdhYp
1MBM7CyZbwJpVbbZJnHHRg,Summer Love,252973,71,31TPClRtHm23RisEBtV3X7,2scB1uhcCI1TSf6b9TCZK3
7ISL3LO8AWP3fKIXunvqTa,Joker And The Thief,280466,68,3yEnArbNHyTCwMRvD9SBy4,5ywynDHLHT3l8QSu41TcmC
5I76YtdZkFQReVgKppRd78,Mi Corazoncito,234240,72,1qto4hHid1P71emI6Fd8xi,03Sa02WIHEwH8lHfbipmrz
6ls5ulRydoPE7oWGPGBqFA,Lonely,235066,70,0z4gvV4rjIZ9wHck67ucSV,4RjjlOaPA7DewUH9icOIiv
0HDHY6RSHHG2ZTE0cMT4GJ,Los Infieles,257186,75,1qto4hHid1P71emI6Fd8xi,03Sa02WIHEwH8lHfbipmrz
3pD0f7hSJg2XdQ6udw5Tey,What Goes Around.../...Comes Around (Interlude),448573,76,31TPClRtHm23RisEBtV3X7,2scB1uhcCI1TSf6b9TCZK3
4KqBoq7MoDJeVsvUHTjXCM,Sweet Pea,129626,70,0QrowybipCKUDnq5y10PD2,7zAMTPQbo4MM4trmSpvsNo
4VCexsNDyC2j8ZrY34RwV0,Jack's Lament,194026,66,5qBZETtyzfYnXOobDXbmcD,32hXKuDkMnpQaOI67xQj86
5clFSlfkCRlhnH1cAQjSBi,Sensacion Del Bloque,182186,79,3EiLUeyEcA6fbRPSHkG5kb,369oPiSP9Y3CzTR6uWU4Da
0uukw2CgEIApv4IWAjXrBC,Dead!,195520,70,7FBcuc1gsnv6Y1nwFtNRCb,0FZK97MXMm5mUQ8mtudjuK
4fPBB44eDH71YohayI4eKV,You Only Live Once,189226,75,0epOFNiUfyON9EYx7Tpr6V,1HQ61my1h3VWp2EBWKlp0n
30FURVTCpbKyykjSEQzGkH,Back To Black,240440,72,6Q192DXotxtaysaqNPy5yR,097eYvf9NKjFnv4xA9s2oV
7piw04hPQZ1OHZ9Fq9JOXR,Time of Dying,186373,69,2xiIXseIJcq3nG7C8fHeBj,4ZDwEvXIKxWdwhAQK8ndBU
4T4NLIMypdmyUwK54jECk4,Too Little Too Late,221720,74,5xuNBZoM7z1Vv8IQ6uM0p6,3ym3JtyhWmVIJzEzTCCsHa
6Efmq0wDgijxWFdBkzIOvb,Set It Off,284586,65,6z7xFFHxYkE9t8bwIF0Bvg,7EEdfr0tQIbdFe6UKwK93O
100Tm6z29RfHTdUQ6NIs0s,Me Voy,187520,82,2QWIScpFDNxmS6ZEMIUvgm,1YhHEtOj1mhMz0769Fqa9Q
10aWGOqSDBqvNzJ9NeKDbK,Sexy Love,220853,74,21E3waRsmPlU7jZsS13rcj,6gkwOLmk0ALMOjWs5WhAEr
6Gfmj0HbpvxTdW0sdlzTDU,My Wish,248280,66,0a1gHP0HAqALbEyxaD5Ngn,5XPdkIryKSpTKW21HUtvV0
6RFkVsPmrM4pzlDkFswwJl,God's Gonna Cut You Down,158573,65,6kACVPfCOnqzgfEF5ryl0x,40ObOkEaQKVmcJ6k1W2xMg
2R5uY1gbIKzGB1yAOH067s,Over You,204853,64,5P5FTygHyx2G57oszR3Wot,6ii8Ja21xLGkFH8CQ6bKjj
3DQVgcqaP3iSMbaKsd57l5,I Bet You Look Good On The Dancefloor,173680,77,7Ln80lUS6He07XvHI8qqHH,50Zz8CkIhATKUlQMbHO3k1
10ASBwZsp7oUUDsJEYz3uS,Dance With The Devil,227106,70,5BtHciL0e0zOP7prIHn3pP,6yJdQMlMkfYJFiSsL6764c
4f49sFQko7jHLEFd3tCf5p,Ojitos Chiquitos,229026,80,33ScadVnbm2X8kkUqOkC6Z,5LbfmeWh5cvLpR1Nfvdch5
5lRzWDEe7UuedU2QPsFg0K,The Funeral,322173,74,0OdUWJ0sBjDrqHygGUXeCF,7ik4rjxOnmwnAWWzjj5ni3
0SzvmWfOhoxZVGrmvb56YL,Baby I'm Yours,152613,73,7Ln80lUS6He07XvHI8qqHH,219r3vm32Uzj5Ef7lu9aKw
50xeLNGKmskmYUSINhqvfa,Clumsy,240426,65,3r17AfJCCUqC9Lf0OAc73G,3t8HFQNlwLBW7htwLvFfzA
4aR9bPMAOFySBuQSbVWF3d,Smile,196893,64,13saZpZnCDWOI9D4IJhp1f,3nxPzWEJBjzonYWtTNb0uY
6nnacTL5on2aVsRhVDNUSo,Through the Fire and Flames,441560,65,2pH3wEn4eYlMMIIQyKPbVR,5hzFLt9DwW1RXr7omvS4B5
663Karu2rvKLdnY0eo1n3M,Call Me When You're Sober,214706,72,5nGIFgo0shDenQYSE0Sn7c,3lFQ9ihSNR5YD0yi0yTzdC
1Fu9o08qEKVEwzU8siVcig,Situations,187880,67,5ojhEavq6altxW8fWIlLum,01ufkmZ5R6UvEqKWfuNotw
2JBs412fpVUuzIaIp3CyIs,Bendita Tu Luz,264720,70,7okwEbXzyT2VffBmyQBWLz,6XrpkEuQyfilUHMduKDeuB
0CAJdthKDdRjB2h8YOguN6,What You Know,274333,66,4OBJLual30L7gRl5UkeRcT,2X7s6Gt8Xz2qEwlw4GVcQo
4xlEKYv7HmC8zXoJIbpZKM,"Steady, As She Goes",215266,70,4wo1267SJuUfHgasdlfNfc,4Z1sCXBHHKWCsScOLAfuig
5Bpc360LNUScK53FrM8nvB,Hole in the Earth,249320,67,6Ghvu1VvMGScGpOUJBAHNH,4ilqDlqD37nilewk9x8tyZ
7HW5tUjaKxBUamSi7nnzPt,Eso Y Más,159172,75,7FsRH5bw8iWpSbMX1G7xf1,2xCw6KdAxnF1OBvsrLbKDM
0Zh3tKIphLOvQux4dA6PFZ,Mama,279026,69,7FBcuc1gsnv6Y1nwFtNRCb,0FZK97MXMm5mUQ8mtudjuK
4RAOI1etsgbh5NP3T5R8rN,I Don't Love You,238680,75,7FBcuc1gsnv6Y1nwFtNRCb,0FZK97MXMm5mUQ8mtudjuK
08KTQSs3ickNki7FFTb6fY,The Cult of Dionysus,187385,68,2qU0jqxiFeXrw5NTV1bIQM,5W8NoCn4BTWzfiCH4VsOAb
2fyIS6GXMgUcSv4oejx63f,Mardy Bum,175440,78,7Ln80lUS6He07XvHI8qqHH,50Zz8CkIhATKUlQMbHO3k1
3JrD5PQbOAgGTKhts9Te6d,Free And Easy (Down The Road I Go),199560,65,7x8nK0m0cP2ksQf0mjWdPS,2xONRhFNwgzkxM26JK9YI6
358bOvBiZCS9fRzNYosw6c,Like a Boy,237053,67,2NdeV5rLm47xAvogXrYhJX,0hfJ35SzCkWesdUpLKXLto
0I0wn4G67txQwENcmRH3d6,Caribou Lou,271813,64,6UBA15slIuadJ8h2lPRPos,7eUmMXeZLYIn4IKpyko33w
45dGKmN6jw7PgK6Dw2rEp2,Real Gone,200733,71,4TKTii6gnOnUXQHyuo9JaD,3Xiz5kq12VOzTw9Kun7m0f
1G7DcLzPnopdZjLkev0K4e,Irreplaceable,227666,68,6vWDO969PvNqNYHIOW5v0m,77eZ5eMEh3U0KWricrbevO
3skn2lauGk7Dx6bVIt5DVj,Starlight,240213,76,12Chz98pHFMPJEknJQMWvI,0lw68yx3MhKflWFqCsGkIs
3N4DI1vuTSX1tz7fa2NQZw,Rehab,214946,76,6Q192DXotxtaysaqNPy5yR,0E4xv5gPjykrwBgBZzI8XG
4BIWl6xOUupdv3jpWtPSDC,Fully Alive,154133,63,4IliztYDlfMvzQzbx50o60,4Hv9JeNCe9bMyTrgt9NjXt
6nz35DNIzbtj5ztpDEcW1j,"Kick, Push",254466,65,01QTIT5P1pFP3QnnFSdsJf,0TDJRkEr2SrhWTetdkEzED
614NVFo5csQqRnryl4jXs2,El Telefono,235626,73,2TjgzYcbTdsZjbT9OItIeB,5eklEkHSU1l3yewxdePzRL
2ZICF8SFI5tHttaLJKMY1X,False Pretense,149640,69,1SImpQO0GbjRgvlwCcCtFo,6TyPSzd5rA2rQ9yLJJ1Gg2
4C2zOFgrXxfNGNpYQWIcaH,Labios Compartidos,317626,72,7okwEbXzyT2VffBmyQBWLz,6XrpkEuQyfilUHMduKDeuB
5pRElcsPZrgZXkoON2o5Go,Comatose,230426,69,49bzE5vRBRIota4qeHtQM8,16ElbnOtY2UgGaPKoLfst4
1aDLUzCyYpRXgrjwUWzV2X,Lazy Eye,354360,65,6qyi8X6MdP1lu6B1K6yh3h,2Qr40p1sv6NYrf9NPehsrO
3mU0DbuWtUX5KCaovOQZVK,Rosa Pastel,185920,85,3oNy8cjBtJzLC07I70sklp,5aamU0jIrX7bsjUsPCFVAK
7g7M96UGiA7OR79H86gV4m,U and Dat (feat. T. Pain & Kandi Girl),202720,64,3crnzLy8R4lVwaigKEOz7V,3VqKqWHOHYfZqttJ0WwQHl
2zzLRQ78kKfPTx8FJQCdC2,When The Sun Goes Down,202133,77,7Ln80lUS6He07XvHI8qqHH,50Zz8CkIhATKUlQMbHO3k1
2DmBuFsXx1Pd5FHrMF8PD8,It Just Comes Natural,176426,63,5vngPClqofybhPERIqQMYd,52DiULZMD6JO0Ugp89NhFU
13xxBnXOuiBxVxJI458B0i,Unfaithful,226973,74,5pKCCKE2ajJHZ9KAiaK11H,2JdjS6jjOml7nt7Yjo0nnh
7vSn3VNbzOtPebdj6ZSebj,If You're Going Through Hell (Before The Devil Even Knows),216773,64,2qgvmDsc4jrqbAbjq1HGM2,5YG0aqiSCfhcWmW2KEsSWJ
78DwRIo6Vj6wqteyerGetr,The Heart of Life,198200,68,0hEurMDQu99nJRq8pTxO14,1Xsprdt1q9rOzTic7b9zYM
3a9urnht8HvfFzPwd0ipx6,Holy Diver,250253,67,37394IP6uhnjIpsawpMu4l,6iJEtgHTEbVlSS5isIS71z
3stWWPN41byqp8loPdy92u,Master of None,199413,68,56ZTgzPBDge0OvCGgMO3OY,32bJgeIOAFiNkucTCje5O5
65ShmiE5aLBdcIGr7tHX35,Vicarious,426680,67,2yEwvVSSSUkcLeSTNyHKh8,1fvWYcbjuycyHpzNPH1Vfk
1pLdjo3lOBbMaoR4ZpybFH,Promise,267413,65,2NdeV5rLm47xAvogXrYhJX,0hfJ35SzCkWesdUpLKXLto
3rusXt8aQcGDtYImYtL5tm,Más Allá Del Sol,163654,73,7FsRH5bw8iWpSbMX1G7xf1,2xCw6KdAxnF1OBvsrLbKDM
5iJfzXKvQXlYOBtEQhEmpA,"Tokyo Drift (Fast & Furious) - From ""The Fast And The Furious: Tokyo Drift"" Soundtrack",255173,69,7HBai5xymOxIWoMWvWshe1,4SJhZBuuLYlwUJGxWf8Pj0
5zd9TgduWbfFXwgnm3K3Rz,Poppin' My Collar (feat. Project Pat),176880,63,26s8LSolLfCIY88ysQbIuT,0Pe9KCcaFK7CkeZPWXCuaB
1EotcFbWTbMCXeKFVEtX6Y,Vindicated,201346,62,4ERtgeBbWRkFzIz6LaFCeY,6HNDip6KYIQapVTDziA91U
7cVmKBwzPsh4Fmb6SplfEm,"Lean Wit It, Rock Wit It",229813,63,0VKTLKamj4IH8OfQbUL0kq,0e0ks1xlvQBOsC3Gsw2EgA
4fFgpzgSkmn3wajioLBPOr,Mis Ojos Lloran Por Ti,295533,76,5bVQN1TENxjVjWXNHHpflG,5o36XrjVl3YdBYqt0p57Gc
6ksWMnPcHNyNoNf3y1BQCO,Noche De Entierro,263293,77,4VMYDCV2IEDYJArk749S6m,0sMHBG6T20O56Wrtu1pR1f
