song_id,tempo,type,loudness,mode,speechiness,liveness,valence,danceability,energy,acousticness,instrumentalness
01YROQCnF1AQm7SCWJmD2o,167.624,audio_features,-12.823,1,0.0502,0.145,0.647,0.569,0.508,0.768,0.0
2gam98EZKrF9XuOkU13ApN,114.328,audio_features,-6.098,0,0.0506,0.154,0.868,0.808,0.97,0.0569,6.13e-05
4wH4dJgrsxONID6KS2tDQM,132.722,audio_features,-4.81,1,0.0397,0.121,0.787,0.796,0.777,0.0261,0.000358
15DeqWWQB4dcEWzJg15VrN,89.011,audio_features,-4.931,1,0.0303,0.329,0.539,0.668,0.672,0.111,0.0
7j31rVgGX9Q2blT92VBEA0,111.647,audio_features,-3.063,1,0.0632,0.184,0.856,0.463,0.857,0.0506,0.0
2kQuhkFX7uSVepCD3h29g5,118.978,audio_features,-5.171,0,0.0467,0.107,0.924,0.939,0.742,0.321,0.0
4wzjNqjKAKDU82e8uMhzmr,92.956,audio_features,-2.189,0,0.0399,0.127,0.464,0.545,0.932,0.000665,0.0
66ZcOcouenzZEnzTJvoFmH,119.961,audio_features,-3.502,1,0.0343,0.178,0.73,0.756,0.77,0.191,0.0
70L6nHORQsblY813yNqUR3,124.01,audio_features,-3.663,1,0.0537,0.142,0.17,0.47,0.859,0.000362,0.00691
5wQnmLuC1W7ATsArWACrgW,96.95,audio_features,-4.103,1,0.0752,0.222,0.236,0.217,0.905,0.000289,0.00011
5hnyJvgoWiQUYZttV4wXy6,104.011,audio_features,-4.53,1,0.0274,0.132,0.144,0.56,0.595,0.199,6.47e-05
56sk7jBpZV0CD31G9hEU3b,122.023,audio_features,-3.668,1,0.0339,0.126,0.506,0.553,0.853,0.000684,0.0
7k6IzwMGpxnRghE7YosnXT,99.99,audio_features,-4.802,0,0.0294,0.0655,0.739,0.803,0.454,0.352,0.0
4KTtYhxFtFL7mBwnjkKfLm,130.991,audio_features,-6.408,1,0.199,0.0857,0.625,0.81,0.755,0.291,0.0
2nGFzvICaeEWjIrBrL2RAx,96.038,audio_features,-7.844,1,0.0362,0.133,0.542,0.739,0.511,0.167,1.34e-06
70wYA8oYHoMzhRRkARoMhU,130.433,audio_features,-3.313,1,0.112,0.28,0.321,0.467,0.988,0.000152,0.0484
0faXHILILebCGnJBPU6KJJ,167.024,audio_features,-4.441,0,0.0644,0.106,0.269,0.392,0.964,7.13e-05,0.0387
0O45fw2L5vsWpdsOdXwNAR,117.0,audio_features,-5.562,0,0.0789,0.0519,0.964,0.967,0.583,0.0584,0.0
2N5zMZX7YeL1tico8oQxa9,111.963,audio_features,-1.609,1,0.0339,0.0826,0.612,0.835,0.741,0.0172,0.0577
10Nmj3JCNoMeBQ87uw5j8k,96.184,audio_features,-2.36,1,0.0437,0.346,0.73,0.556,0.913,0.0193,8.59e-06
2aI21FnmY7TJVKeMaoQZ0t,116.948,audio_features,-6.328,1,0.139,0.0543,0.809,0.872,0.872,0.0476,0.00112
6brl7bwOHmGFkNw3MBqssT,92.791,audio_features,-8.336,1,0.31,0.189,0.58,0.452,0.574,0.246,0.0
32mVHdy0bi1XKgr0ajsBlG,105.586,audio_features,-2.098,1,0.0323,0.0962,0.821,0.658,0.877,0.173,0.0
30cSNer6TV8x2utjULVeQ5,137.046,audio_features,-4.905,1,0.0361,0.413,0.527,0.677,0.671,0.004,5.07e-05
3lPr8ghNDBLc2uZovNyLs9,120.0,audio_features,-3.727,1,0.0439,0.0877,0.782,0.668,0.921,0.0492,0.00517
2aibwv5hGXSgw7Yru8IYTO,104.655,audio_features,-3.674,1,0.0499,0.119,0.599,0.427,0.9,0.116,1.75e-05
1D066zixBwqFYqBhKgdPzp,129.056,audio_features,-7.721,0,0.317,0.126,0.829,0.906,0.583,0.0569,0.0
4NeOWqHmlrGRuBvsLJC9rL,119.952,audio_features,-5.881,0,0.224,0.682,0.808,0.771,0.68,0.277,1.18e-05
0Ti2dlF2xLjXblvdU5fCxM,143.519,audio_features,-4.542,1,0.0533,0.0974,0.686,0.308,0.873,0.00022,0.000729
5imShWWzwqfAJ9gXFpGAQh,176.739,audio_features,-5.82,1,0.115,0.249,0.663,0.578,0.756,0.157,0.000232
6fTgbkBiMITtHUmik95ClX,140.496,audio_features,-5.608,1,0.0453,0.372,0.432,0.552,0.836,0.00942,0.0
1zN6ynJG4PdR61YWv4PQ3Y,146.975,audio_features,-4.893,1,0.0456,0.0525,0.47,0.473,0.871,0.0216,0.0
3FP8A246XpuafFofRhDlWG,153.932,audio_features,-4.261,1,0.0914,0.102,0.233,0.429,0.96,6.46e-05,6.27e-06
1TctVlWvNpmKGHMuPqJ5G2,109.796,audio_features,-12.013,1,0.288,0.136,0.573,0.5,0.435,0.487,1.22e-06
1Q2fYlSdwuutWj3QplhY9q,196.578,audio_features,-3.892,1,0.147,0.105,0.316,0.185,0.948,0.0104,0.0
4OSbctVD37ycS0H3rwRm72,195.711,audio_features,-3.494,0,0.159,0.259,0.39,0.2,0.977,0.00165,1.1e-05
5gB2IrxOCX2j9bMnHKP38i,103.042,audio_features,-5.562,1,0.0607,0.199,0.558,0.562,0.934,0.00211,0.0
3Lc65aYhtNRO19Fnq2oMb8,98.023,audio_features,-3.064,0,0.107,0.0856,0.591,0.66,0.978,0.0247,0.0
1KhrAWvLIjRlQIJtSTgvsi,122.918,audio_features,-5.365,1,0.0292,0.113,0.736,0.605,0.864,0.13,0.000827
4dyx5SzxPPaD8xQIid5Wjj,138.185,audio_features,-6.005,1,0.0377,0.105,0.662,0.699,0.812,0.0164,0.000763
4bVuIlGQBMWS7vIhcx8Ae4,136.002,audio_features,-5.134,0,0.0277,0.265,0.33,0.537,0.674,0.0088,0.0
3HE50TVRquwXe9yv2HFoNL,149.864,audio_features,-4.68,0,0.0371,0.163,0.217,0.433,0.778,0.00838,0.0
2jdAk8ATWIL3dwT47XpRfu,134.018,audio_features,-8.69,0,0.0273,0.0805,0.29,0.667,0.361,0.575,0.00506
4iuNZTcvT9diFySSzVsnVS,93.135,audio_features,-6.486,1,0.172,0.205,0.754,0.569,0.596,0.452,7.92e-05
2Fs18NaCDuluPG1DHGw1XG,103.027,audio_features,-3.848,1,0.0731,0.223,0.655,0.582,0.952,0.00324,0.0
2hns6Dv29Yrg68AVTJiAyA,140.004,audio_features,-4.569,1,0.0274,0.0756,0.46,0.688,0.734,0.00462,0.0
0aJrYfARfCKzv6gXjhs4SZ,102.477,audio_features,-8.314,1,0.045,0.132,0.694,0.792,0.647,0.255,0.000223
48NXpYRuvv9izul4oXhqS9,110.002,audio_features,-5.892,0,0.0873,0.0466,0.965,0.887,0.701,0.106,0.00948
7zMcNqs55Mxer82bvZFkpg,99.953,audio_features,-6.941,1,0.0231,0.119,0.289,0.621,0.417,0.288,0.0
2olVm1lHicpveMAo4AUDRB,118.773,audio_features,-5.109,1,0.0313,0.097,0.962,0.768,0.829,0.0964,2.92e-05
1WzAeadSKJhqykZFbJNmQv,100.511,audio_features,-4.483,1,0.0241,0.0696,0.785,0.744,0.637,0.337,0.000222
16MVSD0mGI4RMQT83Qzm69,167.964,audio_features,-3.771,0,0.0289,0.196,0.472,0.476,0.777,0.0103,0.0
6o3s08kk2fQI37vxGZDrJ1,82.038,audio_features,-5.029,0,0.23,0.29,0.626,0.835,0.757,0.00647,0.0
4AniPkv5vgdE1n6VKreiyI,113.083,audio_features,-4.271,1,0.0337,0.0925,0.249,0.707,0.642,0.204,0.0
0Om9WAB5RS09L80DyOfTNa,76.009,audio_features,-6.462,1,0.0251,0.121,0.425,0.58,0.491,0.575,0.0
5FMXrphygZ4z3gVDHGWxgl,116.735,audio_features,-6.412,0,0.0758,0.0754,0.66,0.606,0.899,0.333,0.000102
3SktMqZmo3M9zbB7oKMIF7,123.799,audio_features,-9.883,1,0.0342,0.24,0.237,0.753,0.326,0.731,0.00131
2d6m2F4I7wCuAKtSsdhh83,122.252,audio_features,-3.679,0,0.106,0.125,0.309,0.467,0.883,0.000321,0.000152
3fytQQcjEOWXlvI9BDXVcK,81.486,audio_features,-10.907,1,0.0753,0.126,0.501,0.518,0.473,0.818,1.44e-05
1LkoYGxmYpO6QSEvY5C0Zl,174.009,audio_features,-4.525,1,0.0472,0.363,0.544,0.317,0.887,0.000449,9.23e-06
234RqTZmnDTnxWlVciXHLD,145.927,audio_features,-3.245,0,0.0618,0.245,0.294,0.428,0.919,0.0503,0.0
1qHRFZE8qykNXYZadzmi1m,148.1,audio_features,-5.876,1,0.027,0.262,0.613,0.674,0.646,0.486,8.37e-05
1lATXTBJDHwawvT1UfxWu3,107.45,audio_features,-6.889,1,0.0391,0.282,0.466,0.469,0.79,0.000148,0.372
2gvmxusSOe3vNjNDjQWaso,110.464,audio_features,-3.881,0,0.0324,0.0938,0.746,0.596,0.679,0.18,0.0
4OyzSXRSadNQt5EMwASdap,173.85,audio_features,-6.453,1,0.0625,0.233,0.363,0.452,0.523,0.563,0.0
27ze5t5tIDPlVits0KRbxT,128.044,audio_features,-10.645,1,0.0345,0.12,0.894,0.779,0.589,0.332,0.0
3FAclTFfvUuQYnEsptbK8w,122.728,audio_features,-13.964,0,0.0373,0.0861,0.378,0.403,0.422,0.134,2.05e-05
5OusUgzHz6Ulb3GZT7WUo5,137.993,audio_features,-4.008,1,0.0314,0.23,0.716,0.625,0.848,0.105,0.0
05Sgj1Hx03ZXc57gsV1kfX,84.003,audio_features,-7.702,0,0.0612,0.131,0.609,0.888,0.577,0.0986,0.0
6zKF4293k44ItKWJJgrhXv,177.018,audio_features,-2.908,0,0.0663,0.261,0.209,0.197,0.956,7.61e-05,0.00992
5YqpHuXpFjDVZ7tY1ClFll,88.409,audio_features,-14.891,1,0.0325,0.0958,0.311,0.589,0.177,0.977,0.714
0Zj3Ihs4nn3G3xZ2LKLEbP,111.801,audio_features,-19.601,1,0.0383,0.191,0.113,0.268,0.113,0.952,0.000389
5PZ2cqh9Yem2g6cTSOLllz,160.515,audio_features,-4.001,1,0.0335,0.273,0.286,0.416,0.741,0.00804,0.0
4JXfNOePhdgMOI7KZ1L25U,182.851,audio_features,-4.145,0,0.0467,0.0845,0.313,0.347,0.868,0.00012,0.000273
6nLvaCZFR1wEzW3sIKpsnr,96.574,audio_features,-5.743,0,0.0348,0.167,0.684,0.772,0.371,0.744,0.0
56Tl3UgyZTqfZtvFNS31wm,149.934,audio_features,-4.012,0,0.0635,0.178,0.505,0.423,0.94,0.00166,0.0
7jRoWfRlLnGYEIEn4t4kbq,90.952,audio_features,-5.894,1,0.345,0.166,0.631,0.77,0.609,0.214,0.0
0CXVjQI9wsqaGeIARkkpYc,99.985,audio_features,-9.383,1,0.0414,0.275,0.368,0.866,0.454,0.0373,1.49e-06
2ASygm7048ssav4ekbehPS,145.156,audio_features,-5.393,1,0.0375,0.137,0.1,0.265,0.714,0.000129,0.432
6l8GvAyoUZwWDgF1e4822w,144.242,audio_features,-10.405,0,0.0503,0.188,0.21,0.397,0.386,0.271,0.0
7I6DceMT3utDOHjcYCbrr4,125.232,audio_features,-6.062,1,0.0403,0.326,0.354,0.798,0.443,0.244,0.0
06iUp1XbbaOvAmzrrZeT32,137.566,audio_features,-12.009,0,0.103,0.521,0.771,0.744,0.524,0.795,0.0
1kdiiFGX1Htx0aVZYaDwEJ,162.109,audio_features,-3.378,0,0.14,0.081,0.28,0.213,0.927,0.000729,4.85e-06
4v5kAh2wWyCSuKuhMJK8u6,105.272,audio_features,-8.138,1,0.0488,0.372,0.675,0.589,0.655,0.057,0.000353
3hQCHzkE5oSA3F1xM8bpcM,136.08,audio_features,-7.224,1,0.3,0.0675,0.648,0.502,0.652,0.0848,0.0
6yLqoieklk9gwabLaUDJ4s,94.983,audio_features,-5.868,0,0.0334,0.199,0.384,0.67,0.821,0.251,0.0
1zyGFId8xHOcRmCmehrwlc,96.99,audio_features,-4.956,1,0.0312,0.202,0.872,0.69,0.795,0.255,0.0
6shRGWCtBUOPFLFTTqXZIC,102.485,audio_features,-8.339,0,0.0431,0.138,0.65,0.787,0.655,0.238,0.000171
2GlV9w8oHSQdiPPk9lxqlp,134.997,audio_features,-9.129,1,0.0405,0.0545,0.439,0.705,0.806,0.0797,0.000169
6oYkwjI1TKP9D0Y9II1GT7,98.957,audio_features,-14.667,1,0.161,0.105,0.819,0.511,0.475,0.708,0.0
2RUhtNBh43RtSg0WBPPq3m,102.765,audio_features,-6.165,0,0.0624,0.127,0.722,0.547,0.816,0.0688,0.0
5NeIONQWJ25uPylJBJiO4c,105.754,audio_features,-4.618,0,0.036,0.389,0.434,0.545,0.753,0.0417,0.0
7tUSJY4nsDBJTjd1UXKRsT,61.551,audio_features,-14.516,1,0.0482,0.29,0.302,0.274,0.144,0.92,0.000388
2lMg3lCMOGistaWBNGjuT3,99.918,audio_features,-5.557,1,0.198,0.151,0.605,0.907,0.625,0.0042,0.0
1MBM7CyZbwJpVbbZJnHHRg,95.802,audio_features,-7.228,0,0.087,0.328,0.477,0.606,0.591,0.0756,0.0
7ISL3LO8AWP3fKIXunvqTa,155.376,audio_features,-2.741,1,0.0517,0.376,0.456,0.264,0.78,0.0452,0.0222
5I76YtdZkFQReVgKppRd78,133.035,audio_features,-8.078,0,0.0463,0.13,0.961,0.814,0.639,0.0979,0.0
6ls5ulRydoPE7oWGPGBqFA,90.08,audio_features,-7.85,0,0.0339,0.342,0.578,0.633,0.529,0.307,0.0
0HDHY6RSHHG2ZTE0cMT4GJ,132.932,audio_features,-8.221,0,0.0411,0.059,0.817,0.745,0.716,0.202,0.0
3pD0f7hSJg2XdQ6udw5Tey,76.0,audio_features,-4.751,1,0.0709,0.573,0.432,0.687,0.723,0.122,0.00102
4KqBoq7MoDJeVsvUHTjXCM,102.073,audio_features,-9.413,1,0.0584,0.234,0.816,0.946,0.289,0.152,2e-05
4VCexsNDyC2j8ZrY34RwV0,78.976,audio_features,-17.477,0,0.0479,0.157,0.196,0.282,0.242,0.713,0.00129
5clFSlfkCRlhnH1cAQjSBi,92.006,audio_features,-7.129,1,0.0411,0.301,0.404,0.709,0.726,0.0977,0.0
0uukw2CgEIApv4IWAjXrBC,99.331,audio_features,-1.945,1,0.0542,0.325,0.362,0.481,0.973,0.0037,0.000877
4fPBB44eDH71YohayI4eKV,120.522,audio_features,-2.42,1,0.0326,0.116,0.968,0.63,0.908,0.0238,0.592
30FURVTCpbKyykjSEQzGkH,123.28,audio_features,-3.304,1,0.0392,0.0983,0.335,0.49,0.725,0.123,2.68e-05
7piw04hPQZ1OHZ9Fq9JOXR,198.387,audio_features,-3.668,0,0.0567,0.52,0.452,0.306,0.873,0.00105,0.0
4T4NLIMypdmyUwK54jECk4,82.408,audio_features,-5.183,0,0.0562,0.0794,0.731,0.421,0.799,0.00871,1.63e-05
6Efmq0wDgijxWFdBkzIOvb,80.007,audio_features,-6.946,0,0.248,0.14,0.464,0.797,0.654,0.000777,0.0
100Tm6z29RfHTdUQ6NIs0s,107.878,audio_features,-3.845,1,0.0278,0.0956,0.601,0.575,0.679,0.0664,0.0
10aWGOqSDBqvNzJ9NeKDbK,94.02,audio_features,-6.446,1,0.0413,0.0604,0.494,0.693,0.516,0.297,0.000127
6Gfmj0HbpvxTdW0sdlzTDU,135.712,audio_features,-4.853,1,0.0312,0.0867,0.388,0.548,0.769,0.0307,5.53e-06
6RFkVsPmrM4pzlDkFswwJl,82.228,audio_features,-8.227,0,0.115,0.115,0.845,0.617,0.485,0.868,3.44e-05
2R5uY1gbIKzGB1yAOH067s,156.045,audio_features,-2.6,1,0.0412,0.104,0.564,0.425,0.922,0.0174,0.0
3DQVgcqaP3iSMbaKsd57l5,103.183,audio_features,-4.19,0,0.0356,0.376,0.778,0.535,0.948,0.00225,0.0
10ASBwZsp7oUUDsJEYz3uS,155.041,audio_features,-4.469,0,0.142,0.129,0.181,0.345,0.929,0.00015,0.00106
4f49sFQko7jHLEFd3tCf5p,170.011,audio_features,-3.267,0,0.24,0.0946,0.792,0.801,0.839,0.0206,7.65e-05
5lRzWDEe7UuedU2QPsFg0K,122.465,audio_features,-6.117,0,0.0432,0.102,0.101,0.319,0.757,0.016,0.0
0SzvmWfOhoxZVGrmvb56YL,113.719,audio_features,-9.363,1,0.0347,0.184,0.64,0.462,0.595,0.215,0.0
50xeLNGKmskmYUSINhqvfa,184.004,audio_features,-4.046,1,0.131,0.296,0.452,0.731,0.563,0.191,0.000423
4aR9bPMAOFySBuQSbVWF3d,95.506,audio_features,-5.938,1,0.0259,0.221,0.733,0.632,0.639,0.00143,0.0
6nnacTL5on2aVsRhVDNUSo,200.024,audio_features,-4.743,0,0.129,0.334,0.139,0.113,0.951,0.00176,0.00718
663Karu2rvKLdnY0eo1n3M,93.41,audio_features,-4.094,1,0.0524,0.293,0.328,0.45,0.883,0.00193,0.0
1Fu9o08qEKVEwzU8siVcig,101.038,audio_features,-4.502,0,0.0827,0.482,0.597,0.503,0.881,0.0261,0.0
2JBs412fpVUuzIaIp3CyIs,115.992,audio_features,-4.973,1,0.0289,0.107,0.635,0.791,0.782,0.143,3.7e-06
0CAJdthKDdRjB2h8YOguN6,73.464,audio_features,-4.365,1,0.0344,0.169,0.332,0.551,0.81,0.0155,0.0
4xlEKYv7HmC8zXoJIbpZKM,123.696,audio_features,-4.563,1,0.12,0.108,0.537,0.525,0.578,0.0132,0.00916
5Bpc360LNUScK53FrM8nvB,205.784,audio_features,-3.944,0,0.206,0.349,0.304,0.139,0.937,5.39e-05,0.0572
7HW5tUjaKxBUamSi7nnzPt,151.968,audio_features,-12.731,1,0.0751,0.106,0.454,0.585,0.132,0.937,0.0
0Zh3tKIphLOvQux4dA6PFZ,208.951,audio_features,-5.167,0,0.0939,0.0948,0.303,0.236,0.799,0.0136,0.0
4RAOI1etsgbh5NP3T5R8rN,169.835,audio_features,-4.22,1,0.0494,0.202,0.33,0.289,0.796,0.00837,2.61e-05
08KTQSs3ickNki7FFTb6fY,137.507,audio_features,-4.079,0,0.0297,0.032,0.799,0.661,0.836,0.00615,0.0
2fyIS6GXMgUcSv4oejx63f,112.215,audio_features,-5.447,1,0.0365,0.197,0.312,0.634,0.599,0.0288,0.0
3JrD5PQbOAgGTKhts9Te6d,120.024,audio_features,-5.328,1,0.027,0.145,0.682,0.583,0.782,0.00499,0.000131
358bOvBiZCS9fRzNYosw6c,132.035,audio_features,-5.751,0,0.145,0.0867,0.425,0.701,0.724,0.267,0.0
0I0wn4G67txQwENcmRH3d6,178.119,audio_features,-2.703,1,0.298,0.0758,0.559,0.784,0.815,0.127,0.0
45dGKmN6jw7PgK6Dw2rEp2,117.983,audio_features,-5.346,0,0.0472,0.0762,0.806,0.608,0.785,0.00173,0.0
1G7DcLzPnopdZjLkev0K4e,175.906,audio_features,-4.192,1,0.326,0.167,0.501,0.576,0.697,0.0286,1.15e-06
3skn2lauGk7Dx6bVIt5DVj,121.61,audio_features,-4.046,1,0.0321,0.206,0.318,0.55,0.874,0.000436,1.02e-05
3N4DI1vuTSX1tz7fa2NQZw,71.815,audio_features,-13.609,1,0.0552,0.34,0.777,0.407,0.558,0.0541,1.51e-06
4BIWl6xOUupdv3jpWtPSDC,149.094,audio_features,-4.126,1,0.0831,0.346,0.488,0.454,0.948,0.0142,0.0
6nz35DNIzbtj5ztpDEcW1j,94.786,audio_features,-5.276,1,0.17,0.175,0.512,0.652,0.809,0.164,0.0
614NVFo5csQqRnryl4jXs2,89.987,audio_features,-7.128,1,0.0963,0.464,0.491,0.808,0.682,0.171,1.42e-06
2ZICF8SFI5tHttaLJKMY1X,154.946,audio_features,-2.689,0,0.0474,0.152,0.783,0.509,0.93,0.00137,0.0
4C2zOFgrXxfNGNpYQWIcaH,162.058,audio_features,-3.624,0,0.0367,0.0686,0.462,0.527,0.898,0.027,0.0
5pRElcsPZrgZXkoON2o5Go,170.033,audio_features,-2.323,0,0.12,0.349,0.446,0.359,0.955,0.00116,0.0
1aDLUzCyYpRXgrjwUWzV2X,127.397,audio_features,-5.053,1,0.0461,0.117,0.243,0.633,0.831,0.0401,0.693
3mU0DbuWtUX5KCaovOQZVK,127.999,audio_features,-6.958,0,0.0314,0.334,0.614,0.813,0.609,0.0277,0.0211
7g7M96UGiA7OR79H86gV4m,99.992,audio_features,-7.448,0,0.277,0.123,0.329,0.858,0.484,0.0241,1.8e-06
2zzLRQ78kKfPTx8FJQCdC2,169.152,audio_features,-4.758,0,0.199,0.117,0.407,0.348,0.875,0.0341,0.0
2DmBuFsXx1Pd5FHrMF8PD8,200.389,audio_features,-2.907,1,0.0335,0.211,0.422,0.405,0.775,0.358,0.0
13xxBnXOuiBxVxJI458B0i,144.069,audio_features,-8.607,0,0.0334,0.227,0.349,0.588,0.391,0.839,0.0
7vSn3VNbzOtPebdj6ZSebj,115.954,audio_features,-3.659,1,0.0634,0.126,0.791,0.566,0.898,0.0613,0.0
78DwRIo6Vj6wqteyerGetr,175.958,audio_features,-11.026,1,0.03,0.0875,0.357,0.495,0.238,0.958,0.0118
3a9urnht8HvfFzPwd0ipx6,185.985,audio_features,-2.584,0,0.12,0.241,0.27,0.369,0.995,7.6e-05,0.00589
3stWWPN41byqp8loPdy92u,86.485,audio_features,-15.259,1,0.0259,0.0933,0.247,0.492,0.344,0.674,0.531
65ShmiE5aLBdcIGr7tHX35,114.589,audio_features,-5.73,1,0.032,0.0712,0.302,0.506,0.877,5.16e-05,0.776
1pLdjo3lOBbMaoR4ZpybFH,123.279,audio_features,-5.757,1,0.0425,0.0819,0.439,0.697,0.629,0.409,3.8e-06
3rusXt8aQcGDtYImYtL5tm,115.843,audio_features,-6.396,1,0.0877,0.0843,0.742,0.789,0.43,0.609,0.0
5iJfzXKvQXlYOBtEQhEmpA,127.04,audio_features,-5.354,1,0.133,0.0712,0.935,0.761,0.892,0.178,4.19e-05
5zd9TgduWbfFXwgnm3K3Rz,146.747,audio_features,-4.579,1,0.144,0.536,0.856,0.729,0.795,0.354,0.0
1EotcFbWTbMCXeKFVEtX6Y,85.998,audio_features,-3.423,1,0.0345,0.0844,0.29,0.515,0.802,0.0321,0.0
7cVmKBwzPsh4Fmb6SplfEm,76.035,audio_features,-5.854,1,0.307,0.1,0.6,0.886,0.62,0.082,0.0
4fFgpzgSkmn3wajioLBPOr,172.407,audio_features,-9.235,1,0.331,0.11,0.328,0.794,0.831,0.0135,1.12e-06
6ksWMnPcHNyNoNf3y1BQCO,96.994,audio_features,-6.574,0,0.167,0.0918,0.397,0.868,0.764,0.119,0.00143
