artist_id,artist_genres,artist_popularity
164hs3x1Tsp3FgJWNHee1r,halloween,62
2jw70GZXlAI8QzWeY2bgRc,"canadian latin, canadian pop, dance pop, pop",74
2jw70GZXlAI8QzWeY2bgRc,"canadian latin, canadian pop, dance pop, pop",74
06HL4z0CvFAxyc27GXpf02,pop,100
7FBcuc1gsnv6Y1nwFtNRCb,"emo, modern rock, pop punk, pov: indie, rock",74
0z4gvV4rjIZ9wHck67ucSV,dance pop,78
1SImpQO0GbjRgvlwCcCtFo,"alternative metal, neon pop punk, pop punk, post-grunge, screamo",60
4yiQZ8tQPux8cPriYMWUFP,"dance pop, pop",70
6Ghvu1VvMGScGpOUJBAHNH,"alternative metal, nu metal, rap metal, rock, sacramento indie",75
7FBcuc1gsnv6Y1nwFtNRCb,"emo, modern rock, pop punk, pov: indie, rock",74
3rIZMv9rysU7JkLzEaC5Jp,"irish rock, modern rock, neo mellow, permanent wave, pop rock",65
2xiIXseIJcq3nG7C8fHeBj,"alternative metal, canadian metal, canadian rock, nu metal, post-grunge, rock",71
27FGXRNruFoOdf1vP8dqcH,"dance pop, hip pop, pop rap, r&b, urban contemporary",61
3r17AfJCCUqC9Lf0OAc73G,"dance pop, pop",66
29WzbAQtDnBJF09es0uddn,"british soul, neo soul, pop soul, soul",61
0C0XlULifJtAgn6ZNCW2eu,"alternative rock, dance rock, modern rock, permanent wave, rock",74
5BtHciL0e0zOP7prIHn3pP,"alternative metal, nu metal, post-grunge",67
31TPClRtHm23RisEBtV3X7,"dance pop, pop",78
5SbkVQYYzlw1kte75QIabH,"atl hip hop, neo soul",62
0L8ExT028jH3ddEcZwqJJ5,"alternative rock, funk metal, funk rock, permanent wave, rock",80
2jw70GZXlAI8QzWeY2bgRc,"canadian latin, canadian pop, dance pop, pop",74
21E3waRsmPlU7jZsS13rcj,"dance pop, pop, r&b, urban contemporary",76
06HL4z0CvFAxyc27GXpf02,pop,100
5pKCCKE2ajJHZ9KAiaK11H,"barbadian pop, pop, urban contemporary",87
12Chz98pHFMPJEknJQMWvI,"alternative rock, modern rock, permanent wave, rock",72
0L8ExT028jH3ddEcZwqJJ5,"alternative rock, funk metal, funk rock, permanent wave, rock",80
3r17AfJCCUqC9Lf0OAc73G,"dance pop, pop",66
31TPClRtHm23RisEBtV3X7,"dance pop, pop",78
19I4tYiChJoxEO5EuviXpz,"alternative metal, nu metal, pop punk, post-grunge, punk, screamo",58
0hEurMDQu99nJRq8pTxO14,"neo mellow, singer-songwriter",74
24XtlMhEMNdi822vi0MhY1,"emo, neon pop punk, pop punk, post-hardcore, screamo",60
4IliztYDlfMvzQzbx50o60,"alternative metal, christian alternative rock, nu metal, post-grunge",58
4IliztYDlfMvzQzbx50o60,"alternative metal, christian alternative rock, nu metal, post-grunge",58
2Iv9xUxQZyMxknah773Sdw,,50
2xiIXseIJcq3nG7C8fHeBj,"alternative metal, canadian metal, canadian rock, nu metal, post-grunge, rock",71
6Wr3hh341P84m3EI8qdn9O,"alternative metal, chicago hardcore, chicago punk, hardcore punk, modern rock, post-grunge, punk",68
0a1gHP0HAqALbEyxaD5Ngn,"contemporary country, country, country road, modern country rock",65
0yN7xI1blow9nYIK0R8nM7,"alternative metal, glam metal, hard rock, nu metal, post-grunge, sleaze rock",54
7vCtweS8UVAXTyau2j0rDT,"contemporary country, country, country road",61
6u11Qbko2N2hP4lTBYjX86,"alternative dance, baroque pop, dance-punk, indie rock, modern rock, new rave, shimmer pop, swedish alternative rock, swedish indie pop",58
0a1gHP0HAqALbEyxaD5Ngn,"contemporary country, country, country road, modern country rock",65
2xiIXseIJcq3nG7C8fHeBj,"alternative metal, canadian metal, canadian rock, nu metal, post-grunge, rock",71
0hEurMDQu99nJRq8pTxO14,"neo mellow, singer-songwriter",74
7xAcVHPiirnUqfdqo0USb1,"contemporary r&b, hip pop, r&b, urban contemporary",54
0a1gHP0HAqALbEyxaD5Ngn,"contemporary country, country, country road, modern country rock",65
1KCSPY1glIKqW2TotWuXOR,"dance pop, pop",78
3GBPw9NK25X1Wt2OUvOwY3,neo mellow,72
33ScadVnbm2X8kkUqOkC6Z,"latin hip hop, puerto rican pop, reggaeton, trap latino, urbano latino",79
06HL4z0CvFAxyc27GXpf02,pop,100
7A9yZMTrFZcgEWAX2kBfK6,"album rock, classic rock, hard rock, mellow gold, new romantic, new wave pop, rock, singer-songwriter, soft rock",60
7vCtweS8UVAXTyau2j0rDT,"contemporary country, country, country road",61
06HL4z0CvFAxyc27GXpf02,pop,100
7sfl4Xt5KmfyDs2T3SVSMK,"atl hip hop, crunk, dance pop, dirty south rap, old school atlanta hip hop, pop rap, southern hip hop, trap",69
3r17AfJCCUqC9Lf0OAc73G,"dance pop, pop",66
06HL4z0CvFAxyc27GXpf02,pop,100
3alW3LYQS8K29z8C8NSLIX,"adult standards, mellow gold, soft rock, yacht rock",60
0hEurMDQu99nJRq8pTxO14,"neo mellow, singer-songwriter",74
7FBcuc1gsnv6Y1nwFtNRCb,"emo, modern rock, pop punk, pov: indie, rock",74
5qBZETtyzfYnXOobDXbmcD,"orchestral soundtrack, soundtrack",65
3IJ770I1QPmwVp7yug0eJ4,pop rock,49
5P5FTygHyx2G57oszR3Wot,"alternative metal, neo mellow, pop rock, post-grunge",61
5vngPClqofybhPERIqQMYd,"contemporary country, country, country road",69
2yEwvVSSSUkcLeSTNyHKh8,"alternative metal, art rock, nu metal, post-grunge, progressive metal, progressive rock, rock",67
5JqX1glXPg6428ubI1w72i,"boston rock, dark cabaret, piano rock, steampunk",52
2gRP1Ezbtj3qrERnd0XasU,"latin arena pop, latin pop",69
1qto4hHid1P71emI6Fd8xi,"bachata, bachata dominicana, latin hip hop, latin pop, tropical, urbano latino",75
6Q192DXotxtaysaqNPy5yR,"british soul, neo soul",72
2qgvmDsc4jrqbAbjq1HGM2,"contemporary country, country, country road",58
23LbwefIODbyGdRbAz3urj,"atl hip hop, crunk, dirty south rap, southern hip hop, trap",59
37394IP6uhnjIpsawpMu4l,"alternative metal, boston metal, melodic metalcore, metalcore, nu metal, post-grunge",60
6xrCU6zdcSTsG2hLrojpmI,"chamber pop, gothenburg indie, indie folk, stomp and holler, swedish indie folk, swedish indie pop, swedish singer-songwriter",63
0KDbBK1pnCWEL33tRNwDhD,,52
2xiIXseIJcq3nG7C8fHeBj,"alternative metal, canadian metal, canadian rock, nu metal, post-grunge, rock",71
5BtHciL0e0zOP7prIHn3pP,"alternative metal, nu metal, post-grunge",67
6Q192DXotxtaysaqNPy5yR,"british soul, neo soul",72
0vWCyXMrrvMlCcepuOJaGI,"neon pop punk, pop punk",58
3r17AfJCCUqC9Lf0OAc73G,"dance pop, pop",66
0z4gvV4rjIZ9wHck67ucSV,dance pop,78
6Ghvu1VvMGScGpOUJBAHNH,"alternative metal, nu metal, rap metal, rock, sacramento indie",75
1dfeR4HaWDbWqFHLkxsg1d,"classic rock, glam rock, rock",81
0z4gvV4rjIZ9wHck67ucSV,dance pop,78
5qBZETtyzfYnXOobDXbmcD,"orchestral soundtrack, soundtrack",65
7iWiAD5LLKyiox2grgfmUT,"alternative metal, melodic metalcore, nu metal, post-grunge, uk metalcore, welsh metal",64
27FGXRNruFoOdf1vP8dqcH,"dance pop, hip pop, pop rap, r&b, urban contemporary",61
1sBkRIssrMs1AbVkOJbc7a,"dirty south rap, gangster rap, hip hop, rap, southern hip hop, trap",74
4VsbQvC84B8Z3IsBY1HLQy,,59
3Y10boYzeuFCJ4Qgp53w6o,"dance pop, dance rock, strut",57
3GBPw9NK25X1Wt2OUvOwY3,neo mellow,72
4llAOeA6kEF4ytaB2fsmcW,"indietronica, pixel, pov: indie",60
6Id8rcDNyBXPcgKQVfQ8rX,movie tunes,53
1GLtl8uqKmnyCWxHmw9tL4,"brighton indie, garage rock, modern rock, rock",64
49qiE8dj4JuNdpYGRPdKbF,"alternative metal, nu metal, post-grunge",61
4mmMtabvFCKA6HfmVmitNH,movie tunes,50
4sb7rZNN93BSS6Gqgepo4v,"cali rap, gangster rap, golden age hip hop, hyphy, oakland hip hop, west coast rap",60
31TPClRtHm23RisEBtV3X7,"dance pop, pop",78
3yEnArbNHyTCwMRvD9SBy4,"alternative rock, australian psych, garage rock, modern blues rock, modern rock, rock",56
1qto4hHid1P71emI6Fd8xi,"bachata, bachata dominicana, latin hip hop, latin pop, tropical, urbano latino",75
0z4gvV4rjIZ9wHck67ucSV,dance pop,78
1qto4hHid1P71emI6Fd8xi,"bachata, bachata dominicana, latin hip hop, latin pop, tropical, urbano latino",75
31TPClRtHm23RisEBtV3X7,"dance pop, pop",78
0QrowybipCKUDnq5y10PD2,"acoustic pop, neo mellow, stomp and holler",56
5qBZETtyzfYnXOobDXbmcD,"orchestral soundtrack, soundtrack",65
3EiLUeyEcA6fbRPSHkG5kb,"reggaeton, reggaeton flow, trap latino, urbano latino",75
7FBcuc1gsnv6Y1nwFtNRCb,"emo, modern rock, pop punk, pov: indie, rock",74
0epOFNiUfyON9EYx7Tpr6V,"alternative rock, garage rock, modern rock, permanent wave, rock",73
6Q192DXotxtaysaqNPy5yR,"british soul, neo soul",72
2xiIXseIJcq3nG7C8fHeBj,"alternative metal, canadian metal, canadian rock, nu metal, post-grunge, rock",71
5xuNBZoM7z1Vv8IQ6uM0p6,"dance pop, pop, post-teen pop",58
6z7xFFHxYkE9t8bwIF0Bvg,"baton rouge rap, dirty south rap, memphis hip hop, southern hip hop, trap",61
2QWIScpFDNxmS6ZEMIUvgm,"cantautora mexicana, latin alternative, latin pop, latin rock, rock en espanol",71
21E3waRsmPlU7jZsS13rcj,"dance pop, pop, r&b, urban contemporary",76
0a1gHP0HAqALbEyxaD5Ngn,"contemporary country, country, country road, modern country rock",65
6kACVPfCOnqzgfEF5ryl0x,"arkansas country, outlaw country, rock",70
5P5FTygHyx2G57oszR3Wot,"alternative metal, neo mellow, pop rock, post-grunge",61
7Ln80lUS6He07XvHI8qqHH,"garage rock, modern rock, permanent wave, rock, sheffield indie",84
5BtHciL0e0zOP7prIHn3pP,"alternative metal, nu metal, post-grunge",67
33ScadVnbm2X8kkUqOkC6Z,"latin hip hop, puerto rican pop, reggaeton, trap latino, urbano latino",79
0OdUWJ0sBjDrqHygGUXeCF,"chamber pop, indie folk, indie rock, indietronica, modern rock, stomp and holler",57
7Ln80lUS6He07XvHI8qqHH,"garage rock, modern rock, permanent wave, rock, sheffield indie",84
3r17AfJCCUqC9Lf0OAc73G,"dance pop, pop",66
13saZpZnCDWOI9D4IJhp1f,"dance pop, electropop",64
2pH3wEn4eYlMMIIQyKPbVR,"british power metal, fantasy metal, metal, power metal, speed metal",56
5nGIFgo0shDenQYSE0Sn7c,alternative metal,70
5ojhEavq6altxW8fWIlLum,"alternative metal, metalcore, neon pop punk, pixie, pop punk, post-grunge, screamo",58
7okwEbXzyT2VffBmyQBWLz,"latin arena pop, latin pop, latin rock, mexican pop, mexican rock, rock en espanol",75
4OBJLual30L7gRl5UkeRcT,"atl hip hop, dirty south rap, gangster rap, hip hop, pop rap, rap, southern hip hop, trap",71
4wo1267SJuUfHgasdlfNfc,"alternative rock, garage rock, garage rock revival, indie rock, modern blues rock, modern rock, rock, supergroup",54
6Ghvu1VvMGScGpOUJBAHNH,"alternative metal, nu metal, rap metal, rock, sacramento indie",75
7FsRH5bw8iWpSbMX1G7xf1,"banda, grupera, musica mexicana, norteno, ranchera",74
7FBcuc1gsnv6Y1nwFtNRCb,"emo, modern rock, pop punk, pov: indie, rock",74
7FBcuc1gsnv6Y1nwFtNRCb,"emo, modern rock, pop punk, pov: indie, rock",74
2qU0jqxiFeXrw5NTV1bIQM,"pov: indie, stomp pop",50
7Ln80lUS6He07XvHI8qqHH,"garage rock, modern rock, permanent wave, rock, sheffield indie",84
7x8nK0m0cP2ksQf0mjWdPS,"contemporary country, country, country road, modern country rock",65
2NdeV5rLm47xAvogXrYhJX,"dance pop, hip pop, pop, r&b, urban contemporary",68
6UBA15slIuadJ8h2lPRPos,kansas city hip hop,65
4TKTii6gnOnUXQHyuo9JaD,"lilith, new wave pop, permanent wave, pop rock, singer-songwriter",64
6vWDO969PvNqNYHIOW5v0m,"pop, r&b",82
12Chz98pHFMPJEknJQMWvI,"alternative rock, modern rock, permanent wave, rock",72
6Q192DXotxtaysaqNPy5yR,"british soul, neo soul",72
4IliztYDlfMvzQzbx50o60,"alternative metal, christian alternative rock, nu metal, post-grunge",58
01QTIT5P1pFP3QnnFSdsJf,"chicago rap, conscious hip hop, hip hop, political hip hop, pop rap, rap, southern hip hop",63
2TjgzYcbTdsZjbT9OItIeB,"reggaeton, urbano latino",62
1SImpQO0GbjRgvlwCcCtFo,"alternative metal, neon pop punk, pop punk, post-grunge, screamo",60
7okwEbXzyT2VffBmyQBWLz,"latin arena pop, latin pop, latin rock, mexican pop, mexican rock, rock en espanol",75
49bzE5vRBRIota4qeHtQM8,"alternative metal, christian alternative rock, christian music, christian rock",70
6qyi8X6MdP1lu6B1K6yh3h,"alternative rock, indie rock, la indie, modern alternative rock, modern rock",51
3oNy8cjBtJzLC07I70sklp,"latin arena pop, latin pop, mexican pop",67
3crnzLy8R4lVwaigKEOz7V,"cali rap, hyphy, oakland hip hop, west coast rap",64
7Ln80lUS6He07XvHI8qqHH,"garage rock, modern rock, permanent wave, rock, sheffield indie",84
5vngPClqofybhPERIqQMYd,"contemporary country, country, country road",69
5pKCCKE2ajJHZ9KAiaK11H,"barbadian pop, pop, urban contemporary",87
2qgvmDsc4jrqbAbjq1HGM2,"contemporary country, country, country road",58
0hEurMDQu99nJRq8pTxO14,"neo mellow, singer-songwriter",74
37394IP6uhnjIpsawpMu4l,"alternative metal, boston metal, melodic metalcore, metalcore, nu metal, post-grunge",60
56ZTgzPBDge0OvCGgMO3OY,"art pop, baltimore indie, dream pop, dreamo, indie pop, indie rock, indietronica, modern dream pop, pov: indie",69
2yEwvVSSSUkcLeSTNyHKh8,"alternative metal, art rock, nu metal, post-grunge, progressive metal, progressive rock, rock",67
2NdeV5rLm47xAvogXrYhJX,"dance pop, hip pop, pop, r&b, urban contemporary",68
7FsRH5bw8iWpSbMX1G7xf1,"banda, grupera, musica mexicana, norteno, ranchera",74
7HBai5xymOxIWoMWvWshe1,japanese old school hip hop,54
26s8LSolLfCIY88ysQbIuT,"crunk, dirty south rap, gangster rap, memphis hip hop, southern hip hop, tennessee hip hop, trap",61
4ERtgeBbWRkFzIz6LaFCeY,"emo, neon pop punk, pop punk, pop rock",53
0VKTLKamj4IH8OfQbUL0kq,"atl hip hop, crunk, dirty south rap, southern hip hop",45
5bVQN1TENxjVjWXNHHpflG,"latin hip hop, reggaeton",54
4VMYDCV2IEDYJArk749S6m,"latin hip hop, reggaeton, trap latino, urbano latino",83
