album_id,album_genres,album_release_date,album_popularity
32hXKuDkMnpQaOI67xQj86,,2006-01-01,76
2yboV2QBcVGEhcRlYuPpDT,,2006-01-01,81
2yboV2QBcVGEhcRlYuPpDT,,2006-01-01,81
7mzrIsaAjnXihW3InKjlC3,,2006-10-24,73
0FZK97MXMm5mUQ8mtudjuK,,2006-10-23,80
6kzoWb4UzvKYgbDfAwgaFq,,2006-01-01,78
6TyPSzd5rA2rQ9yLJJ1Gg2,,2006-01-01,70
7xnZ539lh8x6de9jzlpCJp,,2006-01-01,64
4ilqDlqD37nilewk9x8tyZ,,2006-10-25,71
0FZK97MXMm5mUQ8mtudjuK,,2006-10-23,80
3k7bXPw2u0C0SBKPMsgMS3,,2006-01-01,73
4ZDwEvXIKxWdwhAQK8ndBU,,2006-06-25,73
0j1qzjaJmsF1FkcICf3hRu,,2006-08-07,71
3t8HFQNlwLBW7htwLvFfzA,,2006-09-13,70
141Mp3P2VKHQMhtkW1DyQg,,2006-01-01,70
4o3RJndRhHxkieQzQGhmbw,,2006-09-27,71
2usyeZYdUHKlNHKDKgAYSo,,2006-01-01,67
2scB1uhcCI1TSf6b9TCZK3,,2006-09-12,74
7p2aWivr9OLXocSTTKtG9B,,2006-05-02,64
7xl50xr9NDkd3i2kBbzsNZ,,2006-05-09,77
2yboV2QBcVGEhcRlYuPpDT,,2006-01-01,81
6gkwOLmk0ALMOjWs5WhAEr,,2006-01-01,72
7mzrIsaAjnXihW3InKjlC3,,2006-10-24,73
2JdjS6jjOml7nt7Yjo0nnh,,2006-04-10,70
0lw68yx3MhKflWFqCsGkIs,,2006-06-19,73
7xl50xr9NDkd3i2kBbzsNZ,,2006-05-09,77
3t8HFQNlwLBW7htwLvFfzA,,2006-09-13,70
0tcExuDWMQdBbwSpqN8Ku2,,2006-09-13,68
1XcA7EEpVRg3FpVbhWu9JV,,2006-06-06,64
1Xsprdt1q9rOzTic7b9zYM,,2006-09-11,74
3t5ZnNa4NdyldNHZcFhETb,,2006-04-25,62
4Hv9JeNCe9bMyTrgt9NjXt,,2006-01-01,65
4Hv9JeNCe9bMyTrgt9NjXt,,2006-01-01,65
32hXKuDkMnpQaOI67xQj86,,2006-01-01,76
4ZDwEvXIKxWdwhAQK8ndBU,,2006-06-25,73
1VZ0i4vJ0AkPbmpuaktZMJ,,2006-01-01,63
3Xiz5kq12VOzTw9Kun7m0f,,2006-01-01,69
2KhDo0Er6dNxcK8zL6252l,,2006-04-11,61
5NATaOfEAcyQFATqWZRKLO,,2006,67
5g4E06cxsFEMFE9hSekAt2,,2006-01-01,67
5XPdkIryKSpTKW21HUtvV0,,2006-01-01,68
4ZDwEvXIKxWdwhAQK8ndBU,,2006-06-25,73
1Xsprdt1q9rOzTic7b9zYM,,2006-09-11,74
42DybH3gl3WcfXAQySOEiX,,2006-12-09,62
5XPdkIryKSpTKW21HUtvV0,,2006-01-01,68
5rK6h49Qd6gSxxbQGMrWfq,,2006-04-04,69
4nvgSs9EQXS5AIwprqq8OU,,2006-02-24,65
5LbfmeWh5cvLpR1Nfvdch5,,2006-01-01,75
7mzrIsaAjnXihW3InKjlC3,,2006-10-24,73
0u34k1ANjgZ47uQfG9yaLj,,2006-01-01,67
5NATaOfEAcyQFATqWZRKLO,,2006,67
7mzrIsaAjnXihW3InKjlC3,,2006-10-24,73
5ot3hAGLgvrmfZ3ddosFZf,,2006-05-02,58
3t8HFQNlwLBW7htwLvFfzA,,2006-09-13,70
7mzrIsaAjnXihW3InKjlC3,,2006-10-24,73
52Ho5XgGwrNrPARqqXhJ5P,,2006-09-12,63
1Xsprdt1q9rOzTic7b9zYM,,2006-09-11,74
0FZK97MXMm5mUQ8mtudjuK,,2006-10-23,80
32hXKuDkMnpQaOI67xQj86,,2006-01-01,76
3MCqjuNms0vjGyUDQ92Ivs,,2006,60
6ii8Ja21xLGkFH8CQ6bKjj,,2006,61
52DiULZMD6JO0Ugp89NhFU,,2006-01-01,60
1fvWYcbjuycyHpzNPH1Vfk,,2006-04-28,67
1jcVHOTgDFDb5nLh2wTCaR,,2006-03-29,62
7dTSfhp5okEjaYXp38LwVf,,2006,72
03Sa02WIHEwH8lHfbipmrz,,2006-12-19,72
0E4xv5gPjykrwBgBZzI8XG,,2006,79
5YG0aqiSCfhcWmW2KEsSWJ,,2006-07-18,62
1Lr1TMh8vcdD3OvrzQTGVn,,2006-06-06,58
6iJEtgHTEbVlSS5isIS71z,,2006-01-21,65
2e0BYdQ7VJlzSNHafdmfrl,,2006-04-03,58
32hXKuDkMnpQaOI67xQj86,,2006-01-01,76
4ZDwEvXIKxWdwhAQK8ndBU,,2006-06-25,73
2usyeZYdUHKlNHKDKgAYSo,,2006-01-01,67
0E4xv5gPjykrwBgBZzI8XG,,2006,79
47ttGApwQx3iAWz8tFFnNj,,2006,57
3t8HFQNlwLBW7htwLvFfzA,,2006-09-13,70
6kzoWb4UzvKYgbDfAwgaFq,,2006-01-01,78
4ilqDlqD37nilewk9x8tyZ,,2006-10-25,71
7C2DKB8C12LqxMkfJRwTo9,,2006-01-01,56
6kzoWb4UzvKYgbDfAwgaFq,,2006-01-01,78
32hXKuDkMnpQaOI67xQj86,,2006-01-01,76
7zU9hmH9CKQ9Yf5SruqOLM,,2006-02-14,58
0j1qzjaJmsF1FkcICf3hRu,,2006-08-07,71
42T8qfRs7jdpInsSk6nDJk,,2006-01-01,61
3jjhGPZjbKkW8b85zd7vfE,,2006-12-04,67
3YIdZQ7UbWoTxPgznAYVOC,,2006-01-01,59
3Jl7i9Vo0Ht4co9SqTFjQy,,2006,57
4ZE05qOXBcWmItdv95gyiy,,2006-07-20,63
4aAwvCRNJIqiUGVEjieWv6,,2006-01-01,67
4MhInH4XT7ReDV5fCZjaSz,,2006-01-01,58
0dZB8UHYsM7jKmm7ByzAVq,,2006,65
4aAwvCRNJIqiUGVEjieWv6,,2006-01-01,67
5GiqXho2S6vfntgRwSdhYp,,2006-08-28,55
2scB1uhcCI1TSf6b9TCZK3,,2006-09-12,74
5ywynDHLHT3l8QSu41TcmC,,2006-01-01,60
03Sa02WIHEwH8lHfbipmrz,,2006-12-19,72
4RjjlOaPA7DewUH9icOIiv,,2006-01-01,58
03Sa02WIHEwH8lHfbipmrz,,2006-12-19,72
2scB1uhcCI1TSf6b9TCZK3,,2006-09-12,74
7zAMTPQbo4MM4trmSpvsNo,,2006-01-01,59
32hXKuDkMnpQaOI67xQj86,,2006-01-01,76
369oPiSP9Y3CzTR6uWU4Da,,2006-01-01,67
0FZK97MXMm5mUQ8mtudjuK,,2006-10-23,80
1HQ61my1h3VWp2EBWKlp0n,,2006-01-03,67
097eYvf9NKjFnv4xA9s2oV,,2006-10-27,67
4ZDwEvXIKxWdwhAQK8ndBU,,2006-06-25,73
3ym3JtyhWmVIJzEzTCCsHa,,2006-10-17,62
7EEdfr0tQIbdFe6UKwK93O,,2006-10-24,57
1YhHEtOj1mhMz0769Fqa9Q,,2006-05-25,75
6gkwOLmk0ALMOjWs5WhAEr,,2006-01-01,72
5XPdkIryKSpTKW21HUtvV0,,2006-01-01,68
40ObOkEaQKVmcJ6k1W2xMg,,2006-01-01,54
6ii8Ja21xLGkFH8CQ6bKjj,,2006,61
50Zz8CkIhATKUlQMbHO3k1,,2006-01-29,76
6yJdQMlMkfYJFiSsL6764c,,2006-01-01,65
5LbfmeWh5cvLpR1Nfvdch5,,2006-01-01,75
7ik4rjxOnmwnAWWzjj5ni3,,2006-03-21,64
219r3vm32Uzj5Ef7lu9aKw,,2006-08-14,63
3t8HFQNlwLBW7htwLvFfzA,,2006-09-13,70
3nxPzWEJBjzonYWtTNb0uY,,2006-05-08,53
5hzFLt9DwW1RXr7omvS4B5,,2006-05-23,53
3lFQ9ihSNR5YD0yi0yTzdC,,2006-01-01,66
01ufkmZ5R6UvEqKWfuNotw,,2006-10-03,62
6XrpkEuQyfilUHMduKDeuB,,2006-08-18,64
2X7s6Gt8Xz2qEwlw4GVcQo,,2006-03-26,59
4Z1sCXBHHKWCsScOLAfuig,,2006-05-15,60
4ilqDlqD37nilewk9x8tyZ,,2006-10-25,71
2xCw6KdAxnF1OBvsrLbKDM,,2006-04-24,70
0FZK97MXMm5mUQ8mtudjuK,,2006-10-23,80
0FZK97MXMm5mUQ8mtudjuK,,2006-10-23,80
5W8NoCn4BTWzfiCH4VsOAb,,2006-01-01,59
50Zz8CkIhATKUlQMbHO3k1,,2006-01-29,76
2xONRhFNwgzkxM26JK9YI6,,2006-01-01,54
0hfJ35SzCkWesdUpLKXLto,,2006,63
7eUmMXeZLYIn4IKpyko33w,,2006,57
3Xiz5kq12VOzTw9Kun7m0f,,2006-01-01,69
77eZ5eMEh3U0KWricrbevO,,2006-09-04,62
0lw68yx3MhKflWFqCsGkIs,,2006-06-19,73
0E4xv5gPjykrwBgBZzI8XG,,2006,79
4Hv9JeNCe9bMyTrgt9NjXt,,2006-01-01,65
0TDJRkEr2SrhWTetdkEzED,,2006-06-27,58
5eklEkHSU1l3yewxdePzRL,,2006-01-01,63
6TyPSzd5rA2rQ9yLJJ1Gg2,,2006-01-01,70
6XrpkEuQyfilUHMduKDeuB,,2006-08-18,64
16ElbnOtY2UgGaPKoLfst4,,2006-10-03,65
2Qr40p1sv6NYrf9NPehsrO,,2006-07-25,55
5aamU0jIrX7bsjUsPCFVAK,,2006,74
3VqKqWHOHYfZqttJ0WwQHl,,2006-03-14,56
50Zz8CkIhATKUlQMbHO3k1,,2006-01-29,76
52DiULZMD6JO0Ugp89NhFU,,2006-01-01,60
2JdjS6jjOml7nt7Yjo0nnh,,2006-04-10,70
5YG0aqiSCfhcWmW2KEsSWJ,,2006-07-18,62
1Xsprdt1q9rOzTic7b9zYM,,2006-09-11,74
6iJEtgHTEbVlSS5isIS71z,,2006-01-21,65
32bJgeIOAFiNkucTCje5O5,,2006-10-03,57
1fvWYcbjuycyHpzNPH1Vfk,,2006-04-28,67
0hfJ35SzCkWesdUpLKXLto,,2006,63
2xCw6KdAxnF1OBvsrLbKDM,,2006-04-24,70
4SJhZBuuLYlwUJGxWf8Pj0,,2006-06-20,67
0Pe9KCcaFK7CkeZPWXCuaB,,2006-06-20,58
6HNDip6KYIQapVTDziA91U,,2006,52
0e0ks1xlvQBOsC3Gsw2EgA,,2006-01-01,53
5o36XrjVl3YdBYqt0p57Gc,,2006-01-01,65
0sMHBG6T20O56Wrtu1pR1f,,2006-09-25,67
