song_id,tempo,type,loudness,mode,speechiness,liveness,valence,danceability,energy,acousticness,instrumentalness
0W4NhJhcqKCqEP2GIpDCDq,116.714,audio_features,-4.285,1,0.0283,0.1,0.318,0.688,0.519,0.064,0.0
1PS1QMdUqOal0ai3Gt7sDQ,93.034,audio_features,-5.572,0,0.348,0.0554,0.623,0.629,0.696,0.0195,0.0
0d28khcov6AiegSCpG5TuT,138.559,audio_features,-6.679,1,0.177,0.613,0.772,0.818,0.705,0.00836,0.00233
0ZUo4YjG4saFnEJhdWp9Bt,147.905,audio_features,-3.318,0,0.0405,0.119,0.29,0.519,0.749,0.271,0.0
2TfSHkHiFO4gRztVIkggkE,162.011,audio_features,-4.784,1,0.0843,0.122,0.574,0.494,0.842,0.00579,0.0
4bPQs0PHn4xbipzdPfn6du,170.094,audio_features,-4.106,0,0.14,0.114,0.609,0.569,0.83,0.0807,0.0
5Z01UMMf7V1o0MzF86s6WJ,171.374,audio_features,-4.565,1,0.257,0.359,0.0612,0.692,0.744,0.00868,0.000423
3ZFTkvIE7kyPt6Nu3PEa7V,100.024,audio_features,-5.892,0,0.0707,0.405,0.758,0.778,0.824,0.284,0.0
0lP4HYLmvowOKdsQ7CVkuq,182.99,audio_features,-3.881,0,0.0791,0.582,0.289,0.179,0.912,0.0014,0.000294
0a7BloCiNzLDD9qSQHh5m7,114.452,audio_features,-3.198,0,0.154,0.0854,0.449,0.622,0.961,0.00523,0.0
2wGSgTmgSF3xjRrHkTc25R,99.998,audio_features,-4.781,1,0.207,0.123,0.435,0.802,0.785,0.14,0.0
3o7TMr6RmIusYH7Kkg7ujR,75.052,audio_features,-4.172,1,0.0508,0.0564,0.545,0.687,0.677,0.000643,0.000137
7GQjJEwqlp6m5HNWVQd6OR,122.512,audio_features,-2.183,1,0.0319,0.135,0.464,0.716,0.72,0.307,0.0
0k2GOhqsrxDTAbFFSdNJjT,125.04,audio_features,-4.675,0,0.0685,0.0712,0.822,0.951,0.6,0.106,0.0
4RCWB3V8V0dignt99LZ8vH,103.971,audio_features,-10.572,1,0.0293,0.114,0.298,0.656,0.291,0.872,0.0
5fVZC9GiM4e8vu99W0Xf6J,122.035,audio_features,-4.08,1,0.0379,0.101,0.361,0.64,0.743,0.269,0.0
5lDriBxJd22IhOH9zTcFrV,143.85,audio_features,-4.251,1,0.044,0.573,0.458,0.465,0.954,0.000346,5.38e-06
4TsmezEQVSZNNPv5RJ65Ov,99.019,audio_features,-8.415,1,0.159,0.101,0.498,0.779,0.64,0.000155,0.00077
3LmvfNUQtglbTrydsdIqFU,139.986,audio_features,-7.89,1,0.0601,0.09,0.762,0.837,0.462,0.0339,0.0
0RjG5JmdOWXAR68dGlKBA5,120.792,audio_features,-12.28,1,0.149,0.119,0.177,0.547,0.287,0.514,0.774
5D2mYZuzcgjpchVY1pmTPh,125.173,audio_features,-7.961,1,0.466,0.38,0.755,0.614,0.574,0.0253,3.2e-05
4VywXu6umkIQ2OS0m1I79y,110.059,audio_features,-9.529,1,0.0536,0.11,0.659,0.868,0.347,0.308,2e-05
1VNWaY3uNfoeWqb5U8x2QX,113.108,audio_features,-3.277,0,0.0336,0.133,0.215,0.47,0.796,0.362,1.1e-06
451GvHwY99NKV4zdKPRWmv,114.303,audio_features,-8.053,1,0.0996,0.0933,0.615,0.816,0.375,0.607,8.66e-06
2Lhdl74nwwVGOE2Gv35QuK,78.953,audio_features,-6.938,0,0.12,0.255,0.619,0.72,0.744,0.237,0.0
20efeySIfZoiSaISGLBbNs,118.405,audio_features,-5.64,1,0.0462,0.714,0.847,0.777,0.818,0.0906,2.98e-05
40LQiUUUKXVGyNs09lHVjW,129.084,audio_features,-5.38,1,0.0343,0.203,0.251,0.476,0.736,0.0217,1.08e-06
2dxjKgT0li4qBI3QwuN9Ih,98.56,audio_features,-4.912,1,0.342,0.309,0.554,0.552,0.846,0.0114,0.0
6G4U9avyBNEfP0fAIduev3,175.924,audio_features,-7.905,0,0.262,0.237,0.717,0.732,0.708,0.534,0.0
5ynxx6zC4dgzsMHLYQ04Dc,127.804,audio_features,-4.664,1,0.0924,0.0614,0.391,0.55,0.952,0.000193,0.000666
0DLOyyQvwPTSDKuhpzMMwA,100.0,audio_features,-11.596,0,0.0999,0.103,0.195,0.728,0.327,0.0948,0.0
7LVHVU3tWfcxj5aiPFEW4Q,138.178,audio_features,-8.74,1,0.0338,0.113,0.124,0.209,0.417,0.164,0.00196
1yKu2MhpwzDXXH2tzG6xoa,87.904,audio_features,-3.761,1,0.0726,0.328,0.741,0.693,0.823,0.0932,0.0
0EYOdF5FCkgOJJla8DI2Md,101.414,audio_features,-2.688,0,0.14,0.219,0.711,0.538,0.981,0.00662,0.0
2l57cfmCnOkwNX1tky02n1,109.864,audio_features,-3.858,1,0.0454,0.291,0.646,0.518,0.916,0.000148,0.0
7DFnq8FYhHMCylykf6ZCxA,86.768,audio_features,-5.847,1,0.272,0.209,0.57,0.536,0.612,0.119,0.0
6btyEL6NwUa97Nex9cZFvo,153.645,audio_features,-3.15,0,0.181,0.751,0.744,0.649,0.931,0.0093,0.0
7G6l2FtQyRhQgYgut2I6i8,119.075,audio_features,-4.461,1,0.0393,0.109,0.646,0.68,0.87,0.266,0.0
7xYnUQigPoIDAMPVK79NEq,100.969,audio_features,-6.721,0,0.129,0.393,0.212,0.846,0.482,0.0246,0.0
6RJdYpFQwLyNfDc5FbjkgV,173.847,audio_features,-2.825,1,0.181,0.225,0.262,0.402,0.969,9.14e-05,0.0325
3rjM7GhxdVq1YySsHBs21i,76.998,audio_features,-3.089,1,0.0625,0.207,0.818,0.572,0.961,0.000734,0.021
5FZxsHWIvUsmSK1IAvm2pp,130.198,audio_features,-5.119,0,0.0696,0.188,0.369,0.366,0.94,0.000769,9.42e-05
4nva9EpKntUTs6CRSGBCn9,96.946,audio_features,-6.672,1,0.41,0.315,0.527,0.489,0.692,0.0322,0.00608
3duP6mBVDsHM8ioN7o7dAK,88.016,audio_features,-5.391,1,0.0332,0.48,0.695,0.41,0.78,0.211,0.0
0HBrtXJohbIW4IhPZ50GmH,175.424,audio_features,-5.261,0,0.216,0.0999,0.515,0.538,0.607,0.248,5.54e-06
6IC6VhpV7D8T1t037Atqpu,93.968,audio_features,-7.045,1,0.027,0.0857,0.681,0.664,0.706,0.129,1.06e-06
0INUE1K7cEiE8VH63Rv5RJ,100.065,audio_features,-2.661,0,0.097,0.275,0.383,0.546,0.97,0.000823,2.08e-05
0815caqt2Lytro5EIzMufT,139.902,audio_features,-7.734,1,0.0267,0.168,0.354,0.459,0.427,0.114,0.0
1gZ7i4qxXkHZb1r6eioaAP,119.988,audio_features,-3.493,0,0.101,0.0959,0.569,0.877,0.637,0.00516,2.5e-06
3kZC0ZmFWrEHdUCmUqlvgZ,80.401,audio_features,-12.233,1,0.0421,0.118,0.489,0.517,0.206,0.924,0.0
3I09LQbHS3NSU46Ly3tPpR,115.144,audio_features,-6.51,1,0.037,0.123,0.477,0.535,0.548,0.533,1.48e-06
4Hff1IjRbLGeLgFgxvHflk,120.264,audio_features,-5.852,0,0.0372,0.298,0.966,0.76,0.891,0.0229,0.0869
6n9yCXvLhnYMgJIiIcMu7D,144.072,audio_features,-3.004,1,0.0386,0.343,0.693,0.616,0.91,0.0459,0.0
1N62wozuHCvczCkY4QidpP,116.03,audio_features,-4.156,1,0.0448,0.0653,0.709,0.592,0.729,0.022,0.0
4PmMVdIFpJTB9WQbmILf4p,98.012,audio_features,-7.401,0,0.251,0.0332,0.637,0.862,0.648,0.0455,0.0
6ndmKwWqMozN2tcZqzCX4K,84.858,audio_features,-4.162,1,0.0911,0.0795,0.88,0.688,0.835,0.0583,2.87e-06
2ajhenDRiiAnCHHjsIOHhJ,77.499,audio_features,-7.994,0,0.428,0.0932,0.622,0.891,0.439,0.0351,0.0
0fGh0trRN1xz3s41r7V5ce,107.005,audio_features,-5.785,0,0.117,0.157,0.534,0.963,0.643,0.0507,4.94e-05
5MYFw4T2gy52pOGBN4EYHS,133.299,audio_features,-5.758,1,0.0331,0.355,0.647,0.789,0.881,0.109,0.0
1SaEt8dwTuLDzenUu5BqI6,125.015,audio_features,-9.859,1,0.0378,0.104,0.715,0.732,0.64,0.586,1.81e-05
0Ss50OU9tCozI7JIywkv14,84.012,audio_features,-7.718,1,0.0451,0.159,0.108,0.682,0.483,0.00103,0.0
69bHJ9qs5FrUJbKP8xU8uZ,97.018,audio_features,-4.763,1,0.231,0.279,0.71,0.925,0.659,0.206,7.88e-05
2QurCbkPO14pjrikPNja0h,144.992,audio_features,-10.233,1,0.0845,0.171,0.467,0.739,0.368,0.00542,0.0
19JdbdEwQI7bCxefMokZO8,123.95,audio_features,-5.919,0,0.225,0.109,0.586,0.801,0.682,0.111,1.56e-05
3sHH7lklbfpcraDDvYnjo7,125.04,audio_features,-4.129,1,0.0396,0.423,0.505,0.541,0.968,0.000248,8.28e-06
5l6hpyTGBK0LAAxgPnqTQL,78.039,audio_features,-3.015,0,0.0319,0.13,0.283,0.447,0.592,0.0575,4.47e-06
6TefPQD0oc88BNALpu4U87,167.792,audio_features,-3.424,1,0.027,0.0504,0.436,0.489,0.647,0.205,0.0
3urJUvRhgMrwydaTQFVEg9,152.996,audio_features,-6.645,0,0.0341,0.487,0.539,0.583,0.729,0.000522,1.47e-05
1UL8GkVAs6UcWF6BZ3DYZt,75.179,audio_features,-5.534,1,0.0275,0.231,0.535,0.572,0.728,0.203,0.00263
05NpeTQWnzXS1d8ZqL4YFZ,110.038,audio_features,-3.291,0,0.0636,0.0806,0.417,0.581,0.983,0.00043,0.00654
3pO37BXsjMC2wApALxGbuB,145.541,audio_features,-5.083,0,0.0731,0.0664,0.313,0.409,0.783,0.000422,0.000354
1QxcWlk8PivolUaWcpAoNq,152.734,audio_features,-4.014,0,0.0418,0.0925,0.101,0.392,0.802,0.076,0.00908
5eWOsyHHic4vJP3LjTVhqv,105.019,audio_features,-7.229,1,0.0265,0.104,0.548,0.765,0.535,0.22,2.55e-05
4x2rgtSFOI4hRvEvDj02KP,95.924,audio_features,-7.519,1,0.128,0.0454,0.74,0.745,0.694,0.0962,0.0
5eB7w8UZJKjL5XmnC6Pctg,125.966,audio_features,-4.644,1,0.0992,0.154,0.476,0.66,0.8,0.106,0.0
4Xtlw8oXkIOvzV7crUBKeZ,176.061,audio_features,-5.155,1,0.0859,0.0631,0.533,0.696,0.858,0.0727,3.19e-06
1kQqiC1rS1FiuVpeBKN0QN,96.002,audio_features,-5.473,1,0.142,0.0776,0.722,0.872,0.786,0.0348,0.0
3BxWKCI06eQ5Od8TY2JBeA,210.857,audio_features,-4.38,1,0.267,0.289,0.408,0.57,0.821,0.178,0.0
0muI8DpTEpLqqibPm3sKYf,129.921,audio_features,-4.407,0,0.0341,0.0877,0.9,0.792,0.605,0.786,0.0
3jEqrIfwKO0M8ALu3TGilF,82.017,audio_features,-8.365,1,0.0876,0.0646,0.504,0.714,0.6,0.0465,0.0
5p9XWUdvbUzmPCukOmwoU3,100.38,audio_features,-5.713,1,0.0449,0.112,0.664,0.587,0.767,0.225,0.0
6Z0ybnsUBhbZ9ZjPW64eoF,128.016,audio_features,-7.089,0,0.0309,0.431,0.662,0.811,0.614,0.0215,0.00491
0ADZ5dmXhlfzjMw6lefoPl,132.918,audio_features,-5.153,1,0.0309,0.107,0.293,0.518,0.797,0.000681,0.0
4Gd9PUEuOTOJtbgd4YxLXM,164.007,audio_features,-4.088,1,0.0276,0.414,0.522,0.441,0.815,0.000731,0.0
59rtiYOPgMEDf3yPEfU2la,143.184,audio_features,-7.131,0,0.307,0.113,0.79,0.86,0.861,0.0361,4.07e-05
4kAtRwNRLMKuoCbxMSxUGI,94.006,audio_features,-5.4,1,0.256,0.494,0.515,0.686,0.722,0.108,0.0
7rSERmjAT38lC5QhJ8hnQc,129.188,audio_features,-3.133,1,0.079,0.226,0.6,0.452,0.928,0.000706,0.000637
1gewemPOUilb21s7CfMS55,151.834,audio_features,-6.006,1,0.0536,0.343,0.706,0.667,0.673,0.117,0.0
6oO7WMjD6kEvCITLbVj0mu,154.016,audio_features,-4.096,1,0.0489,0.115,0.0397,0.274,0.92,0.0303,0.000412
5ugzDiilhy6ILKmKfhEzd7,127.992,audio_features,-4.496,1,0.0783,0.104,0.486,0.587,0.99,0.0172,0.000668
05tlUh0E6IFks9sCQguQKN,144.073,audio_features,-3.352,1,0.0385,0.314,0.679,0.621,0.913,0.0477,0.0
0mUyMawtxj1CJ76kn9gIZK,140.046,audio_features,-4.013,1,0.0309,0.151,0.52,0.599,0.785,0.448,0.00336
4v7DCN09hgXkKazefkznDQ,90.087,audio_features,-7.881,0,0.0333,0.257,0.623,0.634,0.526,0.339,0.0
0vg4WnUWvze6pBOJDTq99k,81.998,audio_features,-9.87,0,0.0278,0.088,0.454,0.675,0.479,0.633,1.76e-05
6Y3WvyUG9iE5bQYg38SPtQ,146.559,audio_features,-5.881,0,0.0998,0.262,0.673,0.726,0.7,0.0717,0.0
0eBryM7ePQH3Klt3jz8xZd,95.162,audio_features,-14.369,0,0.0349,0.102,0.368,0.596,0.253,0.896,5.17e-05
7rxHR6dby35y5pjAYQP4ZW,112.097,audio_features,-4.364,1,0.0486,0.121,0.838,0.789,0.705,0.262,2.92e-06
0UaMYEvWZi0ZqiDOoHU3YI,125.461,audio_features,-7.105,0,0.121,0.0471,0.81,0.904,0.813,0.0311,0.00697
42GP0xKtkolBnmqQRvSllO,154.004,audio_features,-5.27,1,0.11,0.0887,0.158,0.442,0.951,0.00648,1.12e-06
1q8NdCAQ9QUjpYiqzdd3mv,87.991,audio_features,-5.951,1,0.101,0.776,0.883,0.829,0.878,0.0959,0.0
2bfGNzdiRa1jXZRdfssSzR,192.296,audio_features,-7.176,0,0.162,0.672,0.865,0.625,0.877,0.0315,0.0811
5BSclXJTa9B0iURhUjZo50,100.011,audio_features,-5.367,1,0.0427,0.123,0.812,0.74,0.783,0.0297,0.000308
6yIjtVtnOBeC8SwdVHzAuF,95.07,audio_features,-8.313,0,0.162,0.128,0.563,0.744,0.696,0.0535,0.0454
4pmU8AtVu9qU40Xd9zjEfA,133.044,audio_features,-3.586,1,0.0596,0.312,0.696,0.538,0.889,0.00704,0.0
5yc59J3MR3tVDPTOgwgRI5,128.142,audio_features,-5.735,0,0.0253,0.0893,0.714,0.621,0.853,0.0767,3.26e-06
0e8DgtfJnWTBarF9YGMd0N,97.018,audio_features,-6.075,0,0.0366,0.103,0.726,0.675,0.919,0.0606,0.00653
3dAgQFdruU8ufWc5GE05xC,102.967,audio_features,-8.323,1,0.0334,0.194,0.271,0.355,0.478,0.569,2.88e-06
0axUHkhMMY0YSC1jFBVWqv,154.988,audio_features,-3.887,1,0.0393,0.146,0.428,0.491,0.776,0.314,0.0
4Ilen0VxPEsVRLpnePji8P,186.048,audio_features,-4.896,0,0.103,0.401,0.626,0.568,0.732,0.179,4.92e-06
5J1LBuPcII426fjeXy8Bv1,130.02,audio_features,-7.286,0,0.0355,0.286,0.687,0.707,0.514,0.517,0.0
3aeYcDlH6mSwx7Nx63D7zS,101.542,audio_features,-7.265,1,0.0465,0.141,0.831,0.841,0.619,0.344,0.000389
42gzADgUU7e2yu5Qn8WfeC,190.747,audio_features,-4.645,1,0.0613,0.136,0.149,0.111,0.843,4.02e-06,0.409
3850dYVgOFIXJh5U4BFEWH,125.02,audio_features,-7.695,0,0.0452,0.0686,0.405,0.649,0.647,0.0039,0.161
3B7i9OKRRmIsSBHEbJz58Y,136.518,audio_features,-5.952,1,0.045,0.105,0.189,0.7,0.538,0.000204,0.0
249Z7XT6mf8B2zuI0RaeS0,142.707,audio_features,-2.333,1,0.0877,0.108,0.586,0.459,0.958,0.0283,0.0
4NjR63Up0uMkQBlKvlZd1l,79.983,audio_features,-6.482,1,0.0516,0.068,0.43,0.655,0.54,0.268,0.0
2lRI7n5b9jlPYsEpRuots6,150.068,audio_features,-5.496,0,0.365,0.27,0.725,0.608,0.745,0.0551,0.0
24Pi0KCtYWtnKxxzopkcPG,75.991,audio_features,-4.082,0,0.0421,0.219,0.505,0.448,0.933,0.000417,0.000454
3vFZheR74pxUkzxqhXTZ2X,83.323,audio_features,-7.604,0,0.324,0.0793,0.343,0.58,0.791,0.196,0.00326
5E3P9e1hvjyIOlFyqNB5eD,167.971,audio_features,-6.303,1,0.134,0.0435,0.823,0.598,0.643,0.5,0.0
5iDfnRTdV2mrvMK886TLRg,114.982,audio_features,-3.487,1,0.0551,0.0555,0.823,0.643,0.919,0.338,0.0
3hb2ScEVkGchcAQqrPLP0R,145.916,audio_features,-3.756,1,0.0292,0.136,0.385,0.515,0.876,0.000932,0.000166
1pHP4JeQV9wDx87D6qH9hD,145.729,audio_features,-2.306,1,0.0403,0.12,0.81,0.537,0.882,0.000342,9.06e-05
2TeEhtmhMQmUyQJhnJNvAs,154.019,audio_features,-3.045,1,0.0499,0.219,0.802,0.593,0.957,0.000613,0.0287
1EZJBB6bvCcrvYRlOyoHuf,92.035,audio_features,-11.405,1,0.0334,0.262,0.714,0.598,0.289,0.762,8.17e-05
3oZUlZMXkj51AyYG8lGaE7,174.039,audio_features,-4.213,1,0.173,0.0246,0.787,0.589,0.797,0.000673,0.0
0KXO9R8yUd1BJjkEWXtor4,126.983,audio_features,-5.801,0,0.0464,0.12,0.337,0.915,0.622,0.217,0.0
6xyiHZgrmXw7sMyYXbXjPV,160.987,audio_features,-3.869,1,0.106,0.317,0.457,0.435,0.95,0.000494,0.0
2GgIDaPLsowybB3WgxLWUj,152.089,audio_features,-3.341,1,0.0291,0.122,0.667,0.561,0.716,0.0353,0.0
39uLYYZytVUwcjgeYLI409,71.608,audio_features,-12.565,0,0.0388,0.122,0.185,0.239,0.287,0.876,0.644
3cE5ltZFHmBpiS77itKaOM,167.986,audio_features,-5.501,1,0.0899,0.0479,0.713,0.48,0.928,0.169,0.0
3kZoay4ANo86ehb6s4RwS9,143.052,audio_features,-4.68,0,0.0993,0.3,0.835,0.787,0.799,0.189,0.0
4jU7NPkz4HVnM4hweqNhI1,151.307,audio_features,-8.535,0,0.318,0.332,0.612,0.481,0.645,0.0863,6.2e-06
0OEBOJhSObnFuHuasXdt52,165.747,audio_features,-11.589,1,0.0792,0.11,0.526,0.687,0.361,0.35,1.11e-05
4wLZ4zPM9c4oe1VV8ejdWV,127.631,audio_features,-9.207,1,0.0306,0.112,0.349,0.608,0.37,0.844,1.87e-05
4rstj4vgkFq49R2VV0fbxX,124.783,audio_features,-4.132,0,0.0475,0.336,0.448,0.418,0.828,0.136,0.0
2yhhcHTfvLC0HzSajGYL0h,126.998,audio_features,-3.252,1,0.0287,0.337,0.808,0.628,0.92,0.00687,5.34e-05
47EqCQZG5v4o0WFMufGf5S,110.709,audio_features,-1.594,1,0.0611,0.259,0.761,0.378,0.99,0.000469,5.75e-06
0k6HUzaRHpQ3eEWr1C7Esh,129.37,audio_features,-5.931,1,0.416,0.0831,0.609,0.64,0.62,0.016,0.0
1bevrs76fdGW3y03R5q6GB,174.148,audio_features,-4.972,0,0.195,0.388,0.384,0.539,0.672,0.0626,0.0
2YxXuCdbUpil3P7tRjhW1t,150.253,audio_features,-7.952,0,0.0441,0.215,0.892,0.578,0.892,0.000139,0.0111
22AbXxQbMdVqEz7xJjhccG,76.71,audio_features,-6.502,0,0.338,0.449,0.753,0.836,0.661,0.0208,0.0
2jQeX1fMZo5z82w3BviN5x,130.061,audio_features,-6.84,0,0.0483,0.741,0.774,0.768,0.627,0.59,0.0
3lec3CzDPAxsZokPph5w87,76.572,audio_features,-3.537,1,0.0302,0.106,0.135,0.359,0.518,0.665,0.0
46fk9wjYcPm0sgym2b7EEE,85.641,audio_features,-3.66,0,0.123,0.045,0.216,0.234,0.88,0.0107,0.0
0BqQWfhMrkpRAUCbdfdHUC,161.797,audio_features,-2.956,1,0.0627,0.411,0.927,0.364,0.959,0.0113,0.000953
6bmJYo1KS2X2nzQrCGzdOe,97.01,audio_features,-8.594,1,0.0508,0.107,0.682,0.894,0.458,0.0666,0.0187
6S7mmHgyWOG6pIYuL4YrfQ,112.228,audio_features,-5.334,0,0.0303,0.121,0.214,0.492,0.646,0.00136,2.21e-05
1FMHNVeJ9s1x1l1WlaRs2I,87.89,audio_features,-4.731,1,0.0273,0.154,0.313,0.454,0.636,0.00228,0.0
5F7IJrXD6Fa3EmqoYE0gU4,115.091,audio_features,-6.062,1,0.0371,0.0784,0.388,0.8,0.502,0.00167,0.0
4VKnkoNNM6yTb4cXXX3wqD,134.086,audio_features,-6.516,1,0.126,0.108,0.82,0.777,0.493,0.181,0.0
0lHSJ0ZP8uUPnJXhMdGjOK,175.095,audio_features,-1.894,0,0.0603,0.769,0.285,0.333,0.877,0.00332,0.00101
5auMzVHFr5Zfw6IbKarZ56,169.837,audio_features,-7.715,1,0.0278,0.0881,0.287,0.386,0.452,0.417,0.0
3zwmW1gM4E8FlHXV5nE16u,116.602,audio_features,-3.509,0,0.0559,0.213,0.317,0.423,0.845,0.143,5.07e-06
10fddGyyeUquZZ2uPTjD7P,139.924,audio_features,-5.295,0,0.029,0.175,0.254,0.449,0.682,0.205,0.0
1mnqraQ8oV8MX92rdOFLWW,129.873,audio_features,-3.078,0,0.333,0.0413,0.867,0.612,0.961,0.107,4.17e-05
4eLn7z31zqzEdlKSgesohf,176.137,audio_features,-6.001,1,0.035,0.0919,0.908,0.72,0.586,0.215,2.23e-05
3BwabPHcwg7jotkO7YOcJ2,168.446,audio_features,-7.267,1,0.106,0.0792,0.943,0.466,0.768,0.214,0.0
7clUVcSOtkNWa58Gw5RfD4,123.067,audio_features,-6.765,0,0.0577,0.0746,0.353,0.514,0.898,0.00488,0.0345
48EQasc6XD0pOQtkIOWqOC,89.958,audio_features,-4.312,1,0.0847,0.11,0.369,0.833,0.568,0.0262,0.0
41pOIT2t1rvr2Trg1HQChZ,139.256,audio_features,-2.467,0,0.0695,0.358,0.476,0.358,0.921,0.171,7.64e-06
5abubE0dYFaEPDeM2sZ4TY,153.952,audio_features,-5.48,1,0.0927,0.293,0.601,0.645,0.791,0.0406,0.0
24PWKmemCvqfyVXODhoKHW,159.967,audio_features,-4.378,1,0.306,0.199,0.568,0.721,0.621,0.00469,0.0103
5hkgrWxkobGtg30I7DsfVu,106.907,audio_features,-3.409,1,0.0876,0.0533,0.211,0.54,0.977,2.55e-05,0.0588
2BoWXJfClbDQkZCZsE0Ru7,164.029,audio_features,-4.091,1,0.027,0.402,0.558,0.442,0.805,0.000606,0.0
46OFHBw45fNi7QNjSetITR,95.784,audio_features,-6.993,1,0.223,0.113,0.347,0.583,0.754,0.0593,0.0
6fVCBBlHif6zfqXAEHKJy8,81.813,audio_features,-4.997,0,0.212,0.108,0.392,0.472,0.672,0.358,0.0
0o995gJCGebaza0LWybToU,99.739,audio_features,-3.592,1,0.0378,0.103,0.232,0.457,0.768,0.169,0.0
3dtGHZyEGmKSmQoAPcbvyb,118.012,audio_features,-4.562,1,0.0442,0.0668,0.921,0.757,0.795,0.216,3.04e-05
2334WaCjswLcRIRgTTPWaZ,83.935,audio_features,-2.223,0,0.25,0.454,0.678,0.661,0.746,0.362,0.0
2DHNCWZYmVr1Lv08q5b0kB,97.702,audio_features,-6.454,0,0.0952,0.108,0.513,0.723,0.465,0.259,2.7e-05
25IiJu0DjOqsnQXgNHWp5i,136.297,audio_features,-11.809,1,0.0284,0.0921,0.514,0.527,0.308,0.551,4.25e-05
0SineTesaejYlgW5pwLo10,115.148,audio_features,-2.846,1,0.0322,0.574,0.774,0.692,0.944,0.0817,0.0
7mG2RbhyzGsjpQOz568d39,161.99,audio_features,-3.785,1,0.0958,0.0994,0.661,0.509,0.887,0.00166,7.98e-06
5tFDgH6do20IXdSoNBAmXK,130.768,audio_features,-4.266,0,0.0472,0.332,0.366,0.436,0.533,0.265,0.0
6y2DHyCYf6azhUfXmnuH6w,180.683,audio_features,-3.21,0,0.185,0.318,0.364,0.207,0.973,0.00083,0.0158
2ZqTtndqAZDRAWw2vgZwQK,170.038,audio_features,-3.063,0,0.0716,0.29,0.674,0.467,0.848,0.0617,0.0
3nCqvNZj68zVlT3Dy7fJ3b,174.114,audio_features,-4.029,1,0.0636,0.0577,0.531,0.557,0.862,0.000416,0.000314
4WdopfTdSd0nCLropjhsgH,170.13,audio_features,-3.476,0,0.198,0.376,0.708,0.501,0.933,0.0457,0.0
2vCHDrXVN0k1GPTjSIZ69E,133.973,audio_features,-5.707,1,0.0313,0.37,0.745,0.757,0.765,0.0131,0.0
6Dq2LzijkY9WNPwBGDah4L,74.573,audio_features,-11.682,1,0.0278,0.108,0.638,0.463,0.382,0.897,0.263
1Epb6Kfe3GTgKrrWs1Y4Wy,133.177,audio_features,-6.126,0,0.357,0.255,0.402,0.585,0.697,0.0339,0.0
2in1gSZtv2lRbcZUmN9aAl,102.009,audio_features,-7.864,1,0.0541,0.108,0.855,0.714,0.85,0.228,0.0
5krOROgmf8adn3SJzeKLZy,159.838,audio_features,-6.308,1,0.255,0.18,0.536,0.776,0.736,0.0101,0.0
2ej1A2Ze6P2EOW7KfIosZR,180.598,audio_features,-6.629,0,0.0769,0.106,0.881,0.565,0.749,0.655,0.432
2GSr8anleCXKLNjjjijoMZ,77.978,audio_features,-5.251,1,0.0432,0.0851,0.784,0.682,0.658,0.0823,0.0
1oNToERLIN71YCPLbRIQGQ,151.518,audio_features,-8.244,1,0.199,0.0898,0.611,0.815,0.662,0.0915,0.000409
0qAMjeQFyd1qD0LDiV8gWp,104.833,audio_features,-7.788,0,0.0641,0.34,0.917,0.748,0.786,0.328,0.0
5Ic3uCV2YfGTvUWNhLgWh6,110.015,audio_features,-14.666,1,0.0543,0.0549,0.797,0.953,0.254,0.317,0.0
2TFsx3B0hLSSTambrudXs3,127.03,audio_features,-7.061,0,0.282,0.339,0.592,0.529,0.651,0.281,0.0
5uMTA9SIe0sE4dnHHSHaYz,109.775,audio_features,-3.189,1,0.164,0.683,0.514,0.546,0.957,0.0533,3.37e-06
2WZyfujzMweFLnozyUJBkW,147.01,audio_features,-5.069,1,0.0303,0.129,0.29,0.404,0.571,0.182,2.08e-05
6dw3oQI0NhwYxMiNfVRIHA,75.167,audio_features,-7.937,0,0.279,0.149,0.532,0.425,0.701,0.312,0.0
34KUIBsIUiPV7oCIzSdDAU,97.043,audio_features,-3.768,1,0.27,0.164,0.379,0.672,0.814,0.258,0.0
4UQDZlZhGUDoYMohwrY28v,91.954,audio_features,-4.758,1,0.108,0.135,0.516,0.662,0.949,0.128,0.0
5y4TDQdYzlT4eoQIPOgNDz,90.038,audio_features,-5.695,0,0.113,0.0867,0.507,0.838,0.594,0.176,0.0
29dljceloiAgAeARUwZ3QC,184.055,audio_features,-3.177,0,0.18,0.406,0.296,0.433,0.952,0.00301,1.6e-05
124DjfCOxrqEXpHD04Hk8i,87.953,audio_features,-5.28,1,0.0879,0.192,0.334,0.765,0.699,0.0522,0.0
4hNPMfFHauPIbOKvdYqFt7,122.583,audio_features,-7.718,1,0.0347,0.136,0.858,0.672,0.768,0.00201,0.905
4xSVkbqCz1xaevkjP8xXL5,116.98,audio_features,-4.124,0,0.0474,0.376,0.653,0.427,0.737,0.227,0.0
7lVNTXkI3cHFvcXiI8damb,89.279,audio_features,-5.758,1,0.208,0.211,0.761,0.66,0.707,0.397,0.0
0WYbR2GSfl4ehvmLmcpAqi,121.534,audio_features,-3.885,1,0.0348,0.0726,0.768,0.697,0.877,0.00913,6.93e-06
1JURww012QnWAw0zZXi6Aa,110.958,audio_features,-1.6,1,0.0395,0.0769,0.751,0.571,0.89,0.00509,0.0
23SlyxzUtQtExgEButcOtR,116.026,audio_features,-3.49,0,0.0308,0.0777,0.252,0.524,0.816,0.00044,0.0
1AO5MeGsWdPLejY47pnYYy,115.036,audio_features,-3.437,0,0.0852,0.248,0.851,0.64,0.931,0.0172,0.0
6FVYwnVrnAEIRnY3bHJb46,155.177,audio_features,-3.296,1,0.0633,0.331,0.413,0.37,0.981,6.28e-05,0.00225
3T2LUDcZRrOnYzV1FprZTy,171.797,audio_features,-8.035,0,0.205,0.602,0.578,0.428,0.525,0.14,7.34e-05
2ZA4uMlSZjaoWGFqP1tsLI,66.989,audio_features,-14.001,1,0.0798,0.0873,0.36,0.469,0.132,0.928,0.0
53ETzLQQKFCzykRbqWb1ph,87.165,audio_features,-7.033,0,0.0466,0.118,0.444,0.678,0.572,0.00374,6.59e-05
0eEgMbSzOHmkOeVuNC3E0k,106.217,audio_features,-5.505,0,0.036,0.226,0.711,0.838,0.475,0.000417,0.714
36ojJplD0EWqjpHkNMu9pq,93.018,audio_features,-13.463,1,0.295,0.0918,0.634,0.857,0.314,0.704,0.0
44w63XqGr3sATAzOnOySgF,132.022,audio_features,-4.678,0,0.0354,0.279,0.211,0.519,0.85,0.000246,0.014
0bMVCO35RJiUhAfvFsLjIF,159.996,audio_features,-4.811,1,0.0322,0.0708,0.756,0.497,0.619,0.47,0.0
6vB49BJ70zBpDrrAPwdaB8,81.291,audio_features,-8.216,1,0.289,0.229,0.488,0.593,0.593,0.0306,9.94e-06
4ClGNWLK9vZMBtO0CpnyOE,114.919,audio_features,-3.703,1,0.0925,0.179,0.324,0.553,0.991,4.44e-05,0.0729
0aq7ohTG6VDYQvsnAYtA5e,80.634,audio_features,-4.628,1,0.211,0.406,0.364,0.682,0.723,0.0109,0.0
5xE7sFTlv2yrG9mmhDSpdq,172.168,audio_features,-6.823,0,0.295,0.209,0.657,0.72,0.657,0.0262,2.33e-06
5Q175erZOZJZHKaZzJFYDN,122.879,audio_features,-8.246,1,0.0274,0.152,0.388,0.692,0.482,0.405,0.0
6EfyEbyk4XjCisJz90V8Ki,100.014,audio_features,-4.414,0,0.105,0.102,0.761,0.901,0.392,0.0525,0.0
7jdzEA44GdSp4laVCF3Ztw,182.363,audio_features,-3.923,0,0.376,0.0974,0.661,0.549,0.636,0.395,0.0
1cA2LExLTdhHLL0FmXoc57,82.031,audio_features,-3.401,1,0.153,0.294,0.221,0.727,0.74,0.012,0.0
