album_id,album_genres,album_release_date,album_popularity
4zEAsP0RIfbGARdtsgAaUV,,2005-01-01,74
5ll74bqtkcXlKE7wwkMq4g,,2005-08-30,77
0bUTHlWbkSQysoM3VsWldT,,2005-05-23,78
0kys2jaKAiDPfNBd4z7LAg,,2005-11-14,70
5nkUSlIhtoJZMOUlB0sNCp,,2005-05-03,75
2YeOhhJg3OWpN0F1VYPxtW,,2005-09-27,69
5qENHeCSlwWpEzb25peRmQ,,2005-12-06,73
5ppnlEoj4HdRRdRihnY3jU,,2005-11-28,75
5sHvTCk793vr9EkSKcD7IT,,2005-01-01,71
5nkUSlIhtoJZMOUlB0sNCp,,2005-05-03,75
4PrPbmm0gKvaD3rerOXFg8,,2005,76
2c7ynrgZP08xNtkJi9MhjF,,2005-12-06,70
01XmoBPJ8VwC6IyOEvGhy5,,2005-01-01,65
32Bu3ETQhR1PFCj3ndDlYf,,2005-09-26,72
4vUClKTFaDWnsHE8rK52GY,,2005-01-01,69
1IM3GwptCGYjRkzCBolyFK,,2005-09-13,74
3PWEGZ6CYvXRnr0JCECsDe,,2005-01-01,66
4FyGpObwABjn0o8Tdp7AZz,,2005-08-29,74
43iBTEWECK7hSnE0p6GgNo,,2005-04-12,63
2TN3NIEBmAOGWmvP96DFs5,,2005-10-24,72
2pidzXTaHV4WaIJYRxKDCH,,2005-03-03,77
7tTc46dNdE6GGuiQsssWxo,,2005-01-01,70
3QxX3NbWyLlLG6lP1xveL3,,2005-11-22,73
7tTc46dNdE6GGuiQsssWxo,,2005-01-01,70
4Ug3M4a8wAEebndVIF65fX,,2005-02-22,67
77dNyQA0z8dV33M4so4eRY,,2005-07-19,67
2SmDuZSWtjukp9gkG2mcBQ,,2005-01-01,65
5ll74bqtkcXlKE7wwkMq4g,,2005-08-30,77
3dCEXNx36W29EYCMUAx5p5,,2005-04-26,75
1C5xrwfzgDM0hz7Kb035V3,,2005-01-01,63
21dqbZplVbX1gMMdqOLvWI,,2005-12-06,65
4E7bV0pzG0LciBSWTszra6,,2005-06-07,76
4D8A8M0NJjEdQhusawyeDz,,2005-05-10,62
0cn6MHyx4YuZauaB7Pb66o,,2005-05-17,74
3PWEGZ6CYvXRnr0JCECsDe,,2005-01-01,66
49gaz5rhWWgqCw61M9700v,,2005,72
2szeSQtOcJgRhDXmTS3SIf,,2005-01-01,64
4SOpJPkpAO8FT9n4sbmnoT,,2005-01-01,60
49gaz5rhWWgqCw61M9700v,,2005,72
0Te7OvzuUMnbsqCneIDUm6,,2005-09-19,69
69ny9Y7VrjVP7JNK0xhYke,,2005-09-26,64
2eprpJCYbCbPZRKVGIEJxZ,,2005-06-14,68
2pidzXTaHV4WaIJYRxKDCH,,2005-03-03,77
54vjTimZqQsDgXYVJFDJqm,,2005-01-01,59
2TN3NIEBmAOGWmvP96DFs5,,2005-10-24,72
0fuGd7HQHt8xUoJKEuWAFl,,2005-01-01,59
0dCRu5tVhx9fvbVZSxfjfP,,2005,64
2hOY4rDu51XSBvtwfWgSmz,,2005-03-22,66
5x8e8UcCeOgrOzSnDGuPye,,2005-01-01,64
1NFGnxmeIEBakre4DvLaJq,,2005-08-29,62
2koUTBXkwUt2uJYv0uezHx,,2005-02-07,62
0bUTHlWbkSQysoM3VsWldT,,2005-05-23,78
69ny9Y7VrjVP7JNK0xhYke,,2005-09-26,64
1IM3GwptCGYjRkzCBolyFK,,2005-09-13,74
4PrPbmm0gKvaD3rerOXFg8,,2005,76
5v4Vx9loqMQCS3J7OmP9pa,,2005-11-21,64
5PE3OnyEPOlTShpjij8Wfp,,2005-11-08,61
5qENHeCSlwWpEzb25peRmQ,,2005-12-06,73
0kTLdP4XPeJGsbr2L8ikyF,,2005-09-27,63
3dCEXNx36W29EYCMUAx5p5,,2005-04-26,75
6hiOeC9YErltT6CnK4pfJN,,2005,61
2pidzXTaHV4WaIJYRxKDCH,,2005-03-03,77
21dqbZplVbX1gMMdqOLvWI,,2005-12-06,65
2szeSQtOcJgRhDXmTS3SIf,,2005-01-01,64
55tK4Ab7XHTOKkw0xDz3AA,,2005-06-06,68
1IM3GwptCGYjRkzCBolyFK,,2005-09-13,74
01XmoBPJ8VwC6IyOEvGhy5,,2005-01-01,65
0ikcvM61CScaAOSKHOralR,,2005-01-01,62
5FWZm9haAG0NhY6WmdS4oW,,2005-04-19,61
2c7ynrgZP08xNtkJi9MhjF,,2005-12-06,70
1VlMcoG1aI4E4kBIVoH5cp,,2005-01-01,56
0MNY21WYhxGWfT9WQzrZe5,,2005-01-27,66
7tTc46dNdE6GGuiQsssWxo,,2005-01-01,70
4FyGpObwABjn0o8Tdp7AZz,,2005-08-29,74
2YeOhhJg3OWpN0F1VYPxtW,,2005-09-27,69
2rNUIqPFIbq5bSH46jHUZy,,2005-01-01,65
0mfiGkVJST0ysEVznu2aZP,,2005-01-01,72
5x8e8UcCeOgrOzSnDGuPye,,2005-01-01,64
66g9Nydw29UNG9b2ndrlRi,,2005-01-01,60
65G0BpV00GmLi5WUCeWdvT,,2005,62
3j70PDKieTWQAwas3bPHRZ,,2005-01-01,67
3eFmEZkrFFPAhEX0xpTSir,,2005-01-01,55
3eZd2XbhLyPcgbgcsLTZh3,,2005-09-26,69
3eZd2XbhLyPcgbgcsLTZh3,,2005-09-26,69
1YU3MPIMY9rZOE899khVj2,,2005-04-19,58
0mfiGkVJST0ysEVznu2aZP,,2005-01-01,72
2sZGDqHfU884z3iFris122,,2005-07-19,62
39GmYuRp42zXVjzCLffcOC,,2005,56
3QxX3NbWyLlLG6lP1xveL3,,2005-11-22,73
56Us3Q6UIM4jKJZlWhqddL,,2005-05-03,58
3MNvfg19MJsXCQ0I3WVdkm,,2005,68
4zhigAhPwqp43XVHBiVeQI,,2005-02-22,65
77eKpEVxmSr1RhqMlirlTF,,2005-01-01,72
1ekaxA9Q5GzUPCepx4wzMF,,2005-08-08,69
13HYuDhB1soZvHzwoymXoV,,2005-01-01,63
6MwSuZphL6GmuSVIYUGUF7,,2005-01-25,61
4ynNUTFmwET6m3BQe3xDwg,,2005-07-10,63
6vV5UrXcfyQD1wu4Qo2I9K,,2005-07-04,59
4nYsnQpTAQaPzrPc6rOsBN,,2005-01-15,59
5pmuwmV2OcuiTX7kNczQ16,,2005,66
0bUTHlWbkSQysoM3VsWldT,,2005-05-23,78
3zHPYwiMJqa3hTBgk695Ae,,2005-06-03,75
5ll74bqtkcXlKE7wwkMq4g,,2005-08-30,77
5nkUSlIhtoJZMOUlB0sNCp,,2005-05-03,75
1NFGnxmeIEBakre4DvLaJq,,2005-08-29,62
6FVaqUBQlhPrGoLCllQk4y,,2005-07-22,65
32LSfRBN2QI84fkkVX0edr,,2005-08-16,59
22yhkGIMlyXRYzXZbH5OBA,,2005-07-26,58
6tiqcLj9TP3qaxWUbNuPYn,,2005-01-01,58
6WIR99PZ2ch3SdM4zs3WO5,,2005-05-10,56
0AUmIwAzAwUXppgN2c7ceA,,2005,59
0UArfu79AC2LrQ6lsvohp5,,2005,54
1hg0pQJLE9dzfT1kgZtDPr,,2005-11-11,68
5Kexjw3aLUrvDNAGrUMAmE,,2005-05-17,61
0cn6MHyx4YuZauaB7Pb66o,,2005-05-17,74
5x8e8UcCeOgrOzSnDGuPye,,2005-01-01,64
5x3ZoZjexntAoipx0KaDnf,,2005-12-06,53
4iBPW5y08WIeGXTkBJAPrF,,2005,52
2TN3NIEBmAOGWmvP96DFs5,,2005-10-24,72
0gCDvloPR42pZRZhmbGYVI,,2005-04-25,59
3XWgiQQ5dMilsbpKDWmzSA,,2005-01-01,54
3eZd2XbhLyPcgbgcsLTZh3,,2005-09-26,69
1qN6qh1gwgrYTCdSq21gov,,2005-01-01,56
3MNvfg19MJsXCQ0I3WVdkm,,2005,68
7tTc46dNdE6GGuiQsssWxo,,2005-01-01,70
4fIVLcTjPnagYnDmTivhiY,,2005,57
0kTLdP4XPeJGsbr2L8ikyF,,2005-09-27,63
14cwHpqeVuYbwQxmY5tgQT,,2005-06-07,56
3r8vRtmMzWdLYUQCgMk12y,,2005,52
5y3QOvNMlvamEs4rzua8JV,,2005-01-26,60
5uMLCobPh02IG3fyH0Dzec,,2005-11-07,56
31dzB4ULKZfOH71tuaBiR8,,2005-01-01,60
3rHeq4F5wnaLBjNtuz7Yvh,,2005-06-07,61
3zHPYwiMJqa3hTBgk695Ae,,2005-06-03,75
2koUTBXkwUt2uJYv0uezHx,,2005-02-07,62
2YeOhhJg3OWpN0F1VYPxtW,,2005-09-27,69
1NovG9mTUookEBrlHP6QC1,,2005,52
0cn6MHyx4YuZauaB7Pb66o,,2005-05-17,74
6Nu5K9Mpb5qYi1e7DGESse,,2005-01-01,51
6CZsZhx7G4jMx7qoRSFCrI,,2005-11-06,55
0urhQCsjpczjC8zbTMtd8t,,2005-03-22,57
4Y0PrDckfFKxKaVXsscDLB,,2005-01-01,64
3dCEXNx36W29EYCMUAx5p5,,2005-04-26,75
0kys2jaKAiDPfNBd4z7LAg,,2005-11-14,70
5ll74bqtkcXlKE7wwkMq4g,,2005-08-30,77
2OMdsA2I4RxrHCyogwKGvF,,2005-01-01,56
6TgkNOiJxeSkVVbXV720B1,,2005-10-17,63
15ZipIr7RjbpSCNMIaoQoF,,2005-08-08,52
3PWEGZ6CYvXRnr0JCECsDe,,2005-01-01,66
49gaz5rhWWgqCw61M9700v,,2005,72
43iBTEWECK7hSnE0p6GgNo,,2005-04-12,63
5sHvTCk793vr9EkSKcD7IT,,2005-01-01,71
30y0ZT845hhBoFNRKcZjT9,,2005,54
0HQhToIjonHnJRRPN4jeJU,,2005-01-01,64
2SmDuZSWtjukp9gkG2mcBQ,,2005-01-01,65
2PFK4dMZkqUQfxfSrK8WMf,,2005,59
7tTc46dNdE6GGuiQsssWxo,,2005-01-01,70
2d7tfROtI0Sdsy2TYJMDpe,,2005-09-20,64
4E7bV0pzG0LciBSWTszra6,,2005-06-07,76
77eKpEVxmSr1RhqMlirlTF,,2005-01-01,72
0cn6MHyx4YuZauaB7Pb66o,,2005-05-17,74
4fIVLcTjPnagYnDmTivhiY,,2005,57
4LfEslRqPOv2ZOrW6KhhWr,,2005-07-19,54
0Te7OvzuUMnbsqCneIDUm6,,2005-09-19,69
3MNvfg19MJsXCQ0I3WVdkm,,2005,68
5ll74bqtkcXlKE7wwkMq4g,,2005-08-30,77
7jDU9nE51kel3vrhztvMrj,,2005-07-26,50
0HQhToIjonHnJRRPN4jeJU,,2005-01-01,64
7dhQWDiTlbp3Np8sdLMY3R,,2005-11-07,60
7slHgsEMuJfnuft5LAPyw6,,2005-01-01,60
5ll74bqtkcXlKE7wwkMq4g,,2005-08-30,77
6m8QVjXat9WFfyZPBSe0y8,,2005,59
0Pj9usAe5cnhsfBAIqgcOP,,2005-08-30,55
67f6SSb8yKduNCK15DsafC,,2005-07-26,62
4zEAsP0RIfbGARdtsgAaUV,,2005-01-01,74
0cn6MHyx4YuZauaB7Pb66o,,2005-05-17,74
2YeOhhJg3OWpN0F1VYPxtW,,2005-09-27,69
69ny9Y7VrjVP7JNK0xhYke,,2005-09-26,64
2YeOhhJg3OWpN0F1VYPxtW,,2005-09-27,69
2X17BMIMWhZDWHL0UR1LBS,,2005-03-02,72
3nD9Oab8M4sCLNmqmwSOdA,,2005-01-24,56
0tkYbxsTPQ5kTVdrvj4S3f,,2005-06-28,55
6O0WvW7JA4B02y8D9Kd3Bx,,2005-05-01,64
1YU3MPIMY9rZOE899khVj2,,2005-04-19,58
6nVACH6a27eOWiumAJhDWS,,2005-11-11,63
2X17BMIMWhZDWHL0UR1LBS,,2005-03-02,72
65G0BpV00GmLi5WUCeWdvT,,2005,62
3j70PDKieTWQAwas3bPHRZ,,2005-01-01,67
4pseMkov7XeQbqnZMDu45A,,2005,55
6ZLE8nIut6t3CXt1dIpSh6,,2005-09-05,54
3QxX3NbWyLlLG6lP1xveL3,,2005-11-22,73
36i3fUi7xuuE0UA8pXtdxK,,2005,51
7EB12gs5cyRcj9TsdZwYEd,,2005-09-20,63
5ll74bqtkcXlKE7wwkMq4g,,2005-08-30,77
0PZ6p6h37zPRCskVNqBRbw,,2005-01-01,60
5Kexjw3aLUrvDNAGrUMAmE,,2005-05-17,61
6j7O6N9Tp2Tac9hkEpt0zZ,,2005-08-16,57
3rtivE127HwnoeDg1UtMde,,2005-10-07,53
0bUTHlWbkSQysoM3VsWldT,,2005-05-23,78
2YeOhhJg3OWpN0F1VYPxtW,,2005-09-27,69
5Bp5PZqYJ9tiz0Hf6lOD5Q,,2005-10-04,59
22yhkGIMlyXRYzXZbH5OBA,,2005-07-26,58
7gZilZGYr8M7UwEeYvdAKZ,,2005-08-08,51
311sQUy4H8IFHsY9j8kx5q,,2005-10-04,54
6pBngj1vpWoWV2L2e0XQVF,,2005-01-01,72
55tK4Ab7XHTOKkw0xDz3AA,,2005-06-06,68
6TgkNOiJxeSkVVbXV720B1,,2005-10-17,63
4W6kVnBPgcW8zDYXbRHh2J,,2005-12-06,59
49gaz5rhWWgqCw61M9700v,,2005,72
0bUTHlWbkSQysoM3VsWldT,,2005-05-23,78
5dO917ENOex3W1RnneH0wv,,2005-02-11,55
69ny9Y7VrjVP7JNK0xhYke,,2005-09-26,64
6pBngj1vpWoWV2L2e0XQVF,,2005-01-01,72
5ll74bqtkcXlKE7wwkMq4g,,2005-08-30,77
0Te7OvzuUMnbsqCneIDUm6,,2005-09-19,69
7slHgsEMuJfnuft5LAPyw6,,2005-01-01,60
5Bp5PZqYJ9tiz0Hf6lOD5Q,,2005-10-04,59
0Jttxgk5XzLJgGtJQQWmHd,,2005,68
36vdts7dE6Cy6A7VC5qZ4I,,2005,47
5D2CHiTlb8MXWJsZWXjkZf,,2005-01-01,66
5D2CHiTlb8MXWJsZWXjkZf,,2005-01-01,66
