artist_id,artist_genres,artist_popularity
1vfezMIyCr4XUdYRaKIKi3,"hip pop, r&b, urban contemporary",67
5K4W6rqBFWDnAN6FQUkS6x,"chicago rap, hip hop, rap",88
3AA28KZvwAUcZuOKwyblJQ,"alternative hip hop, modern rock, rock",76
4xFUf1FHVy696Q1JQZMTRj,"classic oklahoma country, contemporary country, country, country dawn, country road, dance pop",68
4UXqAaa6dQYAk18Lv7PEgX,"emo, modern rock, pop, rock",77
20JZFwl6HVl6yg8a4H3ZqK,"modern rock, pop",74
7dGJo4pcD2V6oG8kP0tJRR,"detroit hip hop, hip hop, rap",87
0EmeFodog0BfCgMzAIvKQp,"colombian pop, dance pop, latin pop, pop",84
0RqtSIYZmd4fiBKVFqyIqD,"modern rock, post-grunge",68
4UXqAaa6dQYAk18Lv7PEgX,"emo, modern rock, pop, rock",77
0NbfKEOTQCcwd6o7wSDOHI,"detroit hip hop, gangster rap, hip hop, pop rap, rap, southern hip hop, trap",69
3RNrq3jvMZxD9ZyoOZbQOD,"alternative metal, funk metal, hard rock, nu metal, post-grunge, rap metal, rock",73
1By9QBFnjZAoI83BZppHlt,"contemporary country, country, country road",63
3Isy6kedDrgPYoTS1dazA9,"dance pop, dancehall, pop, pop rap",77
1g1yxsNVPhMUl9GrMjEb2o,"modern rock, neo mellow, neon pop punk, pop punk, pop rock",60
0zOcE3mg9nS6l3yxt1Y0bK,"neo mellow, piano rock, pop, pop rock",66
3vAaWhdBR38Q02ohXqaNHT,"alternative metal, modern rock, neo mellow, neon pop punk, pop punk, pop rock, post-grunge",64
5pKCCKE2ajJHZ9KAiaK11H,"barbadian pop, pop, urban contemporary",87
4iHNK0tOyZPYnBU7nGAgpQ,"dance pop, pop, urban contemporary",76
7lqaPghwYv2mE9baz5XQmL,"ann arbor indie, pov: indie",63
3q7HBObVc0L8jNeTe5Gofh,"east coast hip hop, gangster rap, hip hop, pop rap, queens hip hop, rap",80
3GBPw9NK25X1Wt2OUvOwY3,neo mellow,72
5eAWCfyUhZtHHtBdNk56l1,"alternative metal, nu metal, rap metal, rock",76
3GBPw9NK25X1Wt2OUvOwY3,neo mellow,72
4IJczjB0fJ04gs4uvP0Fli,"dance pop, pop rap",66
3fMbdgg4jU18AjLCKBhRSm,"r&b, soul",80
6BMhCQJYHxxKAeqYS1p5rY,"alternative metal, nu metal, post-grunge",57
5K4W6rqBFWDnAN6FQUkS6x,"chicago rap, hip hop, rap",88
1qto4hHid1P71emI6Fd8xi,"bachata, bachata dominicana, latin hip hop, latin pop, tropical, urbano latino",75
6B5c4sch27tWHAGdarpPaW,"alternative metal, nu metal, post-grunge, south african rock",66
3aQeKQSyrW4qWr35idm0cy,"dance pop, gangster rap, hip hop, pop rap, r&b, rap, southern hip hop, trap, urban contemporary",74
4gzpq5DPGxSnKTe4SA8HAU,"permanent wave, pop",85
3jOstUTkEu2JkjvRdBA5Gu,"alternative rock, modern power pop, modern rock, permanent wave, rock",70
5eAWCfyUhZtHHtBdNk56l1,"alternative metal, nu metal, rap metal, rock",76
3vAaWhdBR38Q02ohXqaNHT,"alternative metal, modern rock, neo mellow, neon pop punk, pop punk, pop rock, post-grunge",64
7bXgB6jMjp9ATFy66eO08Z,"pop rap, r&b, rap",83
1yxSLGMDHlW21z4YXirZDS,"dance pop, pop, pop rap",77
2bA6fzP0lMAQ4kz6CF61w8,"classic oklahoma country, contemporary country, country, country road",65
7bXgB6jMjp9ATFy66eO08Z,"pop rap, r&b, rap",83
3TOqt5oJwL9BE2NG9MEwDa,"alternative metal, nu metal, rap metal, rock",70
6deZN1bslXzeGvOLaLMOIF,"alternative metal, canadian rock, post-grunge",74
7jy3rLJdDQY21OgRLCZ9sD,"alternative metal, alternative rock, modern rock, permanent wave, post-grunge, rock",75
3q7HBObVc0L8jNeTe5Gofh,"east coast hip hop, gangster rap, hip hop, pop rap, queens hip hop, rap",80
3CygdxquGHurS7f9LjNLkv,"contemporary country, country, country dawn, country road",60
7lqaPghwYv2mE9baz5XQmL,"ann arbor indie, pov: indie",63
4aJTB79uwT4sP0Nb8QGWHc,"arkansas country, contemporary country, country, country road",55
2Pfv2w8a20xzC7Dr7QXRqM,"alternative metal, industrial metal, nu metal, rap metal",58
5PokPZn11xzZXyXSfnvIM3,"neo mellow, pop rock, post-grunge",61
6wPhSqRtPu1UhRCDX5yaDJ,"dance pop, girl group, pop",66
0YrtvWJMgSdVrk3SfNjTbx,"alternative rock, canadian indie, chamber pop, indie rock, indietronica, modern rock, seattle indie, washington indie",61
1GxkXlMwML1oSg5eLPiAz3,"adult standards, canadian pop, jazz pop, lounge",73
3AA28KZvwAUcZuOKwyblJQ,"alternative hip hop, modern rock, rock",76
6deZN1bslXzeGvOLaLMOIF,"alternative metal, canadian rock, post-grunge",74
0zOcE3mg9nS6l3yxt1Y0bK,"neo mellow, piano rock, pop, pop rock",66
0NbfKEOTQCcwd6o7wSDOHI,"detroit hip hop, gangster rap, hip hop, pop rap, rap, southern hip hop, trap",69
7dWYWUbO68rXJOcyA7SpJk,rap rock,57
4AllEJE7mVkhhyUV6DjqPz,"atl hip hop, crunk, dirty south rap, old school atlanta hip hop, southern hip hop",50
7dGJo4pcD2V6oG8kP0tJRR,"detroit hip hop, hip hop, rap",87
26s8LSolLfCIY88ysQbIuT,"crunk, dirty south rap, gangster rap, memphis hip hop, southern hip hop, tennessee hip hop, trap",61
1qto4hHid1P71emI6Fd8xi,"bachata, bachata dominicana, latin hip hop, latin pop, tropical, urbano latino",75
4yBK75WVCQXej1p04GWqxH,"atl hip hop, crunk, dirty south rap, gangster rap, old school atlanta hip hop, rap, southern hip hop, trap",68
3q7HBObVc0L8jNeTe5Gofh,"east coast hip hop, gangster rap, hip hop, pop rap, queens hip hop, rap",80
3aQeKQSyrW4qWr35idm0cy,"dance pop, gangster rap, hip hop, pop rap, r&b, rap, southern hip hop, trap, urban contemporary",74
1yxSLGMDHlW21z4YXirZDS,"dance pop, pop, pop rap",77
0nmQIMXWTXfhgOBdNzhGOs,"alternative metal, nu metal",73
0zOcE3mg9nS6l3yxt1Y0bK,"neo mellow, piano rock, pop, pop rock",66
1By9QBFnjZAoI83BZppHlt,"contemporary country, country, country road",63
2zRt0sfxNnqI8gLR7d8gWt,dark wave,54
6MxlVTY6PmY8Nyn16fvxtb,"reggae fusion, reggae rock",60
3RNrq3jvMZxD9ZyoOZbQOD,"alternative metal, funk metal, hard rock, nu metal, post-grunge, rap metal, rock",73
0REMf7H0VP6DwfZ9MbuWph,"alternative metal, nu metal, post-grunge",55
1CcPlAmcnJjC4FnaPVzv2v,downtempo,56
3GBPw9NK25X1Wt2OUvOwY3,neo mellow,72
5pKCCKE2ajJHZ9KAiaK11H,"barbadian pop, pop, urban contemporary",87
20JZFwl6HVl6yg8a4H3ZqK,"modern rock, pop",74
4VMYDCV2IEDYJArk749S6m,"latin hip hop, reggaeton, trap latino, urbano latino",83
1wZtkThiXbVNtj6hee6dz9,"electro latino, reggaeton, trap latino, urbano latino",76
6wPhSqRtPu1UhRCDX5yaDJ,"dance pop, girl group, pop",66
47bVt95bvBMpmJFWoyhH0C,bachata,52
7352aRY2mqSxBZwzUb6LmA,"dance pop, dirty south rap, hip pop, pop rap, r&b, rap, southern hip hop, trap, urban contemporary",57
5zzrJD2jXrE9dZ1AklRFcL,"ectofolk, lilith, neo mellow, pop rock, scottish singer-songwriter",58
3oNy8cjBtJzLC07I70sklp,"latin arena pop, latin pop, mexican pop",67
6deZN1bslXzeGvOLaLMOIF,"alternative metal, canadian rock, post-grunge",74
6deZN1bslXzeGvOLaLMOIF,"alternative metal, canadian rock, post-grunge",74
07VmOvmuBp9G0gb8BTrpn0,"dirty south rap, southern hip hop",56
1wZtkThiXbVNtj6hee6dz9,"electro latino, reggaeton, trap latino, urbano latino",76
7w9jdhcgHNdiPeNPUoFSlx,"boston punk, boston rock, celtic punk, celtic rock, punk",58
1qh1aHXy7LRcb7eyriuJTS,redneck,49
5eAWCfyUhZtHHtBdNk56l1,"alternative metal, nu metal, rap metal, rock",76
0X380XXQSNBYuleKzav5UO,"alternative metal, alternative rock, cyberpunk, electronic rock, industrial, industrial metal, industrial rock, nu metal, post-grunge, rock",63
6deZN1bslXzeGvOLaLMOIF,"alternative metal, canadian rock, post-grunge",74
7xTcuBOIAAIGDOSvwYFPzk,"canadian pop, neo mellow, pop rock",56
0z4gvV4rjIZ9wHck67ucSV,dance pop,78
7KMqksf0UMdyA0UCf4R3ux,neo mellow,69
1XkoF8ryArs86LZvFOkbyr,"dance pop, hip pop, neo soul, r&b, urban contemporary",68
5o206eFLx38glA2bb4zqIU,"chamber pop, indie rock, melancholia, omaha indie, stomp and holler",53
6N4VOBE2wNnRIINe3922Oc,"banda, duranguense, musica mexicana, norteno",59
2wIVse2owClT7go1WT98tk,"dance pop, hip hop, hip pop, neo soul, pop rap, r&b, rap, urban contemporary, virginia hip hop",69
3utxjLheHaVEd9bPjQRsy8,modern alternative rock,56
0yNSzH5nZmHzeE2xn6Xshb,"latin afrobeat, latin alternative, latin hip hop, puerto rican rock, rap conciencia, reggaeton, rock en espanol",65
3AA28KZvwAUcZuOKwyblJQ,"alternative hip hop, modern rock, rock",76
0EmeFodog0BfCgMzAIvKQp,"colombian pop, dance pop, latin pop, pop",84
5K4W6rqBFWDnAN6FQUkS6x,"chicago rap, hip hop, rap",88
4UXqAaa6dQYAk18Lv7PEgX,"emo, modern rock, pop, rock",77
0YrtvWJMgSdVrk3SfNjTbx,"alternative rock, canadian indie, chamber pop, indie rock, indietronica, modern rock, seattle indie, washington indie",61
7npqy7rgdX2D3yfVyWExKo,"latin hip hop, reggaeton",61
13YmWQJFwgZrd4bf5IjMY4,"contemporary country, country, country road",62
3FfvYsEGaIb52QPXhg4DcH,"contemporary country, country, country road, modern country rock",71
4HgF4KnohByNElYid7iCNb,"contemporary r&b, dirty south rap, hip pop, r&b, urban contemporary",56
0urTpYCsixqZwgNTkPJOJ4,"contemporary r&b, dance pop, hip pop, r&b, urban contemporary",65
0GpuSge5ffZ053NhXxgQkV,"banda, musica mexicana, norteno",68
6Ghvu1VvMGScGpOUJBAHNH,"alternative metal, nu metal, rap metal, rock, sacramento indie",75
6tbjWDEIzxoDsBA1FuhfPW,"dance pop, pop",77
6XwcepfAsPhrvwziGxhwju,"dirty south rap, hip pop, miami hip hop, pop rap, r&b, southern hip hop, trap, urban contemporary",53
5eAWCfyUhZtHHtBdNk56l1,"alternative metal, nu metal, rap metal, rock",76
6wPhSqRtPu1UhRCDX5yaDJ,"dance pop, girl group, pop",66
7dGJo4pcD2V6oG8kP0tJRR,"detroit hip hop, hip hop, rap",87
6BMhCQJYHxxKAeqYS1p5rY,"alternative metal, nu metal, post-grunge",57
7lqaPghwYv2mE9baz5XQmL,"ann arbor indie, pov: indie",63
77tT1kLj6mCWtFNqiOmP9H,"album rock, classic rock, heartland rock, mellow gold, rock, singer-songwriter, soft rock, yacht rock",70
79FMDwzZQxHgSkIYBl3ODU,"contemporary country, country, country road",57
6deZN1bslXzeGvOLaLMOIF,"alternative metal, canadian rock, post-grunge",74
3hozsZ9hqNq7CoBGYNlFTz,"chicago indie, modern rock, permanent wave",50
6deZN1bslXzeGvOLaLMOIF,"alternative metal, canadian rock, post-grunge",74
3GBPw9NK25X1Wt2OUvOwY3,neo mellow,72
5R5MLOQbI4lb7GHYioPqoN,"dance-punk, pov: indie",60
26s8LSolLfCIY88ysQbIuT,"crunk, dirty south rap, gangster rap, memphis hip hop, southern hip hop, tennessee hip hop, trap",61
19zqV9DV3txjMUjHvltl2D,"emo, neon pop punk, pop punk",49
4AgQTHagFdBq8VL791lSXz,"classic oklahoma country, country, country road",43
7nzSoJISlVJsn7O0yTeMOB,"anime, anime score, japanese classical, japanese soundtrack, orchestral soundtrack",67
3grHWM9bx2E9vwJCdlRv9O,"contemporary country, country, country road, modern country rock",67
6vdMPayKk8YJxxeNP5oMCb,"dirty south rap, southern hip hop",55
4F84IBURUo98rz4r61KF70,"alternative rock, blues rock, detroit rock, garage rock, modern blues rock, permanent wave, punk blues, rock",68
0EmeFodog0BfCgMzAIvKQp,"colombian pop, dance pop, latin pop, pop",84
1GxkXlMwML1oSg5eLPiAz3,"adult standards, canadian pop, jazz pop, lounge",73
20JZFwl6HVl6yg8a4H3ZqK,"modern rock, pop",74
66lH4jAE7pqPlOlzUKbwA0,"contemporary country, country, country dawn, country road",66
5eAWCfyUhZtHHtBdNk56l1,"alternative metal, nu metal, rap metal, rock",76
3RPYHNSwe3w0mtfJwKIN9P,"atl hip hop, country rap, dirty south rap, southern hip hop",50
3q7HBObVc0L8jNeTe5Gofh,"east coast hip hop, gangster rap, hip hop, pop rap, queens hip hop, rap",80
3MM8mtgFzaEJsqbjZBSsHJ,"alternative dance, alternative rock, dance-punk, indie rock, indietronica, modern rock, neo-synthpop, new rave, scottish rock",57
3QJzdZJYIAcoET1GcfpNGi,"reggae, reggae fusion",63
1qto4hHid1P71emI6Fd8xi,"bachata, bachata dominicana, latin hip hop, latin pop, tropical, urbano latino",75
4xFUf1FHVy696Q1JQZMTRj,"classic oklahoma country, contemporary country, country, country dawn, country road, dance pop",68
5K4W6rqBFWDnAN6FQUkS6x,"chicago rap, hip hop, rap",88
4pejUc4iciQfgdX6OKulQn,"alternative metal, alternative rock, grunge, modern rock, nu metal, palm desert scene, rock, stoner metal, stoner rock",68
0b3fYxnG6tlR0zLtBJd8DF,"alternative hip hop, hip hop",52
5KDIH2gF0VpelTqyQS7udb,"alternative metal, nu metal, post-grunge",62
3vAaWhdBR38Q02ohXqaNHT,"alternative metal, modern rock, neo mellow, neon pop punk, pop punk, pop rock, post-grunge",64
7bXgB6jMjp9ATFy66eO08Z,"pop rap, r&b, rap",83
4iHNK0tOyZPYnBU7nGAgpQ,"dance pop, pop, urban contemporary",76
0RqtSIYZmd4fiBKVFqyIqD,"modern rock, post-grunge",68
4LoM3lMauQ540MW9QiyIcR,"acoustic pop, ectofolk, lilith, neo mellow",44
2ziB7fzrXBoh1HUPS6sVFn,"alternative metal, alternative rock, grunge, hard rock, nu metal, permanent wave, post-grunge, rock, supergroup",65
6BMhCQJYHxxKAeqYS1p5rY,"alternative metal, nu metal, post-grunge",57
08rMCq2ek1YjdDBsCPVH2s,"contemporary r&b, hip pop, neo soul, r&b, urban contemporary",53
3GBPw9NK25X1Wt2OUvOwY3,neo mellow,72
4BwiodzEp9Hwes5HeFjMVK,"banda, musica mexicana, norteno",65
4gzpq5DPGxSnKTe4SA8HAU,"permanent wave, pop",85
0z4gvV4rjIZ9wHck67ucSV,dance pop,78
5eAWCfyUhZtHHtBdNk56l1,"alternative metal, nu metal, rap metal, rock",76
5R5MLOQbI4lb7GHYioPqoN,"dance-punk, pov: indie",60
0k7Xl1pqI3tu8sSEjo5oEg,"chopped and screwed, crunk, dirty south rap, houston rap",63
3TOqt5oJwL9BE2NG9MEwDa,"alternative metal, nu metal, rap metal, rock",70
6deZN1bslXzeGvOLaLMOIF,"alternative metal, canadian rock, post-grunge",74
5K4W6rqBFWDnAN6FQUkS6x,"chicago rap, hip hop, rap",88
7B7TGqQe7QTVm2U6q8jzk1,"chicano rap, g funk, san diego rap",50
2ziB7fzrXBoh1HUPS6sVFn,"alternative metal, alternative rock, grunge, hard rock, nu metal, permanent wave, post-grunge, rock, supergroup",65
5Q1vijNjTVhQBoVrZVXms8,"panamanian pop, reggaeton",50
55Aa2cqylxrFIXC767Z865,"hip hop, new orleans rap, pop rap, rap, trap",83
5K4W6rqBFWDnAN6FQUkS6x,"chicago rap, hip hop, rap",88
0x83OBqixqdCHnStP5VMcn,"classic girl group, classic soul, doo-wop, motown, rock-and-roll, soul",50
0XKOBt59crntr7HQXXO8Yz,"contemporary country, country, country road",66
74XFHRwlV6OrjEM0A2NCMF,"candy pop, modern rock, pixie, pop, pop emo, pop punk, rock",75
1vfezMIyCr4XUdYRaKIKi3,"hip pop, r&b, urban contemporary",67
5eAWCfyUhZtHHtBdNk56l1,"alternative metal, nu metal, rap metal, rock",76
20JZFwl6HVl6yg8a4H3ZqK,"modern rock, pop",74
6deZN1bslXzeGvOLaLMOIF,"alternative metal, canadian rock, post-grunge",74
20JZFwl6HVl6yg8a4H3ZqK,"modern rock, pop",74
0vR2qb8m9WHeZ5ByCbimq2,"latin arena pop, latin pop, mexican pop, reggaeton, urbano latino",75
4JfFdF9Row7UXtdsKtT6tc,"afrobeat, classic soul, funk",48
44PA0rCQXikgOWbfY7Fq7m,"atl hip hop, crunk, dirty south rap, old school atlanta hip hop, southern hip hop",60
53KTldaJ8tHSkYU3nigfwP,"colombian pop, latin pop",65
07VmOvmuBp9G0gb8BTrpn0,"dirty south rap, southern hip hop",56
3Rq3YOF9YG9YfCWD4D56RZ,"ambeat, chillhop, downtempo, instrumental hip hop, japanese chillhop, japanese old school hip hop, jazz rap",60
0vR2qb8m9WHeZ5ByCbimq2,"latin arena pop, latin pop, mexican pop, reggaeton, urbano latino",75
7352aRY2mqSxBZwzUb6LmA,"dance pop, dirty south rap, hip pop, pop rap, r&b, rap, southern hip hop, trap, urban contemporary",57
5zzrJD2jXrE9dZ1AklRFcL,"ectofolk, lilith, neo mellow, pop rock, scottish singer-songwriter",58
1vqVpMkCSaE0RsQZ0Fvfvh,"children's music, nursery",52
6gbGGM0E8Q1hE511psqxL0,pop rap,51
5eAWCfyUhZtHHtBdNk56l1,"alternative metal, nu metal, rap metal, rock",76
61YE3whKiuRr83j1yOm5M7,"acoustic pop, neo mellow, piano rock, pop rock",43
5qBZETtyzfYnXOobDXbmcD,"orchestral soundtrack, soundtrack",65
5K4W6rqBFWDnAN6FQUkS6x,"chicago rap, hip hop, rap",88
6J7biCazzYhU3gM9j1wfid,dance pop,64
6XwcepfAsPhrvwziGxhwju,"dirty south rap, hip pop, miami hip hop, pop rap, r&b, southern hip hop, trap, urban contemporary",53
1Tsag5J854qxeOo2apszug,"canadian post-hardcore, canadian rock, melodic metalcore, metalcore, neon pop punk, pop emo, pop punk, post-hardcore, screamo",55
34EP7KEpOjXcM2TCat1ISk,"east coast hip hop, gangster rap, hardcore hip hop, hip hop, rap",65
3AA28KZvwAUcZuOKwyblJQ,"alternative hip hop, modern rock, rock",76
20JZFwl6HVl6yg8a4H3ZqK,"modern rock, pop",74
59wfkuBoNyhDMQGCljbUbA,"dance pop, east coast hip hop, hip hop, hip pop, pop rap, rap, trap",71
3FfvYsEGaIb52QPXhg4DcH,"contemporary country, country, country road, modern country rock",71
01lz5VBfkMFDteSA9pKJuP,"boy band, neon pop punk, pixie, pop punk",45
70BYFdaZbEKbeauJ670ysI,"alternative metal, nu metal, post-grunge",67
7cjh6y0V9SsyCrWSXTzwOs,latin pop,70
0nmQIMXWTXfhgOBdNzhGOs,"alternative metal, nu metal",73
0b3fYxnG6tlR0zLtBJd8DF,"alternative hip hop, hip hop",52
5y2Xq6xcjJb2jVM54GHK3t,"neo soul, pop, pop soul, urban contemporary",73
7bXgB6jMjp9ATFy66eO08Z,"pop rap, r&b, rap",83
3AA28KZvwAUcZuOKwyblJQ,"alternative hip hop, modern rock, rock",76
2xIaXC0ztnAJkUsZWFVSPV,children's folk,45
6deZN1bslXzeGvOLaLMOIF,"alternative metal, canadian rock, post-grunge",74
7cjh6y0V9SsyCrWSXTzwOs,latin pop,70
5K4W6rqBFWDnAN6FQUkS6x,"chicago rap, hip hop, rap",88
3TOqt5oJwL9BE2NG9MEwDa,"alternative metal, nu metal, rap metal, rock",70
55Aa2cqylxrFIXC767Z865,"hip hop, new orleans rap, pop rap, rap, trap",83
1eNkUXHPaXyuyC8NAgzykK,"contemporary r&b, new jack swing, r&b, urban contemporary",53
29SeiO68HQHBs7pDdWOvvX,"latin christian, rock cristiano",69
12PSlydMSjEHzSCj9X5qv7,"chicano rap, latin hip hop, pop rap, southern hip hop, texas latin rap, urban contemporary",59
3q7HBObVc0L8jNeTe5Gofh,"east coast hip hop, gangster rap, hip hop, pop rap, queens hip hop, rap",80
3q7HBObVc0L8jNeTe5Gofh,"east coast hip hop, gangster rap, hip hop, pop rap, queens hip hop, rap",80
