song_id,song_name,song_duration,song_popularity,artist_id,album_id
5TRPicyLGbAF2LGBFbHGvO,Flashing Lights,237506,89,5K4W6rqBFWDnAN6FQUkS6x,4SZko61aMnmgvNhfhgTuD3
58ge6dfP91o9oXMzq3XkIS,505,253586,82,7Ln80lUS6He07XvHI8qqHH,6rsQnwaoJHxXJRCDBPkBRw
7rbECVPkY5UODxoOUVKZnA,I Wonder,243440,88,5K4W6rqBFWDnAN6FQUkS6x,4SZko61aMnmgvNhfhgTuD3
4iz9lGMjU1lXS51oPmUmTe,Homecoming,203493,85,5K4W6rqBFWDnAN6FQUkS6x,4SZko61aMnmgvNhfhgTuD3
6SpLc7EXZIPpy0sVko0aoU,Misery Business,211520,77,74XFHRwlV6OrjEM0A2NCMF,71rziY9eLo1tA2dBMxrwhc
0j2T0R9dR9qdJYsB7ciXhf,Stronger,311866,85,5K4W6rqBFWDnAN6FQUkS6x,4SZko61aMnmgvNhfhgTuD3
0mEdbdeRFQwBhN4xfyIeUM,Can't Tell Me Nothing,271600,83,5K4W6rqBFWDnAN6FQUkS6x,4SZko61aMnmgvNhfhgTuD3
2bLqfJjuC5syrsgDsZfGmn,The Way I Are,179120,85,5Y5TRrQiqgUO4S36tzjIRZ,4BxB8U8QgpR4UCvJ0moj8Z
3Zwu2K0Qa5sT6teCCHPShP,Thnks fr th Mmrs,203506,82,4UXqAaa6dQYAk18Lv7PEgX,0hHopYqXhuvYSHtVyrcb1g
1tkMs9wDPknQ3ZHcKDw1ES,Buy U a Drank (Shawty Snappin') (feat. Yung Joc),227960,79,3aQeKQSyrW4qWr35idm0cy,6CrSEKCF4TYrbSIitegb3h
28IEbk5a7twNTbUEvWslUb,Paralyzer,208106,78,0niJkG4tKkne3zwr7I8n9n,2pCfqddO9tLKRz3wzSNGsZ
2yPoXCs7BSIUrucMdK5PzV,Umbrella,275986,75,5pKCCKE2ajJHZ9KAiaK11H,4OXnPSBtZo8PBFiTOfuumP
0JJP0IS4w0fJx01EcrfkDe,"Dear Maria, Count Me In",182826,80,46gyXjRIvN1NL1eCB8GBxo,0H4ELcHequ3OligrjWfrZP
4eAwB5pnKFTmsgc3zWoYO0,Fake It,193893,78,6B5c4sch27tWHAGdarpPaW,59Tni3gA1OczshFWTMxmbo
4ZPdLEztrlZqbJkgHNw54L,Good Life,207000,79,5K4W6rqBFWDnAN6FQUkS6x,4SZko61aMnmgvNhfhgTuD3
3FtYbEfBqAlGO46NUDQSAt,Electric Feel,229640,80,0SwO7SWeDHJijQ3XNS7xEE,6mm1Skz3JE6AXneya9Nyiv
1ixbwbeBi5ufN4noUKmW5a,Paper Planes,205200,80,0QJIPDAEDILuo8AIq3pMuU,2xoj2gYed3IYmGWn3owSfu
1hGy2eLcmC8eKx7qr1tOqx,Beautiful Girls,225373,81,6S0dmVVn4udvppDhZIWxCr,71clfVkkopYLrgweVj2cow
18lR4BzEs7e3qzc0KVkTpU,What I've Done,205226,83,6XyY86QOPPrYVGvF9ch6wz,2tlTBLz2w52rpGCLBGyGw6
66TRwr5uJwPt15mfFkzhbi,Crank That (Soulja Boy),221933,78,6GMYJwaziB4ekv1Y6wCDWS,5wFQi4xOTXILQSKQr0Ft8s
7e8utCy2JlSB8dRHKi49xM,Fluorescent Adolescent,173493,73,7Ln80lUS6He07XvHI8qqHH,6rsQnwaoJHxXJRCDBPkBRw
6ic8OlLUNEATToEFU3xmaH,Gimme More,251240,83,26dSoYclwsYLMAKD3tpOr4,1ePkYcH5ZQCb1b4tQeiEDj
5Y77SQxEr1eiofPeUTPHxM,You,273133,76,1Xfmvd48oOhEWkscWyEbh9,6Lq7nLkIq7C0zVJp0OGSGO
0UFDKFqW2oGspYeYqo9wjA,Bleed It Out,164426,80,6XyY86QOPPrYVGvF9ch6wz,2tlTBLz2w52rpGCLBGyGw6
7x8dCjCr0x6x2lXKujYD34,The Pretender,269373,81,7jy3rLJdDQY21OgRLCZ9sD,3ilXDEG0xiajK8AbqboeJz
1Jo0Zg7XlrA6z0mFTZVdkn,Don't Stop The Music,267080,72,5pKCCKE2ajJHZ9KAiaK11H,4OXnPSBtZo8PBFiTOfuumP
1RGIjMFMgJxkZHMDXVYzOJ,Bartender (feat. Akon),238800,76,3aQeKQSyrW4qWr35idm0cy,6CrSEKCF4TYrbSIitegb3h
0NrtwAmRAdLxua31SzHvXr,Everything I Am,227893,77,5K4W6rqBFWDnAN6FQUkS6x,4SZko61aMnmgvNhfhgTuD3
1jJci4qxiYcOHhQR247rEU,Kids,302840,80,0SwO7SWeDHJijQ3XNS7xEE,6mm1Skz3JE6AXneya9Nyiv
1NrJYpdAi7uosDRPmSYrsG,Apologize,208106,73,5Pwc4xIPtQLFEnJriah9YJ,2KSpGeDoNjqCKg6HL8LAyI
4UQMOPSUVJVicIQzjAcRRZ,Champion,167600,76,5K4W6rqBFWDnAN6FQUkS6x,4SZko61aMnmgvNhfhgTuD3
6MXXY2eiWkpDCezVCc0cMH,Good Morning,195093,76,5K4W6rqBFWDnAN6FQUkS6x,4SZko61aMnmgvNhfhgTuD3
6kopmMZiyLmw7h66uXcXR7,Valerie (feat. Amy Winehouse) - Version Revisited,219413,80,3hv9jJF3adDNsBSIQDqcjp,15uqXXD0sAdZuxNxTxktlR
5rX6C5QVvvZB7XckETNych,All Summer Long,297586,75,7dOBabd5O4CvKrg4iriHTM,2xChdOg0PvxzHzE1BooUpI
266Vb7ItE3o1q8HdJ9QOvn,Verbatim,168320,77,0e86yPdC41PGRkLp2Q1Bph,40DMb38Z4n5ylfz4n29qt0
7wZUrN8oemZfsEd1CGkbXE,Bleeding Love,262466,78,5lKZWd6HiSCLfnDGrq9RAm,0VaAFegRAAn4OCg7p4QjN5
0rFOs9paloAvEtzwDX1Kmc,Bubbly,196280,70,6aZyMrc4doVtZyKNilOmwu,0gX4aTUhxNbdFTJBXX7OrH
1JdKrFyoU05abww0Zv0ayQ,That's What You Get,220480,69,74XFHRwlV6OrjEM0A2NCMF,71rziY9eLo1tA2dBMxrwhc
0YJ9FWWHn9EfnN0lHwbzvV,Jigsaw Falling Into Place,248893,77,4Z8W4fKeB5YxbusRsdQVPb,5vkqYmiPBYLaalcmjujWxK
4E6cwWJWZw2zWf7VFbH7wf,Love Song,258826,75,2Sqr0DXoaYABbjBo9HaMkM,2Z9WUERfMjOgQ6ze9TcGbF
1uigwk5hNV84zRd5YQQRTk,Pocketful of Sunshine,202906,73,7o95ZoZt5ZYn31e9z1Hc0a,6D1YpObdaha620Tm54WbIw
6CFPFnS9EcLs2I0nWqtWci,Because Of You,266840,78,21E3waRsmPlU7jZsS13rcj,52q9xNv8COtSU9phlbO5sg
45hOioMDJktr86iKDHC8gr,Girlfriend,216600,78,0p4nmQO2msCgU4IF37Wi3j,6lqE05fiHWJVYYdMVJNj38
2RqZFOLOnzVmHUX7ZMcaES,Let It Go,238333,69,1vfezMIyCr4XUdYRaKIKi3,7mdy09EO4q6F9VWBtXDDjK
4wajJ1o7jWIg62YqpkHC7S,Weird Fishes/ Arpeggi,318186,75,4Z8W4fKeB5YxbusRsdQVPb,5vkqYmiPBYLaalcmjujWxK
7fGODUqa0gtkb72oBVCgCD,Ella Me Levanto,209493,81,4VMYDCV2IEDYJArk749S6m,6FwmC2DvXlzz23X8nAWMbN
4iG2gAwKXsOcijVaVXzRPW,Time to Pretend,261000,74,0SwO7SWeDHJijQ3XNS7xEE,6mm1Skz3JE6AXneya9Nyiv
3wKKkGVn7cVSfgPeYYIiXG,Kiss Kiss (feat. T-Pain),250666,74,7bXgB6jMjp9ATFy66eO08Z,6p5pW2WwgVECsOhrXPAyhI
1fLlRApgzxWweF1JTf8yM5,Given Up,189293,77,6XyY86QOPPrYVGvF9ch6wz,2tlTBLz2w52rpGCLBGyGw6
45i70K1PefHafKui2WxH0M,Oh Ana,197080,73,0e86yPdC41PGRkLp2Q1Bph,40DMb38Z4n5ylfz4n29qt0
3VA4sjTMSTTF02hFGmlpJh,crushcrushcrush,189373,67,74XFHRwlV6OrjEM0A2NCMF,71rziY9eLo1tA2dBMxrwhc
3AqPL1n1wKc5DVFFnYuJhp,To Build A Home,370666,70,32ogthv0BdaSMPml02X9YB,5VrMypyjjBGzObGwnEHIJO
38YgZVHPWOWsKrsCXz6JyP,Come On Get Higher,215173,70,4NGiEU3Pkd8ASRyQR30jcA,45A2E1YR00sPSwxJw5d3qu
0wbDgMuAoy7O7pL3a69uZx,Give It To Me,234026,79,5Y5TRrQiqgUO4S36tzjIRZ,0V7TZQmJBgI81M9Z7GWxCI
717TY4sfgKQm4kFbYQIzgo,Toxic,198813,67,26dSoYclwsYLMAKD3tpOr4,574xhx2X0G9MkqACxqi4cg
3z1PqYwMtct2Dm4R9lhWnT,Gunpowder & Lead,191693,68,66lH4jAE7pqPlOlzUKbwA0,4y5aIMkIOdo6z1c8qsI6xb
3AjyOYxBv8bByfBtG5o9dP,See You Again,190453,72,5YGY8feqx7naU7z4HrwZM6,0lB2NEOuH7WRqaWotxmIDH
1oagRT7LfpVlNJN6FSZDGp,"This Ain't A Scene, It's An Arms Race",212040,73,4UXqAaa6dQYAk18Lv7PEgX,0hHopYqXhuvYSHtVyrcb1g
4ns1XFP3W5JPyzvnAjMdHD,Int'l Players Anthem (I Choose You) (feat. Outkast),259040,68,6ZhjJOJXXwnPS8PrXdmjLw,4GXlMz68LyGZeHzJcetFi1
3e2KBwxibC1rq4bA5TNKW2,Psycho,210653,68,3dXaa6jwM7B52GZpaJEIr5,64gmkAgWQqEGJtvAaGm2La
2HWWNoWEEEECwZhAiLg7ib,Beautiful Liar,199853,75,6vWDO969PvNqNYHIOW5v0m,0Zd10MKN5j9KwUST0TdBBB
1zzxoZVylsna2BQB65Ppcb,X Gon' Give It To Ya,217586,74,1HwM5zlC5qNWhJtM00yXzG,2ge7Lk4Sl7hHs4AYxqDbf1
5Qv2Nby1xTr9pQyjkrc94J,All I Need,228746,73,4Z8W4fKeB5YxbusRsdQVPb,5vkqYmiPBYLaalcmjujWxK
4QdX6pmNnJ5cleufWQIr5D,Shut Up And Drive,212280,67,5pKCCKE2ajJHZ9KAiaK11H,4OXnPSBtZo8PBFiTOfuumP
5Lgcn7u07bHuqbOtXkN62u,With You,252120,77,7bXgB6jMjp9ATFy66eO08Z,6p5pW2WwgVECsOhrXPAyhI
7zAt4tdL44D3VuzsvM0N8n,Afterlife,352426,75,0nmQIMXWTXfhgOBdNzhGOs,3Id3VUk9jSKBD1guNo1buF
2qLSXZuIHMsKydCEFDchc3,Bang Bang Bang Bang,181640,67,1KNXft7nnRQj82sENi7WGN,6DK0TneKMKj64I93VCG1bW
6Tsu3OsuMz4KEGKbOYd6A0,Hypnotize - 2007 Remaster,230000,73,5me0Irg2ANcsgc93uaYrpb,5XqEf16OrHdmMoNS1b6WDg
1jUA4rb6ZCv4gby4YU53xq,No Air (feat. Chris Brown),264373,74,2AQjGvtT0pFYfxR3neFcvz,6JCNOvp9UeMrFuXwNW0JW6
1fEGtTZjrjJW8eUeewnNJR,"Flightless Bird, American Mouth",241917,72,4M5nCE77Qaxayuhp3fVn4V,3fzjXU2SSKero9gVMcPivX
0mZ5GyrHG908lqrHaTw4hi,No One,254523,75,3DiDSECUqqY1AuBP8qtaIa,7cfKCPxLeKxSxePtCxckv6
7dltD9eEX7X1zk8JJ9BS0e,Superstar (feat. Matthew Santos),289000,70,01QTIT5P1pFP3QnnFSdsJf,0MihD70HInk2rDaChdAdEy
6IwKcFdiRQZOWeYNhUiWIv,No One,253813,75,3DiDSECUqqY1AuBP8qtaIa,6KlxyxhXEDo1LdheFulN7h
6j5LtifAnuTjTYvml61yFZ,Un Millón de Primaveras,173080,78,4PPoI9LuYeFX8V674Z1R6l,3o98FgxhuEuR7PrLRIA203
0x1LCpY9Rgeq97VPajm81B,Cyclone (feat. T-Pain) - Main,222053,66,12PSlydMSjEHzSCj9X5qv7,3ks3UxTLwmTGJW2VNtlQdw
1Y4ZdPOOgCUhBcKZOrUFiS,Lip Gloss,219773,67,5qK5bOC6wLtuLhG5KvU17c,3vgVsm9GY3i39fZ7b1sqV5
35YyxFpE0ZTOoqFx5bADW8,Nude,255386,72,4Z8W4fKeB5YxbusRsdQVPb,5vkqYmiPBYLaalcmjujWxK
5k3VjTwIsOjQ2woGz3Yx71,Can't Help but Wait,206413,70,2iojnBLj0qIMiKPvVhLnsH,6vnUL0NxqV1JrBvYW1M2wn
63BcfK6YAzJYeISaTPr6IO,Big Poppa - 2007 Remaster,249866,73,5me0Irg2ANcsgc93uaYrpb,5XqEf16OrHdmMoNS1b6WDg
0wDEs6WvqDHq4XJZC0dHhO,Hoja En Blanco,307200,73,3rs3EOlJ8jyPpdGiQ9Mhub,4aqcDA0Q2UEPInj5a89Cjr
6D1CstH1YvzNN8cPd9ay9Q,"Wipe Me Down (feat. Foxx, Webbie & Lil Boosie) - Remix",272346,65,6z7xFFHxYkE9t8bwIF0Bvg,5ZXga0efPuZJr2KIvN1xZg
2a03afRiyAbNAleOByVju4,Get It Shawty,209533,66,1Xfmvd48oOhEWkscWyEbh9,6Lq7nLkIq7C0zVJp0OGSGO
3ItzRpwvKtkDSNdRSjXu7Z,Chelsea Dagger,215173,65,3M4ThdJR28z9eSMcQHAZ5G,6R6pjR9ocMYuqSuNx5e4mg
5axOkQnmQmwtjr4bv1Xt7i,I Don't Wanna Stop,239826,69,6ZLTlhejhndI4Rh53vYhrY,6wiS0vTk9GfsiUKJEOav8Z
5619Ojc6t9evEEs3B7Drhe,Shake It,179946,70,7vXwfZyDp3spzIVNXDaTPN,2tZnyjZ6Orm55gE8bqJ3UG
3IXRdLsQib8m0hBbQpe7T8,Hang Me Up To Dry,218786,68,6VDdCwrBM4qQaGxoAyxyJC,1LTbo93CjLo48yNP8Ysaz5
6q3zC9dDD4lUNk8nfUztXy,Apologize,184400,78,5Y5TRrQiqgUO4S36tzjIRZ,4BxB8U8QgpR4UCvJ0moj8Z
05qCCJQJiOwvPQBb7akf1R,Jamie All Over,216000,68,3WfJ1OtrWI7RViX9DMyEGy,0UtenXp3qVbWedKEaNRAp9
2id8E4WvczfKHB4LHI7Np3,Edge of Seventeen,329680,71,7crPfGd2k81ekOoSqQKWWz,7q0dYnAjmqZBJLhMBre8aL
3LN41NUdHkyNqQhi9gExMm,Hypnotized (feat. Akon),188493,68,3jksrX4oBklxR78ft8gv3j,3NoUdjYUcUuRMpOzyapnYW
4OkPamOn5GofkOQu64Z4eR,Teddy Picker,160640,65,7Ln80lUS6He07XvHI8qqHH,6rsQnwaoJHxXJRCDBPkBRw
11dxtPJKR4E0wlSr0A0t47,Potential Breakup Song,219773,68,5wugb0kaq0J6nyQ5Xgd17i,4TOOGDpJ9KQ8EM84TC4qj6
3wkNK8tJZ2stygNJm8RCRD,I Luv Your Girl,267866,66,1W3FSF1BLpY3hlVIgvenLz,5yZReyaWQzR6jvaw4OBxzV
7Efs0OIW6zgQyH7ehKZYpN,You're Gonna Miss This,224960,66,79FMDwzZQxHgSkIYBl3ODU,3Ayxk9tKhpAE9gffRUWfDi
6RX5iL93VZ5fKmyvNXvF1r,Irreplaceable,227853,73,6vWDO969PvNqNYHIOW5v0m,0Zd10MKN5j9KwUST0TdBBB
2LMq1O0NiqGhPOlXo3McYQ,Icky Thump,254533,68,4F84IBURUo98rz4r61KF70,2DSNJ8bdoYfC6Uydg8ilBC
0mYoKqA23wUUj7BTEgNzjg,Shawty (feat. T Pain),255413,65,3jksrX4oBklxR78ft8gv3j,3NoUdjYUcUuRMpOzyapnYW
3G9ETaH55bMQx8hwNhAgbU,The Stable Song,360933,67,5sXaGoRLSpd7VeyZrLkKwt,7ecZGh7SICLEkqqkBNXfvE
0gbLfFlEyVHiKzlZIb0gce,How Far We've Come,212253,64,3Ngh2zDBRPEriyxQDAMKd1,0oFlNGmGpsFvvhBgnNPirh
47TQjzeG4KI0XWWb0wkbri,Australia,236711,68,4LG4Bs1Gadht7TCrMytQUO,4Tm0dXi3s3aSAqng2DACHr
174rZBKJAqD10VBnOjlQQ3,How Do I Breathe,216893,72,20s0P9QLxGqKuCsGwFsp7w,23heJEeNSmPytB3UpSJ3iD
2dRPQFwPqAmc42mDRnsDQu,All-American Girl,212173,65,4xFUf1FHVy696Q1JQZMTRj,5HwzpaqYOZABPnmvl5JYFX
0tuyEYTaqLxE41yGHSsXjy,Won't Go Home Without You,231173,64,04gDigrS5kc9YWfZHwBETP,29hJ8AFYZU98OzenrMr6iU
1IYaMVfidzSfvCUZYXhsU1,Party Like A Rock Star,253400,65,3v3clM1KQgVfpPjKJFPAmx,6tBUJLHPFbzO665rhzFDg2
5YLnfy7R2kueN0BRPkjiEG,I'll Take You There,196826,69,7xGGqA85UIWX1GoTVM4itC,7tUOJxXojOWdWU2T2ZSge7
6TlRNJaezOdzdECnQeRuMM,Bed,275106,68,7G6hXrjGpi6I7waNl4wxAk,1Ypwht853ZVmsplg2DnZLI
3mx8WfEOjeUB1a0fpFxQmi,Dos Locos,246640,70,3rs3EOlJ8jyPpdGiQ9Mhub,4QVEewz5D2YmstuFp83v0e
0qCQg5TkfBfkTsQP3IhAmC,Southside Of Heaven,379160,65,31z9f9AyPawiq0qlBO1M3i,3R4SU0GLULP0QxIal7Fcr1
3S1vtNGSNvoQmz2sPVRT2V,X Gon' Give It To Ya,218226,65,1HwM5zlC5qNWhJtM00yXzG,3AcSsCwXrOrEciLYo5a7KZ
3djNBlI7xOggg7pnsOLaNm,California Love - Original Version,284480,64,1ZwdS5xdxEREPySFridCfh,4Y9ISbppFbwk0r1XCLUi0I
0yrvmIafnxkkMCMAIaDgiQ,Te Quiero,198946,63,13VwGEitoK8J0qjNjbgeTN,64lQg8aSBACpRFwTkfk6Nm
3DNRdudZ2SstnDCVKFdXxG,"Sonata No. 14 ""Moonlight"" in C-Sharp Minor"", Op. 27 No. 2: I. Adagio sostenuto",315426,72,2wOqMjp9TyABvtHdOSOTUS,4bNwPPpk01D8pVV9IFSBde
07Tx168RSsUS1HqkDIOZbH,Cupid Shuffle,231360,65,0lax1ZgWclW6mZFaGu27MM,1tDyAU95D65Shy34JxsQCu
1Kgyx7NLtzsa3gWV1efGHu,Sexy Movimiento,209680,75,1wZtkThiXbVNtj6hee6dz9,1wqojXZPs45MXFSPlqcVkh
63u5QGp9dKXAoYTVKUKBYn,Watching Airplanes,242946,63,37W8SKV5Vc8lcGtdyWCA5m,2iShcXr1PRM3VMF15iHwP8
6u6kH7V7Tx5xDJtF82vVw0,Estos Celos,190226,73,4PPoI9LuYeFX8V674Z1R6l,3o98FgxhuEuR7PrLRIA203
1BLfQ6dPXmuDrFmbdfW7Jl,A Little Piece of Heaven,480706,74,0nmQIMXWTXfhgOBdNzhGOs,3Id3VUk9jSKBD1guNo1buF
46eHxWRKmtYhUHPDRgclt6,Careless Whisper,296973,67,6B5c4sch27tWHAGdarpPaW,59Tni3gA1OczshFWTMxmbo
6HTVZeVQ9J6Uiq6tHESxU9,"Welcome Home, Son",287634,72,5EM6xJN2QNk0cL7EEm9HR9,3kN131kyymtaEFQo14tfLr
5rTIpPWeO0IL4HWlGWrz5G,Brianstorm,170253,63,7Ln80lUS6He07XvHI8qqHH,6rsQnwaoJHxXJRCDBPkBRw
3XHrTm6WE2BOHafLwTT3GR,Eyes on Fire,302826,70,1FWybrAwiSa0zKibdLfZZr,5Chvs2hsJcGowLm4PgigEl
53BZ6XygAoubR5DU5w38Vq,Real Muthaphuckkin' G's,332733,69,7B4hKK0S9QYnaoqa9OuwgX,63e4jpPrJzjGsTxM4QOOFb
0sp00HSXkQyqTa6QqM0O8V,Leave Out All The Rest,209306,72,6XyY86QOPPrYVGvF9ch6wz,2tlTBLz2w52rpGCLBGyGw6
0Fe3WxeO6lZZxj7ytvbDUh,Dashboard,246173,64,1yAwtBaoHLEDWAnWR87hBT,2lXBCL76UL5PCPbfAqKBkz
36UVZPoK8a1Oxh13cY8kOp,I Don't Wanna Be In Love (Dance Floor Anthem),244000,64,5aYyPjAsLj7UzANzdupwnS,5skjlzXO7wZ6OuS9YKdI50
4nmne9J3YCEdhvjTzwiAgu,Black Magic Woman,195866,67,6GI52t8N5F02MxU0g5U69P,6FbFvnlSfEoNhwz5MdK0Dx
4T6HLdP6OcAtqC6tGnQelG,Everything,212373,73,1GxkXlMwML1oSg5eLPiAz3,3h4pyWRJIB9ZyRKXChbX22
0lWjRSzq5chA9fps3pM8Zr,The Glory,212706,68,5K4W6rqBFWDnAN6FQUkS6x,4SZko61aMnmgvNhfhgTuD3
1zyqZONW985Cs4osz9wlsu,On the Hotline - Amended Version,242586,65,6XwcepfAsPhrvwziGxhwju,0BHy9WW3l3NET1kmkldPtv
0DkmhHO4yyqCJFjosmmWPU,Almost Easy,234093,69,0nmQIMXWTXfhgOBdNzhGOs,3Id3VUk9jSKBD1guNo1buF
7nAqJOLfakLfvssR7p8cUN,Amor Mortal (Version Nortena),196920,67,0pgvlX0BkfmeirXTDiNmya,6nYwusybpcFdXBAh99G2Ll
2CzWeyC9zlDpIOZPUUKrBW,1234,183666,62,6CWTBjOJK75cTE8Xv8u1kj,7bTdGfczXffzzNE9ssJj4Z
15wPtgg6jsyMLhIkjcSpl4,Ahora Es,206946,73,1wZtkThiXbVNtj6hee6dz9,1wqojXZPs45MXFSPlqcVkh
323Tzd2yjV4pifrVAajafb,Hood Nigga,200933,62,3Y365ZqTf6fJ4ZcRnLKPGt,3PCD7OL3Pg7napxsltHIOj
6sDP4912wjwB7BJhbSnjS1,S.O.S.,153346,66,7gOdHgIoIKoe4i9Tta6qdD,4myOCm6FzD9TMdK7Q0Nzx0
7dzUZec5MnWMyQnk5klnKR,Grace Kelly,187733,63,5MmVJVhhYKQ86izuGHzJYA,4wKkXYJXQWDa9sndBSx0gI
6vrUTGn5p8IrfTZ0J6sIVM,Iris,289906,76,2sil8z5kiy4r76CRTXxBCA,0UccZZgelTAbbk3OSPZymO
1vwUsp52io0AGQ5yv470IC,Take You Down,245933,70,7bXgB6jMjp9ATFy66eO08Z,6p5pW2WwgVECsOhrXPAyhI
48s0QHJgmiNsth3WEO6U4M,Stop And Stare,223853,62,5Pwc4xIPtQLFEnJriah9YJ,2KSpGeDoNjqCKg6HL8LAyI
4oa14QBfWRDfJy2agySy0L,Gravity,232760,68,2Sqr0DXoaYABbjBo9HaMkM,2Z9WUERfMjOgQ6ze9TcGbF
2L47m9erkB5KBZcaqWtYen,Big Brother,287560,67,5K4W6rqBFWDnAN6FQUkS6x,4SZko61aMnmgvNhfhgTuD3
6ucR4KfvsBFWCMVFDvyKKl,Apologize,184400,75,5Y5TRrQiqgUO4S36tzjIRZ,0V7TZQmJBgI81M9Z7GWxCI
0xKFHPdmWipLYPG3zlPpr4,Under and Over It,218133,62,5t28BP42x2axFnqOOMg3CM,6u1mCPtlgfflxh5LZiPdoM
0su1fVTl8eVEd7TjY7vQBG,Prometiste Volver,186760,61,5L6QAKAkdJIPLsNbItZ2KF,4flJCUkLhewgMhvk2VOTcQ
0EKBV6GybPtALXUgWqWrym,The Story,238493,68,2sG4zTOLvjKG1PSoOyf5Ej,23XH8Ej694esQAb3IYu00h
7cyBdix7HId2onf99SrJBV,Church (feat. Teddy Verseti),241773,70,3aQeKQSyrW4qWr35idm0cy,6CrSEKCF4TYrbSIitegb3h
13NCxLOlvQ4Tnexgfp03Gs,Do Me a Favour,205240,61,7Ln80lUS6He07XvHI8qqHH,6rsQnwaoJHxXJRCDBPkBRw
5RC9YDHON0nXKmcQrL6WV6,Shawty Is Da Shit,262773,63,1W3FSF1BLpY3hlVIgvenLz,5yZReyaWQzR6jvaw4OBxzV
1jBYN6IEVkExTE3R4O9trC,Por Tu Amor - Duranguense,199653,62,2aZtzjAzD8fq3OhZ9egqda,6LCpvp7Jgbr8bV9PKGlHuI
7ABWRukVQcXrIrDKDx5Gek,Only Ones Who Know,181480,61,7Ln80lUS6He07XvHI8qqHH,6rsQnwaoJHxXJRCDBPkBRw
1U16aNzvnlfARgjWXjKmQj,Tambourine,192440,68,4d3yvTptO48nOYTPBcPFZC,35qJZJ0yUoWdyrqs6pDbTK
669Zz4glMcFwFl1BRltkXP,Hate That I Love You,219000,61,5pKCCKE2ajJHZ9KAiaK11H,4OXnPSBtZo8PBFiTOfuumP
0AU8BHZpoCIqGPxxL5KpKZ,Remember Everything,278813,61,5t28BP42x2axFnqOOMg3CM,6u1mCPtlgfflxh5LZiPdoM
7387VaiHpOsSIZ5nmjseya,Barry Bonds,204306,66,5K4W6rqBFWDnAN6FQUkS6x,4SZko61aMnmgvNhfhgTuD3
7fXhkARAtS66kxexMIAx8O,One More Chance / Stay with Me - Remix; 2007 Remaster,268706,65,5me0Irg2ANcsgc93uaYrpb,5XqEf16OrHdmMoNS1b6WDg
45oBSaWml0fU1S6qcHcpxF,Since U Been Gone,198266,65,4NiJW4q9ichVqL1aUsgGAN,4HEUcIsYZNkvMWQkIIEJYq
48X4D1FYOShPz2VF3YdfCF,House Of Cards,328293,68,4Z8W4fKeB5YxbusRsdQVPb,5vkqYmiPBYLaalcmjujWxK
2E90KUsor4U2abOJGFKtfx,Heaven Sent,232880,61,1vfezMIyCr4XUdYRaKIKi3,7mdy09EO4q6F9VWBtXDDjK
4cs6ORX8aKd6rtVdwAnnel,2am,299600,60,6MxlVTY6PmY8Nyn16fvxtb,2lKYJFAYLywsVOxLMRoAOe
2UuKZDzjZ7cVMOvpmuAMYj,Tell Me,217000,70,3Cv2vi3WTl8VZOTdrBkKdM,3svp0TRDC5MMUAPNMimAi1
4TFVF1l5nU9wbfTiFXTpi4,Sunrise,285826,62,31z9f9AyPawiq0qlBO1M3i,3R4SU0GLULP0QxIal7Fcr1
0Q9f1NBvKCC37V4oJVEgCh,Breakdown,209266,62,6B5c4sch27tWHAGdarpPaW,59Tni3gA1OczshFWTMxmbo
2EDRUNdur7CGV2W2mwIRoS,Feeling Alright,266400,62,2WjvvwAX0mdWwq3aFuUdtc,581TFVtaXAO5GeU5Ry324y
6YdzlsQcyXoWjAykR0rjj3,We Takin' Over,263280,63,0QHgL1lAIqAw0HtD7YldmP,3kh9dhan1rQm2QOrISk4SK
77BfOPXhlnNaSbg647qkx2,Pretty Handsome Awkward,215146,64,55VydwMyCuGcavwPuhutPL,2UTLJA4Rxsth81uNh4Q6ox
0PXWpNBYg52gABrn1qL1bD,Unwell - 2007 Remaster,237266,61,3Ngh2zDBRPEriyxQDAMKd1,0oFlNGmGpsFvvhBgnNPirh
0OYcEfskah1egYHjYRvbg1,Shadow of the Day,289906,69,6XyY86QOPPrYVGvF9ch6wz,2tlTBLz2w52rpGCLBGyGw6
3BcQFPRZuuUClWStz29WjN,Old Yellow Bricks,187133,61,7Ln80lUS6He07XvHI8qqHH,6rsQnwaoJHxXJRCDBPkBRw
0aAR5HogGoT68EWFbyRFqx,What A Feeling,244533,73,3oZa8Xs6IjlIUGLAhVyK4G,7C65CLdoGCQZ739kfYVcwY
2nvZv4qatgsDIbEqqbQLUT,West Coast,210106,63,2YKp8Odp8GGbAkVU60Yk2Y,4FeD2BdcaGX75b5X1gvvsg
539dFCMA8lfEElDPgGpcIB,All My Friends Say,242800,61,0BvkDsjIUla7X0k6CSWh1I,2WqHN90AQgk95Str6hWCt9
2E9KlM0BvKZKcZAQRu3OWV,The Way I Am,135386,63,2vm8GdHyrJh2O2MfbQFYG0,2115eAMeQ8neIN5PHWwz9Z
78MI7mu1LV1k4IA2HzKmHe,Dream A Little Dream Of Me - Single Version,185160,69,5V0MlUE1Bft0mbLlND7FJz,1y5KGkUKO0NG32MhIIagCA
0KlahhzNb98zyN83Vwae0l,Untouched,255360,66,1dIdBZaaHRW2bDTkHNfWln,6aL2SwYj5kSEvIcYORHP37
27mhCGdAA8gM7b33KIiB3k,Cyclone (feat. T-Pain),222026,61,12PSlydMSjEHzSCj9X5qv7,6jBnrE5JShRxymkBkLC99c
40EDOraCqoiMf14TzODihf,No Te Veo - Digital Single,255986,64,26YAHs5On4KQDNsU2cYFdL,2gSW9jTCv7OZgx8JKlkyE7
4oXg7xT4ksBxHTx8PcmSXw,15 Step,237293,67,4Z8W4fKeB5YxbusRsdQVPb,5vkqYmiPBYLaalcmjujWxK
1OzSfjFW08DTD51XoNnog7,"That's How You Know - From ""Enchanted""/Soundtrack Version",228960,64,1gkcZQArk5rV8uBwG8y5FX,3juYz5KfvUJYunlI3caxIc
72nLaDnt2dfxCA3ZAiEC2c,Still Dreaming,217826,64,20qISvAhX20dpIbOOzGK3q,7sHrPadM39466NY7DW3s4r
3Cn1FSSTXeQ7hCfrbizrD0,Last Night,255773,60,1vfezMIyCr4XUdYRaKIKi3,7mdy09EO4q6F9VWBtXDDjK
5TmFTHZp7HjBXjjsFvCY6h,Destination Calabria - Radio Edit,223111,78,7vb7VLDqpLTlAy1ctTMR5d,4sRexfGVnXMBJ1k5RW5WT8
48ncRBVLgiu8MY7O70VVw5,Ladies And Gentlemen,217240,61,5S6hjAxgxjsLylsTtMIimO,1JA2ZEDY4s6N08dbLCrbAz
3PA9dH8cT0wR5UW4XkC44Y,Get Money (feat. Junior M.A.F.I.A.) - 2007 Remaster,274440,67,5me0Irg2ANcsgc93uaYrpb,5XqEf16OrHdmMoNS1b6WDg
4EnwhEyuVrC1CgvSur5YL4,Bet On It,198320,66,6zTbBugfNc95zo8ClFDhIn,04Xde0FJSo4LVQ1GE36t49
0YkJU6TjjwzsVXUPRIO0DB,Make Me Better,253573,63,0YWxKQj2Go9CGHCp77UOyy,6t5g3iBwXlDWXhSZbDonrJ
6GIrIt2M39wEGwjCQjGChX,The Great Escape,206520,63,0vWCyXMrrvMlCcepuOJaGI,4WqgusSAgXkrjbXzqdBY68
6gDOaDZ1gIckCpjh8LdN7Q,The Other Side,128386,61,31z9f9AyPawiq0qlBO1M3i,3R4SU0GLULP0QxIal7Fcr1
5o4W6yWSJD9e9Ea8YC9WjF,One Step At a Time,205160,64,2AQjGvtT0pFYfxR3neFcvz,6JCNOvp9UeMrFuXwNW0JW6
7DRuzSlhjKadgdsQRYZ0tr,Drunk and Hot Girls,313226,65,5K4W6rqBFWDnAN6FQUkS6x,4SZko61aMnmgvNhfhgTuD3
4pWIwnnqx8k01fuF95UMIg,Bodysnatchers,242293,66,4Z8W4fKeB5YxbusRsdQVPb,5vkqYmiPBYLaalcmjujWxK
423EcxblW9F4nnQkqcqMlK,Deja Vu (feat. Jay-Z),240280,68,6vWDO969PvNqNYHIOW5v0m,0Zd10MKN5j9KwUST0TdBBB
02ppMPbg1OtEdHgoPqoqju,Reckoner,290213,67,4Z8W4fKeB5YxbusRsdQVPb,5vkqYmiPBYLaalcmjujWxK
6NoFVCCFpjWsHVYvinUeZG,Porque Me Tratas Así?,243560,66,1wZtkThiXbVNtj6hee6dz9,1wqojXZPs45MXFSPlqcVkh
3bhyo2ED5Yd4RLydQBDtD6,Good Night,185973,65,5K4W6rqBFWDnAN6FQUkS6x,4SZko61aMnmgvNhfhgTuD3
1lHXlGlve5Zx8tXLhyjDwM,Makes Me Wonder,211080,60,04gDigrS5kc9YWfZHwBETP,29hJ8AFYZU98OzenrMr6iU
2ZLL9Blx7Tq4tBrhE9YvXE,The Underdog,222106,59,0K1q0nXQ8is36PzOKAMbNe,3tSpLdSd2zhM0N0aYZd13E
33vzOPcd9FRirYGlCu32x4,Just Fine,242133,63,1XkoF8ryArs86LZvFOkbyr,5PlA7xVCN59vR0YAnRVisM
7i2ZmmyLzE7NcFAJl30mKY,Lead Me To The Cross,258626,59,74cb3MG0x0BOnYNW1uXYnM,0nJ35Byhm8jzBS3QzjSv4D
37nXsqE1XW0cxOQvIMsmFc,Conteo Regresivo - Salsa Version,266786,74,27vNK840zYq6IfDijHPsv1,00LOUiA5823qxkOcHiio0W
6pfhyFIP10boLwr4mcSE0g,Shake It,179946,59,7vXwfZyDp3spzIVNXDaTPN,7t1KO1XCs1mYeiJTiiVhJW
2EvwLVrnYbCZEG6Kx5DCRy,Piece of Me,212106,68,26dSoYclwsYLMAKD3tpOr4,1ePkYcH5ZQCb1b4tQeiEDj
1MfqPCs3Y722VK6zkWZ98Z,Pasarela,227466,76,1ykothWH0xl8drRyJWuw7I,35ejmbRlV32Qng9jGF34ve
6j6bTAiW0oEfLlAjmRNcbb,Little Wonders,224720,59,3aBkeBhwadnWMWoVJ2CxJC,2P6X6guB0AiQGzRQaekJbN
21DhGvrfC9W2FBjW5EJmWE,My Axe,233773,60,4xtWjIlVuZwTCeqVAsgEXy,1SjluyIg7rIF87i76JxlhH
3nJjIYchBNkYm7B8XfJf5N,Suffocate - Superclean,220053,61,7G6hXrjGpi6I7waNl4wxAk,2taQZHFnaDwZPfBhLMAG0L
63wsuMhok6GgcBRd2strGk,3's & 7's,214066,59,4pejUc4iciQfgdX6OKulQn,64SL0QEXxulD2QgwJmJbUL
4lS5zzdpzIGvgXtw9tVRW9,Flashing Lights,237440,64,5K4W6rqBFWDnAN6FQUkS6x,4WNXpeZR1jc2NFgOAeyLMB
476JcJ3TpAuCOlGdCmomGm,New Soul,225106,59,32aFdXARUiqP81SXqIPD4w,6YuE6wbqwzvSHungRfuvk7
5rWIO1uP0GwAoU45RTBJ2F,Gotta Go My Own Way,222360,67,6U1dBXJhC8gXFjamvFTmHg,04Xde0FJSo4LVQ1GE36t49
36Hwcla06Q5BCr59CL0sBp,Ayo Technology,247946,60,3q7HBObVc0L8jNeTe5Gofh,5VfBwkAoSsQwtZjPU0Gr7h
