artist_id,artist_genres,artist_popularity
5K4W6rqBFWDnAN6FQUkS6x,"chicago rap, hip hop, rap",88
7Ln80lUS6He07XvHI8qqHH,"garage rock, modern rock, permanent wave, rock, sheffield indie",84
5K4W6rqBFWDnAN6FQUkS6x,"chicago rap, hip hop, rap",88
5K4W6rqBFWDnAN6FQUkS6x,"chicago rap, hip hop, rap",88
74XFHRwlV6OrjEM0A2NCMF,"candy pop, modern rock, pixie, pop, pop emo, pop punk, rock",75
5K4W6rqBFWDnAN6FQUkS6x,"chicago rap, hip hop, rap",88
5K4W6rqBFWDnAN6FQUkS6x,"chicago rap, hip hop, rap",88
5Y5TRrQiqgUO4S36tzjIRZ,"dance pop, pop, pop rap",75
4UXqAaa6dQYAk18Lv7PEgX,"emo, modern rock, pop, rock",77
3aQeKQSyrW4qWr35idm0cy,"dance pop, gangster rap, hip hop, pop rap, r&b, rap, southern hip hop, trap, urban contemporary",74
0niJkG4tKkne3zwr7I8n9n,"alternative metal, canadian rock, funk metal, nu metal, post-grunge",57
5pKCCKE2ajJHZ9KAiaK11H,"barbadian pop, pop, urban contemporary",87
46gyXjRIvN1NL1eCB8GBxo,"modern rock, neon pop punk, pop emo, pop punk",67
6B5c4sch27tWHAGdarpPaW,"alternative metal, nu metal, post-grunge, south african rock",66
5K4W6rqBFWDnAN6FQUkS6x,"chicago rap, hip hop, rap",88
0SwO7SWeDHJijQ3XNS7xEE,"alternative rock, indie rock, indietronica, modern rock, rock",70
0QJIPDAEDILuo8AIq3pMuU,"escape room, indietronica, neo-synthpop, new rave",64
6S0dmVVn4udvppDhZIWxCr,"dance pop, miami hip hop, pop",67
6XyY86QOPPrYVGvF9ch6wz,"alternative metal, nu metal, post-grunge, rap metal, rock",82
6GMYJwaziB4ekv1Y6wCDWS,"atl hip hop, chicago bop, dance pop, pop rap, rap, southern hip hop, trap",66
7Ln80lUS6He07XvHI8qqHH,"garage rock, modern rock, permanent wave, rock, sheffield indie",84
26dSoYclwsYLMAKD3tpOr4,"dance pop, pop",78
1Xfmvd48oOhEWkscWyEbh9,"hip pop, r&b, southern hip hop, trap, urban contemporary",63
6XyY86QOPPrYVGvF9ch6wz,"alternative metal, nu metal, post-grunge, rap metal, rock",82
7jy3rLJdDQY21OgRLCZ9sD,"alternative metal, alternative rock, modern rock, permanent wave, post-grunge, rock",75
5pKCCKE2ajJHZ9KAiaK11H,"barbadian pop, pop, urban contemporary",87
3aQeKQSyrW4qWr35idm0cy,"dance pop, gangster rap, hip hop, pop rap, r&b, rap, southern hip hop, trap, urban contemporary",74
5K4W6rqBFWDnAN6FQUkS6x,"chicago rap, hip hop, rap",88
0SwO7SWeDHJijQ3XNS7xEE,"alternative rock, indie rock, indietronica, modern rock, rock",70
5Pwc4xIPtQLFEnJriah9YJ,"piano rock, pop",80
5K4W6rqBFWDnAN6FQUkS6x,"chicago rap, hip hop, rap",88
5K4W6rqBFWDnAN6FQUkS6x,"chicago rap, hip hop, rap",88
3hv9jJF3adDNsBSIQDqcjp,pop soul,71
7dOBabd5O4CvKrg4iriHTM,nu metal,63
0e86yPdC41PGRkLp2Q1Bph,"pov: indie, vancouver indie",69
5lKZWd6HiSCLfnDGrq9RAm,"british soul, dance pop, pop, talent show",62
6aZyMrc4doVtZyKNilOmwu,"dance pop, neo mellow, pop",66
74XFHRwlV6OrjEM0A2NCMF,"candy pop, modern rock, pixie, pop, pop emo, pop punk, rock",75
4Z8W4fKeB5YxbusRsdQVPb,"alternative rock, art rock, melancholia, oxford indie, permanent wave, rock",78
2Sqr0DXoaYABbjBo9HaMkM,"acoustic pop, ectofolk, lilith, neo mellow, pop rock, post-teen pop, viral pop",62
7o95ZoZt5ZYn31e9z1Hc0a,"dance pop, pop, post-teen pop",63
21E3waRsmPlU7jZsS13rcj,"dance pop, pop, r&b, urban contemporary",76
0p4nmQO2msCgU4IF37Wi3j,"canadian pop, candy pop, dance pop, pop",72
1vfezMIyCr4XUdYRaKIKi3,"hip pop, r&b, urban contemporary",67
4Z8W4fKeB5YxbusRsdQVPb,"alternative rock, art rock, melancholia, oxford indie, permanent wave, rock",78
4VMYDCV2IEDYJArk749S6m,"latin hip hop, reggaeton, trap latino, urbano latino",83
0SwO7SWeDHJijQ3XNS7xEE,"alternative rock, indie rock, indietronica, modern rock, rock",70
7bXgB6jMjp9ATFy66eO08Z,"pop rap, r&b, rap",83
6XyY86QOPPrYVGvF9ch6wz,"alternative metal, nu metal, post-grunge, rap metal, rock",82
0e86yPdC41PGRkLp2Q1Bph,"pov: indie, vancouver indie",69
74XFHRwlV6OrjEM0A2NCMF,"candy pop, modern rock, pixie, pop, pop emo, pop punk, rock",75
32ogthv0BdaSMPml02X9YB,"downtempo, nu jazz",61
4NGiEU3Pkd8ASRyQR30jcA,"acoustic pop, neo mellow, pop rock",50
5Y5TRrQiqgUO4S36tzjIRZ,"dance pop, pop, pop rap",75
26dSoYclwsYLMAKD3tpOr4,"dance pop, pop",78
66lH4jAE7pqPlOlzUKbwA0,"contemporary country, country, country dawn, country road",66
5YGY8feqx7naU7z4HrwZM6,pop,82
4UXqAaa6dQYAk18Lv7PEgX,"emo, modern rock, pop, rock",77
6ZhjJOJXXwnPS8PrXdmjLw,dirty south rap,57
3dXaa6jwM7B52GZpaJEIr5,"alternative metal, nu metal, post-grunge",60
6vWDO969PvNqNYHIOW5v0m,"pop, r&b",82
1HwM5zlC5qNWhJtM00yXzG,"east coast hip hop, gangster rap, hardcore hip hop, hip hop, rap",67
4Z8W4fKeB5YxbusRsdQVPb,"alternative rock, art rock, melancholia, oxford indie, permanent wave, rock",78
5pKCCKE2ajJHZ9KAiaK11H,"barbadian pop, pop, urban contemporary",87
7bXgB6jMjp9ATFy66eO08Z,"pop rap, r&b, rap",83
0nmQIMXWTXfhgOBdNzhGOs,"alternative metal, nu metal",73
1KNXft7nnRQj82sENi7WGN,electronic rock,53
5me0Irg2ANcsgc93uaYrpb,"east coast hip hop, gangster rap, hardcore hip hop, hip hop, rap",74
2AQjGvtT0pFYfxR3neFcvz,"dance pop, pop, post-teen pop",59
4M5nCE77Qaxayuhp3fVn4V,"acoustic pop, chamber pop, indie folk, indie rock, stomp and holler",60
3DiDSECUqqY1AuBP8qtaIa,"neo soul, pop, r&b",75
01QTIT5P1pFP3QnnFSdsJf,"chicago rap, conscious hip hop, hip hop, political hip hop, pop rap, rap, southern hip hop",63
3DiDSECUqqY1AuBP8qtaIa,"neo soul, pop, r&b",75
4PPoI9LuYeFX8V674Z1R6l,"mariachi, ranchera",74
12PSlydMSjEHzSCj9X5qv7,"chicano rap, latin hip hop, pop rap, southern hip hop, texas latin rap, urban contemporary",59
5qK5bOC6wLtuLhG5KvU17c,"hip pop, trap queen",46
4Z8W4fKeB5YxbusRsdQVPb,"alternative rock, art rock, melancholia, oxford indie, permanent wave, rock",78
2iojnBLj0qIMiKPvVhLnsH,"dance pop, r&b, southern hip hop, trap, urban contemporary",66
5me0Irg2ANcsgc93uaYrpb,"east coast hip hop, gangster rap, hardcore hip hop, hip hop, rap",74
3rs3EOlJ8jyPpdGiQ9Mhub,"bachata, bachata dominicana, tropical",58
6z7xFFHxYkE9t8bwIF0Bvg,"baton rouge rap, dirty south rap, memphis hip hop, southern hip hop, trap",61
1Xfmvd48oOhEWkscWyEbh9,"hip pop, r&b, southern hip hop, trap, urban contemporary",63
3M4ThdJR28z9eSMcQHAZ5G,"garage rock, modern rock, scottish rock",56
6ZLTlhejhndI4Rh53vYhrY,"album rock, alternative metal, birmingham metal, classic rock, glam metal, hard rock, metal, nu metal, rock",69
7vXwfZyDp3spzIVNXDaTPN,"electropowerpop, neon pop punk, pixie, pop punk",51
6VDdCwrBM4qQaGxoAyxyJC,"indie rock, modern alternative rock, modern rock, piano rock, stomp and holler",57
5Y5TRrQiqgUO4S36tzjIRZ,"dance pop, pop, pop rap",75
3WfJ1OtrWI7RViX9DMyEGy,"neon pop punk, pop emo, pop punk",57
7crPfGd2k81ekOoSqQKWWz,heartland rock,62
3jksrX4oBklxR78ft8gv3j,"dirty south rap, miami hip hop, southern hip hop, trap",59
7Ln80lUS6He07XvHI8qqHH,"garage rock, modern rock, permanent wave, rock, sheffield indie",84
5wugb0kaq0J6nyQ5Xgd17i,"dance pop, girl group, post-teen pop",52
1W3FSF1BLpY3hlVIgvenLz,"dirty south rap, hip pop, r&b, southern hip hop, trap, urban contemporary",61
79FMDwzZQxHgSkIYBl3ODU,"contemporary country, country, country road",57
6vWDO969PvNqNYHIOW5v0m,"pop, r&b",82
4F84IBURUo98rz4r61KF70,"alternative rock, blues rock, detroit rock, garage rock, modern blues rock, permanent wave, punk blues, rock",68
3jksrX4oBklxR78ft8gv3j,"dirty south rap, miami hip hop, southern hip hop, trap",59
5sXaGoRLSpd7VeyZrLkKwt,"indie folk, pop folk, stomp and flutter, stomp and holler",67
3Ngh2zDBRPEriyxQDAMKd1,"neo mellow, pop rock, post-grunge",64
4LG4Bs1Gadht7TCrMytQUO,"albuquerque indie, alternative rock, canadian indie, chamber pop, indie pop, indie rock, modern rock, portland indie, seattle indie, shimmer pop, stomp and holler",60
20s0P9QLxGqKuCsGwFsp7w,"dance pop, hip pop, r&b, southern hip hop, urban contemporary",63
4xFUf1FHVy696Q1JQZMTRj,"classic oklahoma country, contemporary country, country, country dawn, country road, dance pop",68
04gDigrS5kc9YWfZHwBETP,pop,82
3v3clM1KQgVfpPjKJFPAmx,"atl hip hop, dirty south rap, futuristic swag",43
7xGGqA85UIWX1GoTVM4itC,"chicago soul, classic soul, memphis soul, soul, southern soul",50
7G6hXrjGpi6I7waNl4wxAk,"contemporary r&b, hip pop, r&b, southern hip hop, urban contemporary",49
3rs3EOlJ8jyPpdGiQ9Mhub,"bachata, bachata dominicana, tropical",58
31z9f9AyPawiq0qlBO1M3i,"classic texas country, new americana, outlaw country",55
1HwM5zlC5qNWhJtM00yXzG,"east coast hip hop, gangster rap, hardcore hip hop, hip hop, rap",67
1ZwdS5xdxEREPySFridCfh,"g funk, gangster rap, hip hop, rap, west coast rap",77
13VwGEitoK8J0qjNjbgeTN,"panamanian pop, reggaeton",59
2wOqMjp9TyABvtHdOSOTUS,"classical, classical era, early romantic era, german romanticism",69
0lax1ZgWclW6mZFaGu27MM,kids dance party,44
1wZtkThiXbVNtj6hee6dz9,"electro latino, reggaeton, trap latino, urbano latino",76
37W8SKV5Vc8lcGtdyWCA5m,"contemporary country, country, country road",55
4PPoI9LuYeFX8V674Z1R6l,"mariachi, ranchera",74
0nmQIMXWTXfhgOBdNzhGOs,"alternative metal, nu metal",73
6B5c4sch27tWHAGdarpPaW,"alternative metal, nu metal, post-grunge, south african rock",66
5EM6xJN2QNk0cL7EEm9HR9,"indie folk, jacksonville indie, stomp and holler",54
7Ln80lUS6He07XvHI8qqHH,"garage rock, modern rock, permanent wave, rock, sheffield indie",84
1FWybrAwiSa0zKibdLfZZr,dream pop,50
7B4hKK0S9QYnaoqa9OuwgX,"g funk, gangster rap, hip hop, rap, west coast rap",61
6XyY86QOPPrYVGvF9ch6wz,"alternative metal, nu metal, post-grunge, rap metal, rock",82
1yAwtBaoHLEDWAnWR87hBT,"alternative rock, chamber pop, indie rock, indietronica, modern rock, washington indie",61
5aYyPjAsLj7UzANzdupwnS,"alternative metal, modern rock, neon pop punk, pop punk, pop rock, post-grunge",62
6GI52t8N5F02MxU0g5U69P,"blues rock, classic rock, mexican classic rock",68
1GxkXlMwML1oSg5eLPiAz3,"adult standards, canadian pop, jazz pop, lounge",73
5K4W6rqBFWDnAN6FQUkS6x,"chicago rap, hip hop, rap",88
6XwcepfAsPhrvwziGxhwju,"dirty south rap, hip pop, miami hip hop, pop rap, r&b, southern hip hop, trap, urban contemporary",53
0nmQIMXWTXfhgOBdNzhGOs,"alternative metal, nu metal",73
0pgvlX0BkfmeirXTDiNmya,"banda, corrido, musica mexicana, norteno, sierreno",67
6CWTBjOJK75cTE8Xv8u1kj,"art pop, canadian indie, canadian pop, chamber pop, indie pop, indie rock",57
1wZtkThiXbVNtj6hee6dz9,"electro latino, reggaeton, trap latino, urbano latino",76
3Y365ZqTf6fJ4ZcRnLKPGt,"atl hip hop, crunk, dirty south rap, futuristic swag, southern hip hop, trap",47
7gOdHgIoIKoe4i9Tta6qdD,"boy band, pop",74
5MmVJVhhYKQ86izuGHzJYA,electropop,63
2sil8z5kiy4r76CRTXxBCA,"neo mellow, permanent wave, pop rock, post-grunge",68
7bXgB6jMjp9ATFy66eO08Z,"pop rap, r&b, rap",83
5Pwc4xIPtQLFEnJriah9YJ,"piano rock, pop",80
2Sqr0DXoaYABbjBo9HaMkM,"acoustic pop, ectofolk, lilith, neo mellow, pop rock, post-teen pop, viral pop",62
5K4W6rqBFWDnAN6FQUkS6x,"chicago rap, hip hop, rap",88
5Y5TRrQiqgUO4S36tzjIRZ,"dance pop, pop, pop rap",75
5t28BP42x2axFnqOOMg3CM,"alternative metal, groove metal, nu metal",71
5L6QAKAkdJIPLsNbItZ2KF,"banda, duranguense, grupera, musica mexicana, norteno",62
2sG4zTOLvjKG1PSoOyf5Ej,"acoustic pop, ectofolk, folk, indie folk, lilith, modern folk rock, new americana",63
3aQeKQSyrW4qWr35idm0cy,"dance pop, gangster rap, hip hop, pop rap, r&b, rap, southern hip hop, trap, urban contemporary",74
7Ln80lUS6He07XvHI8qqHH,"garage rock, modern rock, permanent wave, rock, sheffield indie",84
1W3FSF1BLpY3hlVIgvenLz,"dirty south rap, hip pop, r&b, southern hip hop, trap, urban contemporary",61
2aZtzjAzD8fq3OhZ9egqda,"duranguense, musica mexicana",57
7Ln80lUS6He07XvHI8qqHH,"garage rock, modern rock, permanent wave, rock, sheffield indie",84
4d3yvTptO48nOYTPBcPFZC,"contemporary r&b, dance pop, hip pop, philly rap, r&b, urban contemporary",64
5pKCCKE2ajJHZ9KAiaK11H,"barbadian pop, pop, urban contemporary",87
5t28BP42x2axFnqOOMg3CM,"alternative metal, groove metal, nu metal",71
5K4W6rqBFWDnAN6FQUkS6x,"chicago rap, hip hop, rap",88
5me0Irg2ANcsgc93uaYrpb,"east coast hip hop, gangster rap, hardcore hip hop, hip hop, rap",74
4NiJW4q9ichVqL1aUsgGAN,"alternative metal, metalcore, neon pop punk, pop punk, screamo",66
4Z8W4fKeB5YxbusRsdQVPb,"alternative rock, art rock, melancholia, oxford indie, permanent wave, rock",78
1vfezMIyCr4XUdYRaKIKi3,"hip pop, r&b, urban contemporary",67
6MxlVTY6PmY8Nyn16fvxtb,"reggae fusion, reggae rock",60
3Cv2vi3WTl8VZOTdrBkKdM,"k-pop, k-pop girl group",52
31z9f9AyPawiq0qlBO1M3i,"classic texas country, new americana, outlaw country",55
6B5c4sch27tWHAGdarpPaW,"alternative metal, nu metal, post-grunge, south african rock",66
2WjvvwAX0mdWwq3aFuUdtc,reggae rock,58
0QHgL1lAIqAw0HtD7YldmP,"hip hop, miami hip hop, pop rap, rap",73
55VydwMyCuGcavwPuhutPL,"alternative metal, neon pop punk, pop emo, post-grunge, post-hardcore, screamo",59
3Ngh2zDBRPEriyxQDAMKd1,"neo mellow, pop rock, post-grunge",64
6XyY86QOPPrYVGvF9ch6wz,"alternative metal, nu metal, post-grunge, rap metal, rock",82
7Ln80lUS6He07XvHI8qqHH,"garage rock, modern rock, permanent wave, rock, sheffield indie",84
3oZa8Xs6IjlIUGLAhVyK4G,"disco, new romantic, new wave pop, soft rock",61
2YKp8Odp8GGbAkVU60Yk2Y,"indie rock, indietronica, la indie",45
0BvkDsjIUla7X0k6CSWh1I,"contemporary country, country, country road, modern country rock",73
2vm8GdHyrJh2O2MfbQFYG0,"acoustic pop, ectofolk, lilith, neo mellow",55
5V0MlUE1Bft0mbLlND7FJz,"adult standards, jazz, jazz blues, soul, swing, vocal jazz",65
1dIdBZaaHRW2bDTkHNfWln,"australian pop, candy pop, dance pop, girl group, post-teen pop",52
12PSlydMSjEHzSCj9X5qv7,"chicano rap, latin hip hop, pop rap, southern hip hop, texas latin rap, urban contemporary",59
26YAHs5On4KQDNsU2cYFdL,reggaeton,50
4Z8W4fKeB5YxbusRsdQVPb,"alternative rock, art rock, melancholia, oxford indie, permanent wave, rock",78
1gkcZQArk5rV8uBwG8y5FX,movie tunes,48
20qISvAhX20dpIbOOzGK3q,"conscious hip hop, east coast hip hop, gangster rap, hardcore hip hop, hip hop, queens hip hop, rap",71
1vfezMIyCr4XUdYRaKIKi3,"hip pop, r&b, urban contemporary",67
7vb7VLDqpLTlAy1ctTMR5d,"disco house, vocal house",57
5S6hjAxgxjsLylsTtMIimO,"alternative metal, nu metal, rap metal",56
5me0Irg2ANcsgc93uaYrpb,"east coast hip hop, gangster rap, hardcore hip hop, hip hop, rap",74
6zTbBugfNc95zo8ClFDhIn,movie tunes,57
0YWxKQj2Go9CGHCp77UOyy,"gangster rap, hip hop, pop rap, rap, trap, urban contemporary",63
0vWCyXMrrvMlCcepuOJaGI,"neon pop punk, pop punk",58
31z9f9AyPawiq0qlBO1M3i,"classic texas country, new americana, outlaw country",55
2AQjGvtT0pFYfxR3neFcvz,"dance pop, pop, post-teen pop",59
5K4W6rqBFWDnAN6FQUkS6x,"chicago rap, hip hop, rap",88
4Z8W4fKeB5YxbusRsdQVPb,"alternative rock, art rock, melancholia, oxford indie, permanent wave, rock",78
6vWDO969PvNqNYHIOW5v0m,"pop, r&b",82
4Z8W4fKeB5YxbusRsdQVPb,"alternative rock, art rock, melancholia, oxford indie, permanent wave, rock",78
1wZtkThiXbVNtj6hee6dz9,"electro latino, reggaeton, trap latino, urbano latino",76
5K4W6rqBFWDnAN6FQUkS6x,"chicago rap, hip hop, rap",88
04gDigrS5kc9YWfZHwBETP,pop,82
0K1q0nXQ8is36PzOKAMbNe,"alternative rock, austindie, indie rock, modern rock",54
1XkoF8ryArs86LZvFOkbyr,"dance pop, hip pop, neo soul, r&b, urban contemporary",68
74cb3MG0x0BOnYNW1uXYnM,"ccm, christian music, world worship, worship",67
27vNK840zYq6IfDijHPsv1,"salsa, salsa puertorriquena, tropical",65
7vXwfZyDp3spzIVNXDaTPN,"electropowerpop, neon pop punk, pixie, pop punk",51
26dSoYclwsYLMAKD3tpOr4,"dance pop, pop",78
1ykothWH0xl8drRyJWuw7I,"reggaeton, urbano latino",61
3aBkeBhwadnWMWoVJ2CxJC,"neo mellow, pop rock, post-grunge",58
4xtWjIlVuZwTCeqVAsgEXy,rap rock,63
7G6hXrjGpi6I7waNl4wxAk,"contemporary r&b, hip pop, r&b, southern hip hop, urban contemporary",49
4pejUc4iciQfgdX6OKulQn,"alternative metal, alternative rock, grunge, modern rock, nu metal, palm desert scene, rock, stoner metal, stoner rock",68
5K4W6rqBFWDnAN6FQUkS6x,"chicago rap, hip hop, rap",88
32aFdXARUiqP81SXqIPD4w,folk-pop,47
6U1dBXJhC8gXFjamvFTmHg,"hollywood, movie tunes, post-teen pop",65
3q7HBObVc0L8jNeTe5Gofh,"east coast hip hop, gangster rap, hip hop, pop rap, queens hip hop, rap",80
