album_id,album_genres,album_release_date,album_popularity
4SZko61aMnmgvNhfhgTuD3,,2007-09-11,87
6rsQnwaoJHxXJRCDBPkBRw,,2007-04-24,74
4SZko61aMnmgvNhfhgTuD3,,2007-09-11,87
4SZko61aMnmgvNhfhgTuD3,,2007-09-11,87
71rziY9eLo1tA2dBMxrwhc,,2007-06-11,70
4SZko61aMnmgvNhfhgTuD3,,2007-09-11,87
4SZko61aMnmgvNhfhgTuD3,,2007-09-11,87
4BxB8U8QgpR4UCvJ0moj8Z,,2007-01-01,75
0hHopYqXhuvYSHtVyrcb1g,,2007-01-01,73
6CrSEKCF4TYrbSIitegb3h,,2007-06-05,72
2pCfqddO9tLKRz3wzSNGsZ,,2007-01-01,66
4OXnPSBtZo8PBFiTOfuumP,,2007-01-01,69
0H4ELcHequ3OligrjWfrZP,,2007-09-25,69
59Tni3gA1OczshFWTMxmbo,,2007-01-01,69
4SZko61aMnmgvNhfhgTuD3,,2007-09-11,87
6mm1Skz3JE6AXneya9Nyiv,,2007-12-14,74
2xoj2gYed3IYmGWn3owSfu,,2007-08-20,68
71clfVkkopYLrgweVj2cow,,2007-07-23,69
2tlTBLz2w52rpGCLBGyGw6,,2007-05-14,78
5wFQi4xOTXILQSKQr0Ft8s,,2007-01-01,67
6rsQnwaoJHxXJRCDBPkBRw,,2007-04-24,74
1ePkYcH5ZQCb1b4tQeiEDj,,2007-10-25,73
6Lq7nLkIq7C0zVJp0OGSGO,,2007-01-01,66
2tlTBLz2w52rpGCLBGyGw6,,2007-05-14,78
3ilXDEG0xiajK8AbqboeJz,,2007-09-25,71
4OXnPSBtZo8PBFiTOfuumP,,2007-01-01,69
6CrSEKCF4TYrbSIitegb3h,,2007-06-05,72
4SZko61aMnmgvNhfhgTuD3,,2007-09-11,87
6mm1Skz3JE6AXneya9Nyiv,,2007-12-14,74
2KSpGeDoNjqCKg6HL8LAyI,,2007-01-01,63
4SZko61aMnmgvNhfhgTuD3,,2007-09-11,87
4SZko61aMnmgvNhfhgTuD3,,2007-09-11,87
15uqXXD0sAdZuxNxTxktlR,,2007-04-16,68
2xChdOg0PvxzHzE1BooUpI,,2007-10-09,64
40DMb38Z4n5ylfz4n29qt0,,2007-05-08,69
0VaAFegRAAn4OCg7p4QjN5,,2007,68
0gX4aTUhxNbdFTJBXX7OrH,,2007-01-01,59
71rziY9eLo1tA2dBMxrwhc,,2007-06-11,70
5vkqYmiPBYLaalcmjujWxK,,2007-12-28,75
2Z9WUERfMjOgQ6ze9TcGbF,,2007-07-03,66
6D1YpObdaha620Tm54WbIw,,2007-04-27,63
52q9xNv8COtSU9phlbO5sg,,2007-01-01,68
6lqE05fiHWJVYYdMVJNj38,,2007-04-17,70
7mdy09EO4q6F9VWBtXDDjK,,2007-01-01,62
5vkqYmiPBYLaalcmjujWxK,,2007-12-28,75
6FwmC2DvXlzz23X8nAWMbN,,2007-06-05,69
6mm1Skz3JE6AXneya9Nyiv,,2007-12-14,74
6p5pW2WwgVECsOhrXPAyhI,,2007-11-06,71
2tlTBLz2w52rpGCLBGyGw6,,2007-05-14,78
40DMb38Z4n5ylfz4n29qt0,,2007-05-08,69
71rziY9eLo1tA2dBMxrwhc,,2007-06-11,70
5VrMypyjjBGzObGwnEHIJO,,2007-06-05,60
45A2E1YR00sPSwxJw5d3qu,,2007-01-01,58
0V7TZQmJBgI81M9Z7GWxCI,,2007-04-02,71
574xhx2X0G9MkqACxqi4cg,,2007-12-18,57
4y5aIMkIOdo6z1c8qsI6xb,,2007-05-01,58
0lB2NEOuH7WRqaWotxmIDH,,2007-06-26,61
0hHopYqXhuvYSHtVyrcb1g,,2007-01-01,73
4GXlMz68LyGZeHzJcetFi1,,2007-08-07,57
64gmkAgWQqEGJtvAaGm2La,,2007-01-01,58
0Zd10MKN5j9KwUST0TdBBB,,2007-05-29,70
2ge7Lk4Sl7hHs4AYxqDbf1,,2007-06-12,62
5vkqYmiPBYLaalcmjujWxK,,2007-12-28,75
4OXnPSBtZo8PBFiTOfuumP,,2007-01-01,69
6p5pW2WwgVECsOhrXPAyhI,,2007-11-06,71
3Id3VUk9jSKBD1guNo1buF,,2007-10-26,73
6DK0TneKMKj64I93VCG1bW,,2007-09-24,55
5XqEf16OrHdmMoNS1b6WDg,,2007-03-05,70
6JCNOvp9UeMrFuXwNW0JW6,,2007-11-20,65
3fzjXU2SSKero9gVMcPivX,,2007-09-25,61
7cfKCPxLeKxSxePtCxckv6,,2007-10-09,64
0MihD70HInk2rDaChdAdEy,,2007-01-01,60
6KlxyxhXEDo1LdheFulN7h,,2007-11-09,65
3o98FgxhuEuR7PrLRIA203,,2007-08-26,72
3ks3UxTLwmTGJW2VNtlQdw,,2007-07-31,53
3vgVsm9GY3i39fZ7b1sqV5,,2007-03-06,55
5vkqYmiPBYLaalcmjujWxK,,2007-12-28,75
6vnUL0NxqV1JrBvYW1M2wn,,2007-10-01,58
5XqEf16OrHdmMoNS1b6WDg,,2007-03-05,70
4aqcDA0Q2UEPInj5a89Cjr,,2007-02-05,62
5ZXga0efPuZJr2KIvN1xZg,,2007-05-15,55
6Lq7nLkIq7C0zVJp0OGSGO,,2007-01-01,66
6R6pjR9ocMYuqSuNx5e4mg,,2007-01-01,55
6wiS0vTk9GfsiUKJEOav8Z,,2007-05-18,58
2tZnyjZ6Orm55gE8bqJ3UG,,2007-09-18,59
1LTbo93CjLo48yNP8Ysaz5,,2007-05-11,57
4BxB8U8QgpR4UCvJ0moj8Z,,2007-01-01,75
0UtenXp3qVbWedKEaNRAp9,,2007-07-10,61
7q0dYnAjmqZBJLhMBre8aL,,2007-03-27,60
3NoUdjYUcUuRMpOzyapnYW,,2007-08-06,60
6rsQnwaoJHxXJRCDBPkBRw,,2007-04-24,74
4TOOGDpJ9KQ8EM84TC4qj6,,2007-01-01,57
5yZReyaWQzR6jvaw4OBxzV,,2007-01-01,59
3Ayxk9tKhpAE9gffRUWfDi,,2007-12-04,54
0Zd10MKN5j9KwUST0TdBBB,,2007-05-29,70
2DSNJ8bdoYfC6Uydg8ilBC,,2007-06-15,58
3NoUdjYUcUuRMpOzyapnYW,,2007-08-06,60
7ecZGh7SICLEkqqkBNXfvE,,2007-01-01,57
0oFlNGmGpsFvvhBgnNPirh,,2007-10-02,56
4Tm0dXi3s3aSAqng2DACHr,,2007-01-23,59
23heJEeNSmPytB3UpSJ3iD,,2007-12-11,63
5HwzpaqYOZABPnmvl5JYFX,,2007-10-23,58
29hJ8AFYZU98OzenrMr6iU,,2007-01-01,58
6tBUJLHPFbzO665rhzFDg2,,2007-01-01,53
7tUOJxXojOWdWU2T2ZSge7,,2007-01-01,58
1Ypwht853ZVmsplg2DnZLI,,2007-01-01,57
4QVEewz5D2YmstuFp83v0e,,2007-02-06,61
3R4SU0GLULP0QxIal7Fcr1,,2007-10-02,60
3AcSsCwXrOrEciLYo5a7KZ,,2007-06-12,53
4Y9ISbppFbwk0r1XCLUi0I,,2007-12-03,59
64lQg8aSBACpRFwTkfk6Nm,,2007,55
4bNwPPpk01D8pVV9IFSBde,,2007-09-25,60
1tDyAU95D65Shy34JxsQCu,,2007-09-11,53
1wqojXZPs45MXFSPlqcVkh,,2007-01-01,69
2iShcXr1PRM3VMF15iHwP8,,2007-01-01,52
3o98FgxhuEuR7PrLRIA203,,2007-08-26,72
3Id3VUk9jSKBD1guNo1buF,,2007-10-26,73
59Tni3gA1OczshFWTMxmbo,,2007-01-01,69
3kN131kyymtaEFQo14tfLr,,2007-03-02,60
6rsQnwaoJHxXJRCDBPkBRw,,2007-04-24,74
5Chvs2hsJcGowLm4PgigEl,,2007-09-24,58
63e4jpPrJzjGsTxM4QOOFb,,2007-01-01,58
2tlTBLz2w52rpGCLBGyGw6,,2007-05-14,78
2lXBCL76UL5PCPbfAqKBkz,,2007-03-20,57
5skjlzXO7wZ6OuS9YKdI50,,2007-03-16,56
6FbFvnlSfEoNhwz5MdK0Dx,,2007-09-25,60
3h4pyWRJIB9ZyRKXChbX22,,2007-04-30,65
4SZko61aMnmgvNhfhgTuD3,,2007-09-11,87
0BHy9WW3l3NET1kmkldPtv,,2007,53
3Id3VUk9jSKBD1guNo1buF,,2007-10-26,73
6nYwusybpcFdXBAh99G2Ll,,2007-06-04,57
7bTdGfczXffzzNE9ssJj4Z,,2007-01-01,52
1wqojXZPs45MXFSPlqcVkh,,2007-01-01,69
3PCD7OL3Pg7napxsltHIOj,,2007-09-24,51
4myOCm6FzD9TMdK7Q0Nzx0,,2007-01-01,63
4wKkXYJXQWDa9sndBSx0gI,,2007-02-05,56
0UccZZgelTAbbk3OSPZymO,,2007-11-06,65
6p5pW2WwgVECsOhrXPAyhI,,2007-11-06,71
2KSpGeDoNjqCKg6HL8LAyI,,2007-01-01,63
2Z9WUERfMjOgQ6ze9TcGbF,,2007-07-03,66
4SZko61aMnmgvNhfhgTuD3,,2007-09-11,87
0V7TZQmJBgI81M9Z7GWxCI,,2007-04-02,71
6u1mCPtlgfflxh5LZiPdoM,,2007-10-11,55
4flJCUkLhewgMhvk2VOTcQ,,2007-07-31,55
23XH8Ej694esQAb3IYu00h,,2007-04-03,58
6CrSEKCF4TYrbSIitegb3h,,2007-06-05,72
6rsQnwaoJHxXJRCDBPkBRw,,2007-04-24,74
5yZReyaWQzR6jvaw4OBxzV,,2007-01-01,59
6LCpvp7Jgbr8bV9PKGlHuI,,2007-01-01,53
6rsQnwaoJHxXJRCDBPkBRw,,2007-04-24,74
35qJZJ0yUoWdyrqs6pDbTK,,2007-01-01,56
4OXnPSBtZo8PBFiTOfuumP,,2007-01-01,69
6u1mCPtlgfflxh5LZiPdoM,,2007-10-11,55
4SZko61aMnmgvNhfhgTuD3,,2007-09-11,87
5XqEf16OrHdmMoNS1b6WDg,,2007-03-05,70
4HEUcIsYZNkvMWQkIIEJYq,,2007-01-22,59
5vkqYmiPBYLaalcmjujWxK,,2007-12-28,75
7mdy09EO4q6F9VWBtXDDjK,,2007-01-01,62
2lKYJFAYLywsVOxLMRoAOe,,2007-08-01,50
3svp0TRDC5MMUAPNMimAi1,,2007-09-12,57
3R4SU0GLULP0QxIal7Fcr1,,2007-10-02,60
59Tni3gA1OczshFWTMxmbo,,2007-01-01,69
581TFVtaXAO5GeU5Ry324y,,2007-06-08,57
3kh9dhan1rQm2QOrISk4SK,,2007-06-12,53
2UTLJA4Rxsth81uNh4Q6ox,,2007-05-18,57
0oFlNGmGpsFvvhBgnNPirh,,2007-10-02,56
2tlTBLz2w52rpGCLBGyGw6,,2007-05-14,78
6rsQnwaoJHxXJRCDBPkBRw,,2007-04-24,74
7C65CLdoGCQZ739kfYVcwY,,2007-01-01,61
4FeD2BdcaGX75b5X1gvvsg,,2007-04-17,54
2WqHN90AQgk95Str6hWCt9,,2007-01-01,52
2115eAMeQ8neIN5PHWwz9Z,,2007-05-16,51
1y5KGkUKO0NG32MhIIagCA,,2007-05-03,57
6aL2SwYj5kSEvIcYORHP37,,2007-10-30,56
6jBnrE5JShRxymkBkLC99c,,2007-04-05,49
2gSW9jTCv7OZgx8JKlkyE7,,2007-06-12,52
5vkqYmiPBYLaalcmjujWxK,,2007-12-28,75
3juYz5KfvUJYunlI3caxIc,,2007-01-01,59
7sHrPadM39466NY7DW3s4r,,2007-01-23,54
7mdy09EO4q6F9VWBtXDDjK,,2007-01-01,62
4sRexfGVnXMBJ1k5RW5WT8,,2007-02-19,66
1JA2ZEDY4s6N08dbLCrbAz,,2007-01-01,49
5XqEf16OrHdmMoNS1b6WDg,,2007-03-05,70
04Xde0FJSo4LVQ1GE36t49,,2007-01-01,66
6t5g3iBwXlDWXhSZbDonrJ,,2007-01-01,52
4WqgusSAgXkrjbXzqdBY68,,2007-08-31,55
3R4SU0GLULP0QxIal7Fcr1,,2007-10-02,60
6JCNOvp9UeMrFuXwNW0JW6,,2007-11-20,65
4SZko61aMnmgvNhfhgTuD3,,2007-09-11,87
5vkqYmiPBYLaalcmjujWxK,,2007-12-28,75
0Zd10MKN5j9KwUST0TdBBB,,2007-05-29,70
5vkqYmiPBYLaalcmjujWxK,,2007-12-28,75
1wqojXZPs45MXFSPlqcVkh,,2007-01-01,69
4SZko61aMnmgvNhfhgTuD3,,2007-09-11,87
29hJ8AFYZU98OzenrMr6iU,,2007-01-01,58
3tSpLdSd2zhM0N0aYZd13E,,2007-07-10,52
5PlA7xVCN59vR0YAnRVisM,,2007-01-01,51
0nJ35Byhm8jzBS3QzjSv4D,,2007,52
00LOUiA5823qxkOcHiio0W,,2007-11-20,62
7t1KO1XCs1mYeiJTiiVhJW,,2007,48
1ePkYcH5ZQCb1b4tQeiEDj,,2007-10-25,73
35ejmbRlV32Qng9jGF34ve,,2007-01-01,67
2P6X6guB0AiQGzRQaekJbN,,2007-01-01,47
1SjluyIg7rIF87i76JxlhH,,2007-01-01,50
2taQZHFnaDwZPfBhLMAG0L,,2007-01-01,50
64SL0QEXxulD2QgwJmJbUL,,2007-01-01,54
4WNXpeZR1jc2NFgOAeyLMB,,2007-09-11,59
6YuE6wbqwzvSHungRfuvk7,,2007-10-22,47
04Xde0FJSo4LVQ1GE36t49,,2007-01-01,66
5VfBwkAoSsQwtZjPU0Gr7h,,2007-01-01,56
