song_id,tempo,type,loudness,mode,speechiness,liveness,valence,danceability,energy,acousticness,instrumentalness
003vvx7Niy0yvhvHt4a68B,148.033,audio_features,-5.23,1,0.0747,0.0995,0.236,0.352,0.911,0.00121,0.0
5SkRLpaGtvYPhw02vZhQQ9,91.03,audio_features,-4.832,0,0.484,0.139,0.434,0.657,0.734,0.149,0.0
5rb9QrpfcKFHM1EUbSIurX,105.018,audio_features,-4.699,1,0.112,0.0388,0.583,0.894,0.791,0.0183,0.0
561jH07mF1jHuk7KlaeF0s,84.039,audio_features,-3.798,1,0.266,0.156,0.254,0.637,0.678,0.209,0.0
0ll8uFnc0nANY35E0Lfxvg,172.012,audio_features,-4.22,1,0.0259,0.0849,0.368,0.453,0.655,0.0794,7.61e-06
6nTiIhLmQ3FWhvrGafw2zj,186.113,audio_features,-2.042,1,0.0639,0.368,0.769,0.38,0.988,2.64e-05,7.86e-05
5KUNwkaNf8l5A9sXZhiCgI,95.051,audio_features,-6.827,1,0.267,0.504,0.825,0.728,0.832,0.327,0.0
6PwjJ58I4t7Mae9xfZ9l9v,138.081,audio_features,-4.851,0,0.0836,0.101,0.689,0.497,0.97,9.04e-05,0.000674
3xrn9i8zhNZsTtcoWgQEAd,131.0,audio_features,-5.406,1,0.0334,0.114,0.404,0.662,0.741,0.00165,0.0303
2lwwrWVKdf3LR9lbbhnr6R,100.975,audio_features,-4.807,1,0.0293,0.0888,0.553,0.649,0.888,0.013,2.23e-06
61mWefnWQOLf90gepjOCb3,143.772,audio_features,-3.026,0,0.168,0.204,0.194,0.354,0.982,0.000237,0.000294
68vgtRHr7iZHpzGpon6Jlo,86.412,audio_features,-8.238,1,0.118,0.0465,0.676,0.662,0.507,0.257,0.0
20I8RduZC2PWMWTDCZuuAN,104.561,audio_features,-8.821,0,0.0377,0.136,0.527,0.277,0.663,0.000409,0.00051
228BxWXUYQPJrJYHDLOHkj,96.008,audio_features,-6.543,1,0.0614,0.0845,0.741,0.852,0.797,0.322,2.69e-06
4mmkhcEm1Ljy1U9nwtsxUo,83.089,audio_features,-6.11,1,0.247,0.158,0.66,0.571,0.739,0.00865,5.21e-06
7lRlq939cDG4SzWOF4VAnd,179.722,audio_features,-3.427,1,0.123,0.269,0.255,0.21,0.94,0.00602,0.0
7uKcScNXuO3MWw6LowBjW1,113.046,audio_features,-10.96,0,0.161,0.0379,0.842,0.944,0.511,0.042,0.00107
6ZxrUCaynLgKSUudACOTwj,147.974,audio_features,-5.55,0,0.0368,0.27,0.618,0.451,0.815,6.06e-05,0.0
0LzrhCZFXW94Y8nwtTuRlw,110.007,audio_features,-2.221,0,0.0929,0.0234,0.904,0.926,0.916,0.35,6.17e-06
7HKxTNVlkHsfMLhigmhC0I,142.673,audio_features,-6.667,0,0.0347,0.0737,0.773,0.554,0.833,0.000646,0.0025
5s7m2xNZWgz5FqVSIvJcGA,102.065,audio_features,-2.276,1,0.191,0.453,0.817,0.7,0.896,0.108,0.0
4BnrGx9tWNF8aiXl1UhDBa,91.115,audio_features,-6.7,1,0.246,0.633,0.615,0.376,0.718,0.0996,0.00332
5dTHtzHFPyi8TlTtzoz1J9,125.921,audio_features,-3.487,1,0.104,0.209,0.0857,0.356,0.96,0.0142,0.0
26QKsGW4hMuwiEE1ftUMHe,97.014,audio_features,-6.538,0,0.0412,0.283,0.84,0.819,0.741,0.104,0.0
3U5JVgI2x4rDyHGObzJfNf,100.011,audio_features,-6.333,1,0.0399,0.0822,0.629,0.706,0.8,0.00584,0.0
4MeDnO5yA2Zi6IMlVApRci,104.999,audio_features,-3.718,1,0.178,0.364,0.632,0.756,0.691,0.0744,0.0
3A4cpTBPaIQdtPFb5JxtaX,145.115,audio_features,-5.659,0,0.171,0.284,0.611,0.559,0.733,0.314,0.0
3ZffCQKLFLUvYM59XKLbVm,104.98,audio_features,-5.146,1,0.0314,0.0972,0.146,0.546,0.814,0.023,0.0
6wqJeItl3Vc3az4ZicSQAB,134.724,audio_features,-2.997,0,0.171,0.886,0.348,0.291,0.974,0.0177,5.44e-06
5oQcOu1omDykbIPSdSQQNJ,119.974,audio_features,-4.404,1,0.0598,0.337,0.903,0.606,0.887,0.000242,0.0
2NBQmPrOEEjA8VbeWOQGxO,91.979,audio_features,-3.872,1,0.219,0.101,0.662,0.888,0.632,0.19,0.0
5sNESr6pQfIhL3krM8CtZn,107.045,audio_features,-4.254,1,0.166,0.582,0.751,0.687,0.793,0.0603,0.0
5gflgO9EPbIBf16n5TKnQS,95.06,audio_features,-5.899,1,0.241,0.0546,0.554,0.808,0.697,0.041,0.0
1UREw2MCfU0xwBzCAjxlUD,89.922,audio_features,-3.334,1,0.055,0.168,0.471,0.384,0.921,0.0948,0.0
4XHQyvbrBsQaaBUW1VvmsL,120.014,audio_features,-3.383,0,0.0828,0.116,0.844,0.851,0.849,0.497,2.05e-06
3ibKnFDaa3GhpPGlOUj7ff,94.514,audio_features,-8.97,0,0.0922,0.118,0.556,0.656,0.578,0.235,0.0
5WphWTUIfRe7x8NZss79cY,94.364,audio_features,-8.352,0,0.0916,0.0979,0.607,0.622,0.593,0.163,0.0
7B1QliUMZv7gSTUGAfMRRD,159.929,audio_features,-7.728,1,0.0297,0.0845,0.418,0.416,0.546,0.492,0.0
5vollujufHY0jMZxx77VWr,118.106,audio_features,-7.291,1,0.0436,0.117,0.206,0.539,0.702,0.00245,2.37e-05
7jKHJoOij35nfpq6PYHlFH,110.072,audio_features,-7.871,1,0.39,0.911,0.752,0.844,0.745,0.0896,0.0
2TIGwYiQYr1N5zTOQToDfK,92.847,audio_features,-5.733,1,0.232,0.0663,0.894,0.543,0.69,0.297,0.000931
4b82tXj35SycILuILcgBQ6,92.184,audio_features,-6.371,1,0.321,0.144,0.95,0.511,0.613,0.0987,0.0
21O0XXPEWPtePt5RMY93Ob,85.61,audio_features,-8.045,1,0.335,0.172,0.666,0.358,0.889,0.266,1.46e-05
5g1vtHqi9uV7xtYeCcFOBx,87.312,audio_features,-4.686,0,0.323,0.317,0.715,0.637,0.834,0.614,0.0
4YjjNHtEsTX6Af4mCTupT5,135.893,audio_features,-6.369,1,0.0266,0.159,0.344,0.591,0.45,0.671,2.23e-05
7wBThXx7BGZHJJ3aN3OPvv,138.007,audio_features,-7.674,1,0.138,0.0694,0.702,0.845,0.467,0.0586,0.0
507bYMYfbm6sUS9iEAaeSd,123.762,audio_features,-2.695,0,0.0342,0.135,0.214,0.448,0.61,0.0102,0.000491
06p2Ij0lXD45LODQDCov0u,106.991,audio_features,-5.056,1,0.027,0.109,0.528,0.783,0.693,0.622,8.3e-06
7z3N2W7Xz1t2G2sAO8wFVH,119.928,audio_features,-7.161,1,0.108,0.12,0.685,0.796,0.477,0.314,0.0
3dFwpxh2yH7C7p9BGEKLVB,102.017,audio_features,-6.306,0,0.0491,0.298,0.872,0.826,0.647,0.0277,1.52e-06
41PWz0hAiU9FqsmjR9Wh62,139.861,audio_features,-6.183,1,0.22,0.429,0.532,0.675,0.501,0.0541,0.0
2tOZtdbkAMQASWokLvSlzj,134.199,audio_features,-5.435,0,0.179,0.281,0.777,0.828,0.792,0.182,0.0
3f3omU8n47Mqyab5nCaGyT,140.039,audio_features,-5.362,0,0.0314,0.123,0.136,0.583,0.584,0.254,0.0
5vLonpxn4VN0A8GtQOBSG0,104.945,audio_features,-6.802,1,0.0284,0.252,0.708,0.798,0.741,0.0432,3e-06
2Y2q7PkD7lvuWr8YaZfWuv,98.018,audio_features,-2.728,0,0.0416,0.206,0.722,0.856,0.754,0.0294,1.49e-05
4ccM2xBxicGigjLqt6A0YY,138.0,audio_features,-3.641,1,0.0378,0.0876,0.81,0.554,0.927,0.044,3.32e-06
4EaBMhUIOfnFEbIgqCfKbi,119.985,audio_features,-12.175,0,0.0532,0.118,0.354,0.444,0.608,0.168,3.36e-06
1ZtVN326V42hioNyRjU4P2,87.561,audio_features,-6.351,0,0.057,0.0945,0.418,0.337,0.835,0.00174,0.0
23DHUWJ7iEieNPMPKvjzBV,170.066,audio_features,-6.87,0,0.0742,0.241,0.606,0.566,0.835,0.0356,0.0
1HwpWwa6bnqqRhK8agG4RS,89.975,audio_features,-4.342,1,0.0472,0.0268,0.933,0.66,0.666,0.0759,0.0
51UtgWS4z1eMPuLQOzPtNH,166.163,audio_features,-8.638,0,0.0455,0.1,0.748,0.659,0.727,0.119,0.00427
1yKAqZoi8xWGLCf5vajroL,145.781,audio_features,-3.805,0,0.0816,0.643,0.192,0.202,0.886,0.0286,0.0
0jSMveIWvnhDIvzqN74Uc7,93.02,audio_features,-5.79,1,0.367,0.0888,0.656,0.925,0.744,0.0644,0.0
0MsrWnxQZxPAcov7c74sSo,167.086,audio_features,-3.451,1,0.0362,0.301,0.45,0.29,0.827,0.000659,2.55e-06
7mY1dIaY9vY6Jrlrjg3dRn,94.946,audio_features,-5.233,1,0.105,0.277,0.757,0.836,0.842,0.285,0.0
4WM1hvYr2NC6bQnQXcj3sH,87.54,audio_features,-8.333,1,0.336,0.797,0.881,0.571,0.717,0.359,3.12e-06
3CcvahnsiArpTHYQEWV2Au,98.579,audio_features,-2.983,1,0.257,0.141,0.587,0.759,0.891,0.0298,0.0
18JosZY3HzD3lMy6iOOSAY,142.222,audio_features,-5.196,0,0.0537,0.336,0.705,0.673,0.592,0.127,0.0
3UQmoVQJqBYauTZLVPs3uo,131.027,audio_features,-3.995,1,0.0813,0.116,0.666,0.811,0.726,0.154,0.0
1YgDGKyKhFlimPw3mLavPG,90.292,audio_features,-9.441,1,0.35,0.368,0.693,0.537,0.753,0.328,1.52e-05
2FNqnsX74ZlwduUAcnmzee,94.017,audio_features,-5.479,1,0.0623,0.193,0.568,0.77,0.804,0.16,1e-05
1fLibtVj3MrNTwRZq5yUOs,133.929,audio_features,-7.806,0,0.172,0.334,0.519,0.748,0.767,0.0267,0.0
61Qhe2mHSLhUE04QeK4lkD,159.958,audio_features,-4.179,0,0.0295,0.0931,0.394,0.446,0.701,0.0298,8.89e-06
7zkLpY72g6lKQbiHDqri1S,156.848,audio_features,-13.797,1,0.031,0.106,0.679,0.526,0.299,0.941,0.097
0ChpoNjXfJPjMvCIN6so6J,167.154,audio_features,-3.892,1,0.0352,0.108,0.713,0.449,0.864,2.04e-05,0.0
26bL4gSULWDgdIMX0pRFrG,185.069,audio_features,-5.146,1,0.177,0.306,0.753,0.499,0.825,0.13,0.0
57I7CUbXo4XlWuTVB8pXW6,90.187,audio_features,-5.754,1,0.0503,0.217,0.67,0.532,0.842,0.0409,0.0
3KANrKOFYyAxfjQJHkgBdb,125.043,audio_features,-4.255,0,0.146,0.214,0.384,0.346,0.965,0.000461,0.012
2XgGdD5d2MW4RNx8KnIjVh,145.523,audio_features,-8.211,1,0.0359,0.114,0.634,0.621,0.403,0.581,0.0
5bTuwAgYUD5MABOIPH8ZMt,185.957,audio_features,-3.761,1,0.0814,0.136,0.674,0.387,0.913,0.00366,0.0
7i7UIbm5E0DD7aSOYvwp2v,128.29,audio_features,-7.135,1,0.0506,0.0697,0.357,0.8,0.496,0.000298,0.0
0RZXNlGPvfMo54fd6uCvAT,150.09,audio_features,-4.946,1,0.311,0.373,0.755,0.865,0.844,0.0582,0.0
1ko2NuvWlQdxtNRc8QQzmT,178.068,audio_features,-5.31,0,0.19,0.573,0.657,0.507,0.753,0.503,0.0
7kWeSMXLxUHHOkFxsS0vhP,115.979,audio_features,-6.331,1,0.0265,0.323,0.964,0.787,0.765,0.231,1.79e-05
4BJyt25nburVwbnESDeIc7,153.048,audio_features,-5.436,0,0.0604,0.12,0.297,0.49,0.774,0.00305,8.16e-05
1hwdPQtFHISvZ9SXMkNrIK,121.419,audio_features,-15.793,1,0.0366,0.1,0.128,0.283,0.227,0.846,2.08e-06
4NUt1fcnO9aQAELBgXq3Kr,148.01,audio_features,-9.115,1,0.074,0.102,0.465,0.642,0.442,0.491,1.58e-06
4s0o8TJHfX9LLHa0umnOzT,93.961,audio_features,-9.867,1,0.0946,0.131,0.792,0.814,0.387,0.0248,0.0
5CsDo9j3N4yFZNCN1h9loS,95.756,audio_features,-5.327,1,0.347,0.665,0.593,0.777,0.716,0.294,0.0
2EM9zpAc7PVeoAydmbfVIL,97.007,audio_features,-4.419,0,0.0308,0.0556,0.973,0.751,0.731,0.0838,0.0
7xyYsOvq5Ec3P4fr6mM9fD,93.162,audio_features,-4.852,0,0.0575,0.11,0.455,0.412,0.92,0.000456,0.0026
1x0AirtLjfVquI0A9iBVep,103.885,audio_features,-3.75,1,0.0631,0.226,0.352,0.564,0.968,0.000116,3.97e-05
2fSIF8CJhoc9CJhF9vJDXp,119.656,audio_features,-15.196,1,0.0329,0.0953,0.288,0.588,0.142,0.863,0.000162
3zmduBNsQ6BPDTZAkXzG5K,96.986,audio_features,-4.809,0,0.094,0.227,0.413,0.642,0.777,0.00323,0.0
66iygyOSvvoQQsKJ1vEXfT,80.11,audio_features,-5.931,1,0.0316,0.203,0.567,0.607,0.629,0.405,0.0
4D8uIY6Wzj7dJDaw0dW0UF,97.555,audio_features,-6.481,1,0.0344,0.175,0.553,0.645,0.693,0.0811,1.22e-05
0IW0qaeyxL5Et4UG2MrJKB,83.155,audio_features,-5.827,0,0.181,0.247,0.647,0.595,0.754,0.0142,0.0
2G74yhtIMW8tJY5I83dS4Z,131.975,audio_features,-6.931,1,0.0328,0.217,0.293,0.77,0.373,0.317,0.0
4gXdMZkBN1neE9nX6yRALa,83.093,audio_features,-6.152,1,0.366,0.107,0.676,0.646,0.796,0.409,0.0
0qcjuYtMWhBjXg0Xwt5SzS,121.003,audio_features,-3.56,1,0.0467,0.281,0.962,0.94,0.633,0.0581,4.04e-05
2bx879t8gUpxkQ0avl8xTf,193.979,audio_features,-3.866,1,0.262,0.114,0.354,0.566,0.976,0.000527,0.00265
46gSk82duJtX3TTA182ruG,146.358,audio_features,-5.943,0,0.1,0.0655,0.637,0.442,0.887,0.0259,4.57e-06
4absiGHMelB8eH976ytjBj,128.985,audio_features,-3.524,1,0.038,0.0727,0.637,0.489,0.769,0.00135,0.56
7bZsx7Zif6FIhrcZrh0LVm,136.027,audio_features,-2.557,1,0.0628,0.384,0.731,0.676,0.948,0.0509,8.19e-06
2ndnVdR8si7CW9T8vJRHyW,121.057,audio_features,-6.313,0,0.0432,0.0576,0.877,0.87,0.712,0.0202,0.000331
2WhDg8UWljoAl8oNh8uZbJ,168.005,audio_features,-3.352,0,0.12,0.585,0.283,0.395,0.955,0.0176,0.0
2R7r52Ar8PrKCysGFUPynn,86.679,audio_features,-6.359,1,0.112,0.186,0.845,0.588,0.782,0.309,0.0
3hbTkJ0yFzHbawnKyhvTQj,74.996,audio_features,-6.278,1,0.024,0.068,0.294,0.473,0.657,0.0454,2.41e-06
3QHONiXGMGU3z68mQInncF,109.877,audio_features,-9.199,1,0.0645,0.589,0.924,0.862,0.479,0.0523,0.00126
5DBmXF7QO43Cuy9yqva116,93.691,audio_features,-7.452,1,0.21,0.392,0.606,0.744,0.524,0.139,0.0
0BpKPyXhWsTaWkgXeOd1Sn,103.501,audio_features,-3.463,1,0.0603,0.298,0.413,0.486,0.977,0.00237,0.0
0o73cSWmV0YJeHvzDbJDdn,95.047,audio_features,-9.263,0,0.0567,0.102,0.964,0.742,0.578,0.00907,0.821
2nUy0ifVE7UwtOK4rugFsP,124.001,audio_features,-3.569,0,0.111,0.0636,0.222,0.469,0.976,0.000287,0.217
6uYAPqxP69zfpCbsTHXgiz,125.802,audio_features,-7.043,0,0.197,0.235,0.464,0.605,0.584,0.286,0.0
1yc53HK08sDab7PDFgnLWk,104.016,audio_features,-3.725,0,0.108,0.449,0.159,0.366,0.956,0.000293,0.00447
4dvQg9sD8k9y4qiEURuj8v,119.011,audio_features,-5.958,1,0.0637,0.0979,0.545,0.814,0.899,0.00727,0.219
1XcUn5PE9d42zWamWgRG2x,91.894,audio_features,-6.373,1,0.0638,0.0754,0.802,0.653,0.816,0.376,1.61e-06
04NGX0b5Tgs7VsErfn5OA1,95.023,audio_features,-4.55,1,0.0717,0.204,0.289,0.481,0.88,0.00465,6.02e-05
26liGJfeDiHLVn0qTETkt1,126.707,audio_features,-5.553,1,0.106,0.156,0.311,0.962,0.637,0.0368,0.022
6CN3e26iQSj1N5lomh0mfO,79.178,audio_features,-3.489,0,0.359,0.104,0.398,0.52,0.768,0.0193,0.00034
6Wt5QBzHp9vdSLAFlvdnDQ,199.764,audio_features,-7.392,0,0.483,0.0308,0.779,0.713,0.471,0.421,0.0
7lurcq2Yw96B1K0KOJAHxg,75.007,audio_features,-9.481,0,0.0818,0.0813,0.448,0.688,0.404,0.377,0.0
3KQh7ppbDxVjdJBtjvP5BU,201.451,audio_features,-6.432,0,0.468,0.211,0.577,0.419,0.871,0.715,0.0
7BgFkKXIxv96EALb7NrnhQ,88.009,audio_features,-5.388,0,0.258,0.0666,0.556,0.868,0.568,0.0518,0.0
1U1GtaJeYwGsPgqV9Me5bb,170.134,audio_features,-13.807,1,0.0316,0.147,0.577,0.504,0.321,0.149,0.000107
4svCVV4VHEL3Z4efES868h,157.955,audio_features,-3.137,1,0.146,0.223,0.699,0.736,0.792,0.0617,0.0
7j9iuJvGg8Ve2O20CO8Oho,146.181,audio_features,-0.007,1,0.047,0.0646,0.774,0.734,0.676,0.314,0.0
6BGNjTZ8zp9MlsIydBa7A9,73.582,audio_features,-17.892,1,0.0447,0.116,0.586,0.565,0.0522,0.975,0.833
2Ukr1iULFHGSJp0qPhiqc0,95.966,audio_features,-5.84,0,0.0614,0.0712,0.78,0.787,0.835,0.0772,0.000112
5eK5xQl8EGzR5zYkxaDCAn,112.51,audio_features,-5.062,1,0.0396,0.132,0.298,0.553,0.864,0.00605,0.0
7wCgKgkuthR3K568qESxDp,138.174,audio_features,-6.17,0,0.035,0.126,0.392,0.726,0.496,0.0808,7.43e-06
1xNcBAoUw8Hz6LqK2jt4Ff,126.342,audio_features,-6.518,1,0.375,0.839,0.447,0.597,0.837,0.00427,0.00115
3UULkHdmLDqBDPmBYltoRE,109.905,audio_features,-3.268,1,0.108,0.0958,0.163,0.496,0.981,9.33e-06,0.0
3yEtuhGR8jOtusa29jWrhG,97.68,audio_features,-6.496,1,0.0359,0.112,0.617,0.691,0.658,0.398,4.58e-05
1pHPpLVH2XEN0xYRoQs4wq,116.045,audio_features,-4.439,0,0.0361,0.347,0.818,0.577,0.94,2.42e-05,0.0715
714Lw0m2SmCEhKSPw0Dn8J,173.255,audio_features,-4.535,1,0.0963,0.067,0.491,0.421,0.858,0.0134,0.0
0SuzUhWAgStNIMZR4jEGgk,123.988,audio_features,-4.871,1,0.0279,0.904,0.809,0.656,0.717,0.0127,1.22e-05
4dh34dyav8M5jCN3yidn8Z,173.662,audio_features,-4.331,1,0.502,0.107,0.315,0.622,0.539,0.242,0.0
2cViIXIe8Pbd1sOJExMJlK,115.993,audio_features,-4.861,0,0.0362,0.0943,0.655,0.548,0.888,0.000902,0.00172
2b8QQqf8Vwb7bfz22ja8Fk,169.799,audio_features,-10.02,1,0.0803,0.158,0.464,0.644,0.517,0.0065,1.37e-06
2Ozc0me9PV5vlt8cokwdvI,95.321,audio_features,-3.344,1,0.415,0.0746,0.695,0.783,0.916,0.11,0.0
0jSIovJtKxEXH6vI4oRx7I,172.136,audio_features,-3.316,1,0.0475,0.111,0.671,0.505,0.842,0.0576,0.0
7kF1iPJTj3VFJX9XokQ80F,141.077,audio_features,-3.866,1,0.102,0.0738,0.268,0.478,0.974,0.000266,0.0984
0O7lENhqOySbsL743G7PqD,122.688,audio_features,-8.517,1,0.0291,0.0987,0.0904,0.589,0.442,0.334,0.000424
67vrmPygrZ9giGqHUSReAT,96.332,audio_features,-6.518,0,0.309,0.0665,0.716,0.578,0.631,0.0243,0.0
6IZF8hi9J6EtFDLQqOlSbu,71.277,audio_features,-17.599,0,0.0424,0.105,0.0922,0.0999,0.181,0.94,0.888
3smCnGYSUF8BwNDjbpAZZA,146.081,audio_features,-3.118,1,0.0408,0.317,0.855,0.74,0.587,0.635,1.76e-06
6sqNctd7MlJoKDOxPVCAvU,170.229,audio_features,-2.407,1,0.0758,0.369,0.74,0.414,0.936,0.00136,0.0
4gkEzBl4X0lZVLGGqVjyNS,0.0,audio_features,-11.037,1,0.0,0.0602,0.0,0.0,0.185,0.503,0.0
0EZ5c3oWdpWIaYHvifMqI2,174.033,audio_features,-3.561,0,0.086,0.0776,0.952,0.77,0.521,0.738,0.000276
3DOxMCaNBNvnjSzpHUSjE3,87.043,audio_features,-6.899,1,0.201,0.082,0.457,0.697,0.565,0.161,4.73e-05
0axF06XwNLobcx5z8BVtYw,183.773,audio_features,-3.079,0,0.16,0.228,0.118,0.252,0.993,0.0234,0.0
47IWLfIKOKhFnz1FUEUIkE,169.881,audio_features,-3.604,0,0.106,0.137,0.445,0.419,0.932,0.00171,0.0
1Vp4St7JcXaUoJcIahtf3L,118.022,audio_features,-4.831,1,0.198,0.365,0.646,0.704,0.792,0.00981,0.0
6TTBhxnb9NYT7cz6aLOkBy,103.057,audio_features,-3.098,1,0.0637,0.078,0.357,0.582,0.942,0.000371,0.004
6QdwofpqDvvNxX88C9A0iQ,76.979,audio_features,-4.581,1,0.0272,0.283,0.387,0.601,0.643,0.155,0.0
0oduroQUXgL9mb4JO8XzB9,92.993,audio_features,-5.677,0,0.217,0.393,0.844,0.602,0.827,0.147,0.0
0oXLSuno5adlHcPzlzs8l6,129.951,audio_features,-6.004,0,0.0349,0.323,0.702,0.674,0.774,0.325,1.52e-06
6um5ccNzX7k3SRsVnLupvI,156.031,audio_features,-4.729,1,0.0765,0.106,0.607,0.491,0.904,0.00929,0.0
1ibeKVCiXORhvUpMmtsQWq,99.93,audio_features,-5.262,1,0.0321,0.166,0.602,0.457,0.83,0.00682,0.00337
7cxOL3nvmqd6w811wOlWT1,131.784,audio_features,-9.388,1,0.0279,0.114,0.335,0.545,0.428,0.319,0.0
6IxQ0PdozaZKch1m8tGCwb,177.981,audio_features,-4.565,1,0.0532,0.148,0.451,0.335,0.858,0.00289,0.0
7sZCAHP2duHwr5M5K7lHsb,95.769,audio_features,-6.468,1,0.239,0.432,0.49,0.71,0.597,0.221,0.0
0CKba2KBPP9TFbh5Nf8i4P,117.954,audio_features,-4.842,0,0.03,0.108,0.623,0.616,0.824,0.0135,2.13e-05
6UIxGIqWlO5wsddY44AV1R,172.373,audio_features,-16.699,1,0.0366,0.106,0.623,0.386,0.205,0.653,0.0448
5zdUc1JRCImBYcDWgvFNpE,110.086,audio_features,-4.606,1,0.0623,0.119,0.805,0.817,0.806,0.027,9e-06
57DZJLuPk9a5ULzdER3ZFy,92.009,audio_features,-6.702,1,0.114,0.117,0.587,0.903,0.704,0.0272,0.0044
0cOyhnhy13lc5G5nr4EF0q,142.018,audio_features,-4.4,1,0.109,0.288,0.511,0.637,0.95,0.00104,7.35e-06
3weNRklVDqb4Rr5MhKBR3D,132.614,audio_features,-25.398,1,0.0578,0.0941,0.0454,0.191,0.0582,0.961,0.89
0V3nTTKA24XKCayp8igU4l,89.862,audio_features,-8.954,0,0.311,0.118,0.504,0.533,0.724,0.275,4.59e-06
4Zd6gElrsmSyVomurxAPOD,183.693,audio_features,-7.691,1,0.0313,0.162,0.342,0.351,0.29,0.846,3.15e-05
4kSYZCV2qlTpCPu0NnMoSR,84.974,audio_features,-10.879,1,0.289,0.534,0.673,0.381,0.592,0.446,0.0
5aGkIyzLVYGuLIHkxpNAFF,173.352,audio_features,-12.733,1,0.0438,0.23,0.494,0.325,0.424,0.341,0.000267
0AKAxdNkwq9ZxRdW1DN9zW,90.048,audio_features,-4.682,1,0.0382,0.197,0.425,0.548,0.889,0.00165,0.00109
2RJ1fg4qf2vgZKifTa4HgA,184.089,audio_features,-4.838,1,0.0313,0.0478,0.672,0.464,0.775,0.203,0.0
58KPPL1AdLHMvR2O2PZejr,147.116,audio_features,-3.214,1,0.0636,0.329,0.59,0.3,0.929,0.000259,2.26e-06
3mtukCAgd0mE260QcBfXAX,139.817,audio_features,-8.337,0,0.0309,0.0932,0.556,0.625,0.686,0.0154,0.0499
1xbw6jObdWhPSoN9MflOSA,92.015,audio_features,-7.016,1,0.0627,0.0693,0.838,0.734,0.741,0.43,0.0194
2AMDKSt4HJWZbuLupJuNrj,98.364,audio_features,-5.772,0,0.0513,0.0665,0.846,0.521,0.704,0.332,7.1e-06
4tAru66VGVLWYjg90UV4vJ,59.972,audio_features,-4.96,0,0.358,0.141,0.969,0.858,0.656,0.114,0.0
7iOhWWYjhhQiXzF4o4HhXN,83.212,audio_features,-6.843,1,0.356,0.316,0.854,0.473,0.727,0.577,0.0
6MFQeWtk7kxWGydnJB2y36,96.987,audio_features,-7.03,1,0.0815,0.0808,0.931,0.734,0.636,0.0322,0.0
0BBOLOV5JntPL3341swIre,106.279,audio_features,-6.879,1,0.0361,0.0351,0.875,0.677,0.682,0.0405,0.0
7oiCqfE8Wjk8wf0pFTgL2H,121.043,audio_features,-4.117,1,0.0382,0.519,0.886,0.607,0.876,0.371,0.0
34j4OxJxKznBs88cjSL2j9,80.293,audio_features,-4.872,0,0.403,0.169,0.643,0.459,0.816,0.423,0.0
3tQ6LmYZeoJ4dwkZ3IGoSj,175.293,audio_features,-4.648,1,0.0834,0.374,0.408,0.263,0.939,7.66e-05,0.000364
469RmLzEsicj8VSn9aIuKV,112.019,audio_features,-3.52,1,0.0281,0.355,0.801,0.709,0.721,0.0322,0.000309
7oFiFPltiQTBqVutyiSwvE,92.009,audio_features,-6.985,1,0.215,0.0982,0.769,0.836,0.812,0.188,1.82e-06
62wtttQzoIA9HnNmGVd9Yq,84.649,audio_features,-4.753,1,0.265,0.217,0.446,0.442,0.807,0.0158,6.43e-06
3njpLvANriMsdv3dgADEad,171.609,audio_features,-5.16,1,0.263,0.118,0.184,0.555,0.639,0.0594,0.0
6GrrkiCRO3HYdgRpO4eKEL,184.866,audio_features,-6.961,1,0.043,0.0903,0.789,0.477,0.426,0.544,0.0
3Lsdp3mbD27MjxvTeFm0v3,67.101,audio_features,-27.855,0,0.11,0.118,0.208,0.526,0.0344,0.996,0.924
4FTOpNYcGxnQdGNWSxIcio,77.49,audio_features,-6.799,1,0.361,0.0833,0.904,0.878,0.417,0.0444,0.0
2mp3sLUNQaJ025Lx5f4AAJ,82.235,audio_features,-11.232,0,0.378,0.127,0.644,0.447,0.401,0.657,0.0
2takcwOaAZWiXQijPHIx7B,118.211,audio_features,-5.883,0,0.0556,0.0866,0.428,0.585,0.842,0.00242,0.00686
6Hmj7SrLRbreLVfVS7mV1S,139.361,audio_features,-4.845,1,0.0368,0.118,0.29,0.252,0.8,0.12,0.0538
7dyluIqv7QYVTXXZiMWPHW,107.005,audio_features,-4.251,1,0.156,0.546,0.799,0.685,0.803,0.0601,0.0
5A32KQZznC2HSqr9qzTl2N,85.1,audio_features,-4.837,0,0.0782,0.267,0.687,0.553,0.632,0.375,0.0
0bHs3ly4Bv5BlzE3KrePfX,100.007,audio_features,-6.232,0,0.0828,0.0758,0.593,0.769,0.558,0.275,1.06e-06
1VZUXXUGqIxePaMUXkabRn,87.204,audio_features,-6.349,1,0.288,0.0668,0.73,0.82,0.677,0.655,1.7e-06
3jagGO7eHHuaD53ibehkux,92.717,audio_features,-6.548,1,0.0724,0.0317,0.478,0.364,0.935,8.58e-06,0.729
7rYGZmhNJhsmVLjPidM1q8,111.058,audio_features,-6.243,1,0.029,0.107,0.9,0.595,0.797,0.352,0.000553
1Jwc3ODLQxtbnS8M9TflSP,103.022,audio_features,-7.818,1,0.0995,0.3,0.818,0.724,0.891,0.00344,4.72e-05
5hkdfA87RZvNaxl6XiveOA,94.015,audio_features,-3.564,1,0.0293,0.101,0.457,0.515,0.835,0.00146,0.000235
1CjQCQsl9FDb3WhjGcFOzG,135.77,audio_features,-8.141,1,0.0324,0.3,0.218,0.577,0.483,0.0337,6.22e-06
60eVCXFCuw1WYswBuNZc4H,114.048,audio_features,-5.606,1,0.0518,0.286,0.472,0.542,0.961,0.000128,0.00119
7yXibbAYi4to5oQTeO738f,87.183,audio_features,-4.301,1,0.057,0.114,0.759,0.532,0.807,0.0584,0.0
3WAmQiYrwDqItWpCBPh40k,140.121,audio_features,-6.376,1,0.0364,0.45,0.978,0.648,0.537,0.0793,1.31e-05
7DXNTiUCWJvomSGEGMr3H8,130.092,audio_features,-7.326,1,0.0264,0.359,0.623,0.607,0.614,0.248,0.0
5OHUTC4EvTbL0DuZQRIGGX,144.125,audio_features,-9.632,1,0.0274,0.0989,0.182,0.452,0.306,0.235,1.91e-05
1p5kC161fWMA2QlwV3Vi4W,68.507,audio_features,-6.245,0,0.0653,0.0404,0.575,0.828,0.653,0.214,3.25e-06
79y4fe9RE0KtxXGj4WmRT5,126.124,audio_features,-8.106,1,0.0332,0.394,0.351,0.618,0.578,0.488,6.91e-05
0fX9KPa0i9RGDI59gI90i9,168.069,audio_features,-2.962,0,0.16,0.375,0.149,0.219,0.989,0.00421,0.0156
5dpDrUG52yI3s1AQRlaypA,167.988,audio_features,-4.061,1,0.0926,0.108,0.724,0.428,0.934,8.31e-05,0.000431
213yG5o4EISfGoceayLo6u,129.98,audio_features,-3.385,1,0.102,0.0779,0.356,0.802,0.721,0.172,0.104
1GIN41bLhiKeEPeC2vXH8i,99.916,audio_features,-5.76,1,0.0284,0.0745,0.465,0.718,0.786,0.0114,2.5e-05
45zvStEMsXp8z45OQRhWFJ,186.081,audio_features,-2.42,1,0.0638,0.27,0.81,0.381,0.984,2.53e-05,6.91e-05
50tmOF513elS7K3HrwYq29,182.02,audio_features,-2.982,1,0.0496,0.267,0.894,0.704,0.427,0.729,0.0
4Vb5Y6RQztThqqqFre24wL,118.504,audio_features,-4.079,0,0.201,0.323,0.155,0.413,0.982,0.00242,0.00112
5WsxLkPL1QRKRfCed6qTTn,128.534,audio_features,-8.046,0,0.0297,0.137,0.353,0.599,0.488,0.179,0.00523
6Moso5DtGXmTgS3DaXZrRB,105.789,audio_features,0.522,1,0.0573,0.0533,0.968,0.888,0.741,0.495,0.0
6Y9kdB2O0h9gq9y2vclsWT,179.458,audio_features,-6.183,0,0.283,0.111,0.331,0.582,0.621,0.00317,0.0
6vcG9EgeqJUSmmF65lxUm6,177.13,audio_features,-2.685,1,0.128,0.814,0.599,0.251,0.868,0.488,7.34e-06
6TclVCUxDQm9s3Bey6Ao8H,139.966,audio_features,-4.019,1,0.0394,0.186,0.64,0.546,0.882,0.000784,0.0
2amzrvbxYiq8AxGntIiw5V,132.759,audio_features,-4.65,1,0.0499,0.126,0.23,0.464,0.887,0.000429,0.333
5b2FFKC64kxqcfaFnIZxoM,84.788,audio_features,-5.672,0,0.373,0.489,0.649,0.614,0.644,0.184,0.0
5bkWgrKyNhMcriQP3CrHEA,90.74,audio_features,-3.264,1,0.0424,0.108,0.928,0.726,0.857,0.244,0.0
1boHm9rjmvzxpJASd9dnGK,145.158,audio_features,-6.645,0,0.138,0.157,0.598,0.561,0.764,0.373,0.0
7uSsHbBFFAnkRQR1rDwP3L,124.047,audio_features,-6.476,0,0.0922,0.219,0.35,0.562,0.865,2.06e-05,0.591
7gxW8hMXEUkc1G3m7z9vei,152.498,audio_features,-8.74,0,0.0315,0.243,0.691,0.498,0.484,0.481,0.0
4q71zOiiFoDaVQCQcE6jcp,96.28,audio_features,-7.874,1,0.281,0.342,0.553,0.647,0.67,0.0823,0.0
5rPzPAaOUceS8HiAculegz,87.998,audio_features,-6.905,0,0.268,0.207,0.835,0.777,0.829,0.245,0.0
4ToYlykhwpW98KtMIGnWQK,95.479,audio_features,-3.177,1,0.0369,0.293,0.747,0.646,0.964,0.0407,3.65e-06
2BjIi07kN0yKSur0Fwrnss,81.966,audio_features,-6.404,1,0.112,0.123,0.519,0.861,0.519,0.136,0.0
1GErReAT0swX36x3O8GyQn,162.967,audio_features,-3.949,1,0.075,0.351,0.467,0.372,0.975,0.000133,4.29e-06
2ZqFfDwNjKvPu3USx3onhO,85.003,audio_features,-4.932,1,0.0302,0.208,0.714,0.616,0.698,0.0555,0.0
5POM2lseA6sONqP0O9pxWC,147.794,audio_features,-8.2,1,0.0802,0.26,0.73,0.73,0.335,0.679,0.0
2jwaErbghhcia4JqUYWz3g,131.951,audio_features,-3.197,1,0.0365,0.149,0.76,0.589,0.892,0.0633,0.0
3VPBPBZKxQu3bqeuzz8gRm,130.047,audio_features,-5.601,1,0.0293,0.383,0.706,0.595,0.741,0.501,0.0
12homE4JpBey5cckgoepR7,142.119,audio_features,-18.131,0,0.0489,0.115,0.356,0.519,0.163,0.926,0.751
7BjmEKAVTnJNkRNaUzBy2K,109.555,audio_features,-9.982,1,0.0433,0.124,0.753,0.467,0.526,0.119,0.0
17larILaMHwsprsMFnYI77,84.555,audio_features,-6.417,0,0.295,0.207,0.753,0.73,0.608,0.301,0.0
15ZNcgzsiiSrLQAGzl3le9,98.974,audio_features,-6.266,1,0.225,0.278,0.822,0.885,0.61,0.194,0.0
1U50yJZvm9My8sQHQBjSAd,112.21,audio_features,-6.404,1,0.0441,0.0949,0.87,0.655,0.654,0.208,0.0
5mEwhCsqadBZIE7SSrv1gC,83.007,audio_features,-2.891,0,0.237,0.111,0.673,0.74,0.841,0.0232,0.0
2ugGNNwNaJdiusX3aLOMUy,132.06,audio_features,-5.186,1,0.0411,0.15,0.848,0.72,0.732,0.0984,0.0
0RmXtDH1cBMGImRrmn5xL6,106.279,audio_features,-6.879,1,0.0361,0.0351,0.875,0.677,0.682,0.0405,0.0
2Bs1Lw9LX8hBm70t1iGdlh,72.494,audio_features,-3.265,1,0.0329,0.129,0.871,0.558,0.633,0.487,0.0
33ayEZDfgARpadIdqo87JQ,125.023,audio_features,-4.296,0,0.0963,0.392,0.518,0.608,0.885,0.00258,1.33e-05
75dfH68JDisE8dDaD4KlVY,129.385,audio_features,-7.015,1,0.0456,0.0791,0.961,0.546,0.655,0.464,0.0
2Bo0hh0yoQReC4reJav5DT,120.051,audio_features,-7.356,1,0.0333,0.115,0.19,0.553,0.621,0.0428,0.596
6z2Fx4b0hjqLdsJQOrNxbM,99.999,audio_features,-5.537,1,0.0557,0.291,0.466,0.484,0.881,0.00147,0.0
0qJWmorcTJIxCHdpX9xdMT,155.288,audio_features,-5.538,1,0.11,0.0911,0.98,0.735,0.789,0.15,0.0
659B2PbbBVtPwJh5QkB1WB,91.876,audio_features,-7.7,1,0.0265,0.146,0.318,0.552,0.273,0.848,5.24e-05
15wuN0eAzGzwLZk5AD9ptF,108.642,audio_features,-8.951,1,0.298,0.0793,0.828,0.924,0.573,0.166,2.92e-06
15cGdiAHmezm0P04jVAjMo,128.029,audio_features,-7.243,1,0.0258,0.155,0.388,0.644,0.626,0.367,5.78e-06
5op53ANI4exiWqFHKuwWxd,76.973,audio_features,-9.076,1,0.0254,0.101,0.249,0.523,0.477,0.0961,0.000106
7ImkjvM1OKWhJ5HIPOHcHE,118.058,audio_features,-5.987,0,0.0387,0.0679,0.928,0.788,0.541,0.125,0.000231
6OsefWNJtsWqO7myze1HEX,132.313,audio_features,-7.324,1,0.033,0.114,0.96,0.656,0.813,0.349,0.0
0wBaPbJ2qsbGqgnGbqBDgP,97.348,audio_features,-12.017,0,0.0252,0.519,0.701,0.733,0.443,0.678,0.0
1lAFWiaVhJhvQ5Gtzp6vSu,117.454,audio_features,-5.455,1,0.0291,0.914,0.582,0.639,0.745,0.153,4.33e-06
566q4HacJyTGxZefvWVy9t,82.412,audio_features,-9.094,0,0.071,0.136,0.705,0.642,0.595,0.319,0.000134
2vJAjPkVMPKkR3xd2wacZa,78.411,audio_features,-7.561,1,0.029,0.0666,0.208,0.301,0.422,0.62,0.0
7JKPv7gpFkehGjpFrZJevo,122.913,audio_features,-7.305,1,0.132,0.0781,0.559,0.908,0.675,0.141,3.28e-05
5eFByyYnqWv7euW1wTGUle,84.332,audio_features,-4.466,1,0.0356,0.136,0.76,0.714,0.644,0.446,4.51e-06
7jLbTp3qZzah9kMIdW8e5M,80.569,audio_features,-5.352,0,0.0467,0.0788,0.663,0.794,0.614,0.0964,0.0
5MoDQWMDMaAGDEiWsJfeCi,78.989,audio_features,-7.239,0,0.0243,0.0942,0.399,0.526,0.358,0.525,0.0
3s2MyU2YCwNNwcSokt0jXD,89.036,audio_features,-6.019,0,0.105,0.04,0.556,0.567,0.747,0.31,0.0
1sPkEMo8AUlQSMuHoMMWxj,133.889,audio_features,-5.159,1,0.0292,0.351,0.703,0.589,0.591,0.484,0.0
09z65EpYqmylHKjwRG6aEa,89.887,audio_features,-6.682,1,0.026,0.245,0.522,0.341,0.402,0.519,0.0
0JC3ynTNoZaWjZHXzeapYy,91.104,audio_features,-7.683,0,0.0327,0.173,0.57,0.677,0.531,0.219,0.0
1gVVSmhWjci8l9Vrsl6HaS,140.083,audio_features,-3.974,1,0.0613,0.147,0.632,0.416,0.819,0.000138,0.00108
1Kb2DqjHRvOcT5xeWtz3t5,0.0,audio_features,-23.636,0,0.0,0.0922,0.0,0.0,0.0323,0.994,0.973
5nmLj87o23HJrI7GgqXXUw,94.616,audio_features,-3.641,0,0.0362,0.212,0.896,0.591,0.862,0.198,0.0
0xOeB16JDbBJBJKSdHbElT,127.193,audio_features,-5.682,1,0.0344,0.318,0.734,0.401,0.933,0.00744,0.627
4719foL6R25RSHSJ1shNaj,115.985,audio_features,-7.559,1,0.0423,0.0858,0.559,0.83,0.417,0.178,0.0
6mjlbRIgMTf2nqY0kq1rOJ,113.068,audio_features,-13.023,0,0.0436,0.0711,0.913,0.753,0.753,0.0144,4.43e-05
07u02f6biDHx5VexfAs41b,85.015,audio_features,-6.468,1,0.37,0.0979,0.638,0.901,0.512,0.00273,0.0
2tHImX6L0zzQKyle2E99O4,106.039,audio_features,-5.025,0,0.094,0.248,0.4,0.503,0.942,0.000105,0.0
45R6DmpsaoqLujIn6qPTPH,102.121,audio_features,-3.899,1,0.0553,0.0921,0.477,0.502,0.934,8.38e-06,0.164
0Qr9Dl5b43RAZuXTSqzBzu,93.364,audio_features,-4.456,0,0.32,0.138,0.71,0.646,0.83,0.403,0.0
6gLn8QhAYL4dEwdpVjfCPl,115.522,audio_features,-4.635,0,0.0578,0.259,0.274,0.253,0.887,0.00114,2.99e-06
64mK5Yd0rdGeXVkMFspEyt,119.996,audio_features,-7.61,1,0.0334,0.0667,0.892,0.785,0.773,0.0296,8.12e-06
376zCxYCHr7rSFBdz41QyE,135.739,audio_features,-4.447,1,0.0322,0.126,0.196,0.578,0.524,0.186,0.0
0K1XXuhaJBPWMcgjj3ug3u,130.082,audio_features,-2.758,0,0.0532,0.0642,0.961,0.814,0.944,0.544,7.91e-06
4fGIqy3bvjX0jz1SJHqjjo,105.236,audio_features,-3.635,0,0.0515,0.34,0.48,0.353,0.953,0.000129,0.0
1KLpjQFgubHI3GkAICCNH3,131.715,audio_features,-1.692,1,0.0459,0.437,0.715,0.526,0.774,0.715,0.0
7x6SuiiH3fcrsAgfkp2OwQ,120.02,audio_features,-6.141,0,0.228,0.323,0.85,0.822,0.673,0.144,0.0
7ANroj1yWw0YEGcLf7HO3Q,108.802,audio_features,-9.688,0,0.0596,0.0902,0.611,0.717,0.449,0.681,0.0
0LAfANg75hYiV1IAEP3vY6,153.944,audio_features,-4.617,1,0.106,0.0624,0.933,0.757,0.957,0.209,2.29e-05
3eo3Dw5OGSWCzJDVHLKE3v,80.945,audio_features,-5.884,1,0.0588,0.375,0.624,0.68,0.796,0.385,0.0
2BJy5YrRMhVCqaLNY5cbv2,124.994,audio_features,-6.624,1,0.0386,0.109,0.851,0.793,0.464,0.112,0.0
0B2ZuTLZnWQ6gz8RlNwBu1,94.857,audio_features,-4.289,1,0.22,0.24,0.429,0.759,0.825,0.0923,0.00057
0sQdIxWPpjCFLLUfOXhR0V,176.989,audio_features,-8.29,0,0.327,0.11,0.591,0.617,0.659,0.0344,0.000535
2cYoayTRed9m3scuQzKq8Z,80.396,audio_features,-4.958,0,0.0863,0.0874,0.285,0.204,0.891,0.00173,0.0
5vSH05fXsfYtltxV4ujRkc,77.03,audio_features,-6.387,1,0.0322,0.269,0.853,0.819,0.528,0.00944,1.54e-05
7HKfrU3iuEFrKxTAfVznrG,125.019,audio_features,-3.868,0,0.0546,0.0978,0.185,0.494,0.971,0.000389,4.45e-05
525yPO8r5J6kLostDxm3XK,191.685,audio_features,-3.35,0,0.257,0.0998,0.528,0.752,0.82,0.0339,0.0
25YwwruYRtxe6RQdKtrZFS,176.103,audio_features,-2.377,0,0.444,0.196,0.708,0.605,0.829,0.0392,0.0
1AU8s5RMGA6mzHsFn06Iaa,95.026,audio_features,-37.066,1,0.04,0.0674,0.246,0.181,0.0187,0.994,0.895
7xVEvr9wPXLPU286pCfYM3,115.956,audio_features,-3.939,1,0.0304,0.459,0.405,0.614,0.664,0.233,0.0
4iN0LgZ4SwAIVJ7VRrsd27,109.887,audio_features,-7.956,1,0.0354,0.0552,0.966,0.801,0.621,0.261,0.0755
56tOMi4N980gmsdUoyaLb3,95.011,audio_features,-6.498,1,0.047,0.525,0.62,0.671,0.782,0.0122,0.0
4HSAJpNocVNJbwbQvtCMdO,112.962,audio_features,-5.317,1,0.178,0.136,0.614,0.934,0.706,0.0305,0.000121
7M7VUNhN51Fjsu58dLv0EY,173.967,audio_features,-5.35,1,0.14,0.124,0.736,0.478,0.903,0.000601,0.0
1lASDtTqKAfsnD6hixGKtz,97.968,audio_features,-3.234,1,0.0574,0.872,0.455,0.45,0.989,0.000275,0.0
65eohvrL4ttjA7EfFkQOhX,95.031,audio_features,-4.079,0,0.151,0.0862,0.51,0.547,0.951,0.00272,1.14e-05
0vswnzoKvhNkT1ehc0Tt19,135.757,audio_features,-5.487,1,0.0266,0.134,0.22,0.46,0.505,0.42,0.0
7DDcNAaRQm1cyDeJ4yLafO,106.755,audio_features,-13.643,0,0.0289,0.106,0.107,0.475,0.229,0.84,0.0145
591vJuuep0gfPhx9p8WPD5,155.014,audio_features,-4.198,0,0.0637,0.361,0.268,0.45,0.978,0.000124,7.14e-06
4MMqj7HaLL8BphbBZnlsdq,106.997,audio_features,-3.925,0,0.0968,0.1,0.385,0.797,0.502,0.0154,0.0
6VixoRqnikN4QqegoKUSbH,92.136,audio_features,-4.087,1,0.299,0.138,0.782,0.495,0.883,0.287,0.0
3eFx554nKpVNe4otynSsK0,83.948,audio_features,-6.893,0,0.0327,0.112,0.247,0.352,0.549,0.118,9.31e-06
2busyK7jKVJaZN4Q6gZqKw,106.003,audio_features,-3.582,1,0.0668,0.0371,0.58,0.582,0.929,0.00134,0.0365
3iVIHhKNpltJRseXibdbWx,201.013,audio_features,-6.081,1,0.212,0.24,0.971,0.534,0.411,0.727,0.0
262RJtiqytpugV1UvDicN9,127.03,audio_features,-3.145,0,0.0651,0.231,0.262,0.422,0.946,0.000181,0.0
39sN48Q2DIbyVK8i8kkqgF,108.327,audio_features,-5.564,0,0.0528,0.156,0.567,0.683,0.829,0.000291,0.00116
7ceiXwNZ2DwNIJ54tsJwRY,124.036,audio_features,-7.921,1,0.0347,0.0723,0.703,0.79,0.435,0.697,0.0
0AMKZWRgdFfGYYTxiWrwwH,75.978,audio_features,-9.175,1,0.0341,0.11,0.533,0.651,0.347,0.694,0.0249
2WAHi5ZJwDZqGjnhZgZYmU,127.13,audio_features,-6.867,0,0.072,0.188,0.67,0.568,0.757,0.544,0.0
6E0dc82Da4W5QWXR8ktoGT,126.257,audio_features,-5.96,1,0.403,0.819,0.483,0.606,0.847,0.00553,0.00169
3Is0Nnz59rzbNZE491URlY,112.124,audio_features,-12.243,0,0.0335,0.104,0.961,0.649,0.825,0.00606,0.154
3X5KX8EM2lBRs35CL2HMAQ,120.894,audio_features,-8.613,1,0.0327,0.986,0.107,0.503,0.422,0.604,0.0
7moJWeYfMTr7iWgSHvwF7Y,115.118,audio_features,-11.169,0,0.0573,0.19,0.647,0.659,0.248,0.861,0.0
0at89DgpVeImkVrQ0htbVm,87.469,audio_features,-2.222,1,0.291,0.228,0.112,0.218,0.994,0.00301,3.4e-06
4L55p6txv9vuCWhpNnY6eY,169.116,audio_features,-4.209,0,0.111,0.0923,0.576,0.754,0.718,0.0122,0.000111
0HJRAM7Gt9jXskuXjZeFX3,167.086,audio_features,-3.451,1,0.0362,0.301,0.45,0.29,0.827,0.000659,2.55e-06
1th3G3okofWlvGWAAR7Y4V,84.81,audio_features,-5.422,0,0.21,0.236,0.592,0.483,0.787,0.339,0.0
1VcIbyyDX8j0GNxSlsRFeJ,141.885,audio_features,-2.523,0,0.0496,0.363,0.644,0.245,0.974,0.00045,0.438
13AzkgqOT4PHx5aXxihF0n,105.725,audio_features,-6.96,1,0.302,0.616,0.757,0.649,0.66,0.0268,0.0
3QfsB9tPwAjMb5b9P7r3Z5,73.209,audio_features,-10.38,1,0.0761,0.0524,0.616,0.707,0.451,0.309,0.0
6iWs0J0CnadMMbxLQtZrCG,141.203,audio_features,-9.76,0,0.0445,0.124,0.123,0.704,0.296,0.723,3.07e-06
1fBnzFTxI1wqtU0ZR1pxrf,125.116,audio_features,-4.441,0,0.04,0.0658,0.649,0.402,0.926,8.18e-05,0.119
2iuGGtnIs24yvQcVeTO6Fq,107.038,audio_features,-11.697,1,0.0287,0.164,0.81,0.673,0.499,0.9,0.931
3q7GKmKaiktt57PVIxKOm8,95.298,audio_features,-2.535,1,0.134,0.272,0.351,0.392,0.993,0.000568,0.0067
4IFYR5smTnHYCLP82AiDrJ,178.258,audio_features,-9.239,0,0.0368,0.144,0.226,0.476,0.407,0.247,0.0
0WaaPFt4Qy8sVfxKz43bCD,153.035,audio_features,-5.049,1,0.0369,0.108,0.727,0.537,0.864,0.000318,0.123
4GGXoQzP1jY4dpM8HRj3mG,129.319,audio_features,-28.772,0,0.0377,0.0925,0.17,0.251,0.0607,0.995,0.891
43eavkw5iLISXbmSY7AvFA,104.997,audio_features,-4.713,1,0.0283,0.149,0.962,0.701,0.642,0.215,0.0
6Zbv79YWB0iZSXwIwEsIOP,178.33,audio_features,-6.031,1,0.15,0.11,0.788,0.416,0.883,0.314,0.0
7fuoqve1SOEBmhc2PoQTF0,83.028,audio_features,-5.586,0,0.282,0.304,0.51,0.713,0.91,0.34,0.0
2rgH6C08H3J2AWlckoG9Vm,140.207,audio_features,-7.443,1,0.027,0.251,0.427,0.62,0.497,0.558,6.68e-06
1oystWhvsBVxFmDeXiY0Az,113.727,audio_features,-9.538,1,0.19,0.196,0.814,0.856,0.6,0.0573,0.000242
1EwRMgWXS9U8Oet39tlYwY,88.363,audio_features,-16.622,1,0.0373,0.143,0.2,0.232,0.145,0.898,0.0
7FJThvbD5d8OIIbU9eNLGB,132.996,audio_features,-5.413,1,0.0262,0.585,0.404,0.552,0.815,0.000454,0.0275
1bTphHXspys3RvvRxfzzIc,150.192,audio_features,-6.9,0,0.242,0.162,0.537,0.838,0.724,7.68e-05,1.02e-06
3cIKojC2JBVIno9b35MJWn,49.034,audio_features,-20.885,0,0.0333,0.571,0.0949,0.325,0.0947,0.906,0.869
36EXQbkUL5PpT0zS9Tr7UT,166.827,audio_features,-3.518,1,0.086,0.066,0.491,0.397,0.902,0.00285,0.0
4KFY4EEv9CN6ivrzD6vEvg,88.817,audio_features,-3.099,0,0.421,0.161,0.924,0.636,0.7,0.341,0.0
2MKLbFPQ3QDXpQ0KnS06Kl,103.152,audio_features,-10.699,1,0.0317,0.134,0.403,0.798,0.234,0.875,0.000626
