artist_id,artist_genres,artist_popularity
0C0XlULifJtAgn6ZNCW2eu,"alternative rock, dance rock, modern rock, permanent wave, rock",74
5K4W6rqBFWDnAN6FQUkS6x,"chicago rap, hip hop, rap",88
23zg3TcAtWQy7J6upgbUnj,"atl hip hop, contemporary r&b, dance pop, pop, r&b, rap, south carolina hip hop, urban contemporary",77
7dGJo4pcD2V6oG8kP0tJRR,"detroit hip hop, hip hop, rap",87
53A0W3U0s8diEn9RhXQhVz,"neo mellow, piano rock, pop rock",70
7oPftvlwr6VrsViSDV7fJY,"modern rock, permanent wave, punk, rock",78
2pAWfrd7WFF3XhVt9GooDL,"alternative hip hop, east coast hip hop, hip hop, instrumental hip hop",73
0C0XlULifJtAgn6ZNCW2eu,"alternative rock, dance rock, modern rock, permanent wave, rock",74
3BmGtnKgCSGYIUhmivXKWX,"dance pop, pop, talent show",72
1yAwtBaoHLEDWAnWR87hBT,"alternative rock, chamber pop, indie rock, indietronica, modern rock, washington indie",61
05fG473iIaoy82BF1aGhL8,"alternative metal, nu metal, rap metal, rock",75
23zg3TcAtWQy7J6upgbUnj,"atl hip hop, contemporary r&b, dance pop, pop, r&b, rap, south carolina hip hop, urban contemporary",77
0XNa1vTidXlvJ2gHSsRi4A,"alternative rock, dance rock, indie rock, modern rock, rock, scottish rock",63
4VMYDCV2IEDYJArk749S6m,"latin hip hop, reggaeton, trap latino, urbano latino",83
5K4W6rqBFWDnAN6FQUkS6x,"chicago rap, hip hop, rap",88
7FBcuc1gsnv6Y1nwFtNRCb,"emo, modern rock, pop punk, pov: indie, rock",74
2NdeV5rLm47xAvogXrYhJX,"dance pop, hip pop, pop, r&b, urban contemporary",68
4IR8ZkpbyyKrqsIzchF3NB,"alternative metal, nu metal, post-grunge",55
4yiQZ8tQPux8cPriYMWUFP,"dance pop, pop",70
4tpUmLEVLCGFr93o8hFFIB,"candy pop, new wave pop, permanent wave, power pop, rock, synthpop",67
0oBEeN6BCxEgMogzThqrPf,"contemporary country, country, country road",55
2pAWfrd7WFF3XhVt9GooDL,"alternative hip hop, east coast hip hop, hip hop, instrumental hip hop",73
7FBcuc1gsnv6Y1nwFtNRCb,"emo, modern rock, pop punk, pov: indie, rock",74
4VMYDCV2IEDYJArk749S6m,"latin hip hop, reggaeton, trap latino, urbano latino",83
7o95ZoZt5ZYn31e9z1Hc0a,"dance pop, pop, post-teen pop",63
4Js9eYwAf9rypNtV8pNSw9,"crunk, dirty south rap, north carolina hip hop, southern hip hop",57
6vbY3hOaCAhC7VjucswgdS,"chicago rap, dirty south rap, gangster rap, trap",63
7oPftvlwr6VrsViSDV7fJY,"modern rock, permanent wave, punk, rock",78
05fG473iIaoy82BF1aGhL8,"alternative metal, nu metal, rap metal, rock",75
5ND0mGcL9SKSjWIjPd0xIb,"neon pop punk, pop punk, pop rock, texas pop punk",58
7hJcb9fa4alzcOq3EaNPoG,"g funk, gangster rap, hip hop, pop rap, rap, west coast rap",79
3nFkdlSjzX9mRTtwJOzDYB,"east coast hip hop, gangster rap, hip hop, pop rap, rap",81
21451j1KhjAiaYKflxBjr1,"reggaeton, urbano latino",73
4RddZ3iHvSpGV4dvATac9X,"alternative metal, nu metal, rap metal, rap rock, rock",69
5Qi4Bb7a8C0a00NZcA77L0,"detroit hip hop, gangster rap, hip hop",62
20s0P9QLxGqKuCsGwFsp7w,"dance pop, hip pop, r&b, southern hip hop, urban contemporary",63
20s0P9QLxGqKuCsGwFsp7w,"dance pop, hip pop, r&b, southern hip hop, urban contemporary",63
6roFdX1y5BYSbp60OTJWMd,"contemporary country, country, country road, modern country rock",68
0C0XlULifJtAgn6ZNCW2eu,"alternative rock, dance rock, modern rock, permanent wave, rock",74
4xtWjIlVuZwTCeqVAsgEXy,rap rock,63
5nLYd9ST4Cnwy6NHaCxbj8,atl hip hop,63
2pAWfrd7WFF3XhVt9GooDL,"alternative hip hop, east coast hip hop, hip hop, instrumental hip hop",73
2aoFQUeHD1U7pL098lRsDU,"abstract hip hop, alternative hip hop, hip hop, psychedelic hip hop",62
5K4W6rqBFWDnAN6FQUkS6x,"chicago rap, hip hop, rap",88
0a1gHP0HAqALbEyxaD5Ngn,"contemporary country, country, country road, modern country rock",65
23zg3TcAtWQy7J6upgbUnj,"atl hip hop, contemporary r&b, dance pop, pop, r&b, rap, south carolina hip hop, urban contemporary",77
6B5c4sch27tWHAGdarpPaW,"alternative metal, nu metal, post-grunge, south african rock",66
4U7lXyKdSf1JbM1aXvsodC,"latin arena pop, latin pop, mexican pop, spanish pop, spanish pop rock",69
23zg3TcAtWQy7J6upgbUnj,"atl hip hop, contemporary r&b, dance pop, pop, r&b, rap, south carolina hip hop, urban contemporary",77
2NdeV5rLm47xAvogXrYhJX,"dance pop, hip pop, pop, r&b, urban contemporary",68
3ciRvbBIVz9fBoPbtSYq4x,"atl hip hop, atlanta bass, crunk, dirty south rap, old school atlanta hip hop, southern hip hop",60
6vbY3hOaCAhC7VjucswgdS,"chicago rap, dirty south rap, gangster rap, trap",63
3BmGtnKgCSGYIUhmivXKWX,"dance pop, pop, talent show",72
3grHWM9bx2E9vwJCdlRv9O,"contemporary country, country, country road, modern country rock",67
4yiQZ8tQPux8cPriYMWUFP,"dance pop, pop",70
0vEsuISMWAKNctLlUAhSZC,"neo mellow, pop rock, post-grunge, rock",65
4aP1lp10BRYZO658B2NwkG,"broadway, west end",61
4IR8ZkpbyyKrqsIzchF3NB,"alternative metal, nu metal, post-grunge",55
126FigDBtqwS2YsOYMTPQe,"dayton indie, neon pop punk, pop punk, screamo",50
2Hjj68yyUPiC0HKEOigcEp,"dance pop, pop, post-teen pop",55
41Q0HrwWBtuUkJc7C1Rp6K,"alternative metal, alternative rock, funk metal, funk rock, nu metal, pop rock, rap rock, reggae fusion",58
7FBcuc1gsnv6Y1nwFtNRCb,"emo, modern rock, pop punk, pov: indie, rock",74
1Zz5UxfKSSqc6hpa3xJPCw,"dirty south rap, southern hip hop",48
7oPftvlwr6VrsViSDV7fJY,"modern rock, permanent wave, punk, rock",78
6p2442ymrT9lZEuCZJdYcH,"latin hip hop, rap latina, reggaeton, trap latino, urbano latino",61
2aoFQUeHD1U7pL098lRsDU,"abstract hip hop, alternative hip hop, hip hop, psychedelic hip hop",62
4OBJLual30L7gRl5UkeRcT,"atl hip hop, dirty south rap, gangster rap, hip hop, pop rap, rap, southern hip hop, trap",71
23zg3TcAtWQy7J6upgbUnj,"atl hip hop, contemporary r&b, dance pop, pop, r&b, rap, south carolina hip hop, urban contemporary",77
4yiQZ8tQPux8cPriYMWUFP,"dance pop, pop",70
2aoFQUeHD1U7pL098lRsDU,"abstract hip hop, alternative hip hop, hip hop, psychedelic hip hop",62
4VMYDCV2IEDYJArk749S6m,"latin hip hop, reggaeton, trap latino, urbano latino",83
12FHARd9fY0Tu0ila4Ua25,"crunk, dirty south rap, miami hip hop, southern hip hop",54
3BmGtnKgCSGYIUhmivXKWX,"dance pop, pop, talent show",72
2Kx7MNY7cI1ENniW7vT30N,"contemporary vocal jazz, jazz pop, neo mellow, vocal jazz",69
04RtvnUz0XrUbUZzOA8ZoW,"neon pop punk, pop punk, screamo",50
0IdYRFTswLdsGwSnzOaGNF,"contemporary country, country, country dawn, country road",51
3grHWM9bx2E9vwJCdlRv9O,"contemporary country, country, country road, modern country rock",67
0C0XlULifJtAgn6ZNCW2eu,"alternative rock, dance rock, modern rock, permanent wave, rock",74
4DBi4EYXgiqbkxvWUXUzMi,"indie folk, modern old-time, new americana, old-time, progressive bluegrass, stomp and holler",51
7FBcuc1gsnv6Y1nwFtNRCb,"emo, modern rock, pop punk, pov: indie, rock",74
2NdeV5rLm47xAvogXrYhJX,"dance pop, hip pop, pop, r&b, urban contemporary",68
5A7d4sfe5ZY1RRf90zlUeo,"atl hip hop, crunk, dirty south rap, old school atlanta hip hop, southern hip hop",45
5K4W6rqBFWDnAN6FQUkS6x,"chicago rap, hip hop, rap",88
1UTPBmNbXNTittyMJrNkvw,"classic oklahoma country, contemporary country, country, country road, modern country rock",67
5BtHciL0e0zOP7prIHn3pP,"alternative metal, nu metal, post-grunge",67
1GlMjIezcLwV3OFlX0uXOv,"movie tunes, tagalog worship",56
6sq1yF0OZEWA4xoXVKW1L9,"latin arena pop, latin pop, mariachi, mexican pop, musica mexicana, ranchera",72
4Q5sPmM8j4SpMqL4UA1DtS,"crunk, dirty south rap",50
7dGJo4pcD2V6oG8kP0tJRR,"detroit hip hop, hip hop, rap",87
0UWZUmn7sybxMCqrw9tGa7,"colombian pop, latin pop, mexican pop, rock en espanol",73
12Chz98pHFMPJEknJQMWvI,"alternative rock, modern rock, permanent wave, rock",72
4RddZ3iHvSpGV4dvATac9X,"alternative metal, nu metal, rap metal, rap rock, rock",69
6DoH7ywD5BcQvjloe9OcIj,"acoustic pop, indie folk, neo mellow, stomp and holler",61
5K6YsAKuRtcczPgxAdzc3B,,56
4NEYQeEYBUjfaXgDQGvFvu,"latin arena pop, latin pop",65
3bGXaFVQLASmDMdjjeJr8a,"contemporary country, country, country road",54
5K4W6rqBFWDnAN6FQUkS6x,"chicago rap, hip hop, rap",88
69BUYvpG9MbjCyIZfsFdhJ,"latin pop, mexican pop",61
7dGJo4pcD2V6oG8kP0tJRR,"detroit hip hop, hip hop, rap",87
7dGJo4pcD2V6oG8kP0tJRR,"detroit hip hop, hip hop, rap",87
4yiQZ8tQPux8cPriYMWUFP,"dance pop, pop",70
0XNa1vTidXlvJ2gHSsRi4A,"alternative rock, dance rock, indie rock, modern rock, rock, scottish rock",63
3WaJSfKnzc65VDgmj2zU8B,"alternative dance, alternative rock, indie rock, indietronica, modern rock, rock",61
4yiQZ8tQPux8cPriYMWUFP,"dance pop, pop",70
6eBYLQONaYZhZNAVK061t6,hip pop,55
3Ayl7mCk0nScecqOzvNp6s,"alternative metal, alternative rock, emo, modern power pop, modern rock, neon pop punk, pop punk, pop rock, post-grunge, punk, rock",65
4BwiodzEp9Hwes5HeFjMVK,"banda, musica mexicana, norteno",65
7cjh6y0V9SsyCrWSXTzwOs,latin pop,70
59wfkuBoNyhDMQGCljbUbA,"dance pop, east coast hip hop, hip hop, hip pop, pop rap, rap, trap",71
5K4W6rqBFWDnAN6FQUkS6x,"chicago rap, hip hop, rap",88
7FBcuc1gsnv6Y1nwFtNRCb,"emo, modern rock, pop punk, pov: indie, rock",74
2pAWfrd7WFF3XhVt9GooDL,"alternative hip hop, east coast hip hop, hip hop, instrumental hip hop",73
37394IP6uhnjIpsawpMu4l,"alternative metal, boston metal, melodic metalcore, metalcore, nu metal, post-grunge",60
1Y8cdNmUJH7yBTd9yOvr5i,"dance pop, girl group, pop, r&b, urban contemporary",68
3JFsVIxOn7STeilPICkkB2,"alternative metal, groove metal, hard rock, melodic metalcore, metal, nu metal, virginia metal",61
1Y8cdNmUJH7yBTd9yOvr5i,"dance pop, girl group, pop, r&b, urban contemporary",68
4aSEmLLxLX9wR5aLMllOKj,,44
56dO9zeHKuU5Gvfc2kxHNw,"alternative metal, christian rock, nu metal, post-grunge",61
3ipn9JLAPI5GUEo4y4jcoi,"atl hip hop, dance pop, dirty south rap, hip hop, old school atlanta hip hop, pop rap, rap, southern hip hop, trap",73
7dGJo4pcD2V6oG8kP0tJRR,"detroit hip hop, hip hop, rap",87
59wfkuBoNyhDMQGCljbUbA,"dance pop, east coast hip hop, hip hop, hip pop, pop rap, rap, trap",71
1Xfmvd48oOhEWkscWyEbh9,"hip pop, r&b, southern hip hop, trap, urban contemporary",63
2aoFQUeHD1U7pL098lRsDU,"abstract hip hop, alternative hip hop, hip hop, psychedelic hip hop",62
2KNDYRKdCzuKzCCUyjAcF4,chicano rap,48
6DoH7ywD5BcQvjloe9OcIj,"acoustic pop, indie folk, neo mellow, stomp and holler",61
55Aa2cqylxrFIXC767Z865,"hip hop, new orleans rap, pop rap, rap, trap",83
5YNi3BopLa4XtYRtzML80L,"banda, musica mexicana, musica sonorense, norteno",62
0rFHElzeddB9ymDjgpBENX,japanese alternative pop,62
4VMYDCV2IEDYJArk749S6m,"latin hip hop, reggaeton, trap latino, urbano latino",83
3nJWBJvK7uGvfp4iZh9CkN,"canadian ccm, christian alternative rock, christian punk, pop punk",51
2OpHxx1SArSMlBrIMM0aV9,reggae rock,45
5sm0jQ1mq0dusiLtDJ2b4R,"dutch house, edm, electro house, house, pop dance, progressive electro house, progressive house",61
4DWX7u8BV0vZIQSpJQQDWU,"alternative metal, nu metal, post-grunge",58
4wLXwxDeWQ8mtUIRPxGiD6,"latin pop, modern salsa, salsa, tropical",73
3RNrq3jvMZxD9ZyoOZbQOD,"alternative metal, funk metal, hard rock, nu metal, post-grunge, rap metal, rock",73
2p4FqHnazRucYQHyDCdBrJ,"canadian pop punk, canadian punk, canadian rock, modern rock, neon pop punk, pop punk, pop rock",65
0IdYRFTswLdsGwSnzOaGNF,"contemporary country, country, country dawn, country road",51
7dGJo4pcD2V6oG8kP0tJRR,"detroit hip hop, hip hop, rap",87
7FBcuc1gsnv6Y1nwFtNRCb,"emo, modern rock, pop punk, pov: indie, rock",74
2gBjLmx6zQnFGQJCAQpRgw,"dance pop, gangster rap, hip hop, pop rap, rap, st louis rap, urban contemporary",71
2BvzbqWWwLN11XGBYgDZzx,"bronx hip hop, dirty south rap, hardcore hip hop, hip pop, southern hip hop",48
3qbnxnvUqR14MJ9g8QwZJK,"contemporary country, country, country road",55
7CHilrn81OdYjkh4uSVnYM,"alternative metal, alternative rock, glam metal, grunge, hard rock, nu metal, post-grunge, rock, supergroup",51
05fG473iIaoy82BF1aGhL8,"alternative metal, nu metal, rap metal, rock",75
2aoFQUeHD1U7pL098lRsDU,"abstract hip hop, alternative hip hop, hip hop, psychedelic hip hop",62
7nzSoJISlVJsn7O0yTeMOB,"anime, anime score, japanese classical, japanese soundtrack, orchestral soundtrack",67
59Ih0XIAzMXq7Yf9ny3u5t,"banda, musica mexicana, norteno",62
0p4nmQO2msCgU4IF37Wi3j,"canadian pop, candy pop, dance pop, pop",72
4IRgZYuKlqlD3BCEhb52ne,ranchera,51
59Ih0XIAzMXq7Yf9ny3u5t,"banda, musica mexicana, norteno",62
5xuNBZoM7z1Vv8IQ6uM0p6,"dance pop, pop, post-teen pop",58
7FBcuc1gsnv6Y1nwFtNRCb,"emo, modern rock, pop punk, pov: indie, rock",74
3GzWhE2xadJiW8MqRKIVSK,"christian metal, christian metalcore, melodic metalcore, metalcore, pop punk, post-hardcore, screamo, tampa indie",52
5K4W6rqBFWDnAN6FQUkS6x,"chicago rap, hip hop, rap",88
6Wr3hh341P84m3EI8qdn9O,"alternative metal, chicago hardcore, chicago punk, hardcore punk, modern rock, post-grunge, punk",68
0UWZUmn7sybxMCqrw9tGa7,"colombian pop, latin pop, mexican pop, rock en espanol",73
2pAWfrd7WFF3XhVt9GooDL,"alternative hip hop, east coast hip hop, hip hop, instrumental hip hop",73
0r8toju2ecKaVtItkzAnNi,"latin arena pop, latin pop, mexican pop",61
24XtlMhEMNdi822vi0MhY1,"emo, neon pop punk, pop punk, post-hardcore, screamo",60
0qT79UgT5tY4yudH9VfsdT,"alternative metal, canadian pop punk, canadian punk, modern rock, nu metal, pop punk, post-grunge, punk, rock",69
2BQVRw9md4UKcGUrDXABCD,"arkansas country, contemporary country, country, country road",54
55VydwMyCuGcavwPuhutPL,"alternative metal, neon pop punk, pop emo, post-grunge, post-hardcore, screamo",59
1020a42xVklY6c56imNcaa,"alternative hip hop, detroit hip hop, hardcore hip hop, hip hop",51
0a1gHP0HAqALbEyxaD5Ngn,"contemporary country, country, country road, modern country rock",65
4M5nCE77Qaxayuhp3fVn4V,"acoustic pop, chamber pop, indie folk, indie rock, stomp and holler",60
23zg3TcAtWQy7J6upgbUnj,"atl hip hop, contemporary r&b, dance pop, pop, r&b, rap, south carolina hip hop, urban contemporary",77
07PdYoE4jVRF6Ut40GgVSP,"latin hip hop, mexican hip hop",74
2VYQTNDsvvKN9wmU5W7xpj,"alternative metal, hard rock, industrial, industrial metal, industrial rock, nu metal, post-grunge, rock",67
2uFUBdaVGtyMqckSeCl0Qj,"compositional ambient, neo-classical",75
2aoFQUeHD1U7pL098lRsDU,"abstract hip hop, alternative hip hop, hip hop, psychedelic hip hop",62
03Yb3iBy9GCifXiATEFcit,"banda, latin talent show, mariachi, musica mexicana, ranchera",67
2aoFQUeHD1U7pL098lRsDU,"abstract hip hop, alternative hip hop, hip hop, psychedelic hip hop",62
6DoH7ywD5BcQvjloe9OcIj,"acoustic pop, indie folk, neo mellow, stomp and holler",61
3BmGtnKgCSGYIUhmivXKWX,"dance pop, pop, talent show",72
7cjh6y0V9SsyCrWSXTzwOs,latin pop,70
7oPftvlwr6VrsViSDV7fJY,"modern rock, permanent wave, punk, rock",78
41Q0HrwWBtuUkJc7C1Rp6K,"alternative metal, alternative rock, funk metal, funk rock, nu metal, pop rock, rap rock, reggae fusion",58
33ScadVnbm2X8kkUqOkC6Z,"latin hip hop, puerto rican pop, reggaeton, trap latino, urbano latino",79
4wLXwxDeWQ8mtUIRPxGiD6,"latin pop, modern salsa, salsa, tropical",73
0TnOYISbd1XYRBk9myaseg,"dance pop, miami hip hop, pop",80
5K4W6rqBFWDnAN6FQUkS6x,"chicago rap, hip hop, rap",88
7o95ZoZt5ZYn31e9z1Hc0a,"dance pop, pop, post-teen pop",63
1GaBsp1ICIp1e6udgE7fba,"soca, vincy soca",55
1456WwI15Lm9CktCzkLZvm,"contemporary country, country, country road",39
5K4W6rqBFWDnAN6FQUkS6x,"chicago rap, hip hop, rap",88
56dO9zeHKuU5Gvfc2kxHNw,"alternative metal, christian rock, nu metal, post-grunge",61
4yiQZ8tQPux8cPriYMWUFP,"dance pop, pop",70
2aoFQUeHD1U7pL098lRsDU,"abstract hip hop, alternative hip hop, hip hop, psychedelic hip hop",62
5K4W6rqBFWDnAN6FQUkS6x,"chicago rap, hip hop, rap",88
3ipn9JLAPI5GUEo4y4jcoi,"atl hip hop, dance pop, dirty south rap, hip hop, old school atlanta hip hop, pop rap, rap, southern hip hop, trap",73
6Wr3hh341P84m3EI8qdn9O,"alternative metal, chicago hardcore, chicago punk, hardcore punk, modern rock, post-grunge, punk",68
7nzSoJISlVJsn7O0yTeMOB,"anime, anime score, japanese classical, japanese soundtrack, orchestral soundtrack",67
1Y8cdNmUJH7yBTd9yOvr5i,"dance pop, girl group, pop, r&b, urban contemporary",68
33C3ByGk9NCrjTIXr6npqf,"contemporary r&b, dirty south rap, hip pop, r&b, urban contemporary",43
12Chz98pHFMPJEknJQMWvI,"alternative rock, modern rock, permanent wave, rock",72
3kjuyTCjPG1WMFCiyc5IuB,"alternative rock, baroque pop, canadian indie, chamber pop, indie rock, indietronica, modern rock, permanent wave, quebec indie, rock",62
3nFkdlSjzX9mRTtwJOzDYB,"east coast hip hop, gangster rap, hip hop, pop rap, rap",81
4wLXwxDeWQ8mtUIRPxGiD6,"latin pop, modern salsa, salsa, tropical",73
6AVLthptCPhfrxlHadOBJD,"hip pop, neo soul, quiet storm, r&b, urban contemporary",54
2pAWfrd7WFF3XhVt9GooDL,"alternative hip hop, east coast hip hop, hip hop, instrumental hip hop",73
1Dvfqq39HxvCJ3GvfeIFuT,"alternative metal, atlanta metal, metal, nu metal, progressive groove metal, progressive sludge, sludge metal, stoner metal, stoner rock",55
3GjVVVcFmUgEJEAAsbGkf4,"duluth indie, indie folk, jam band, new americana, progressive bluegrass, stomp and holler",52
51l0uqRxGaczYr4271pVIC,"album rock, jangle pop, new romantic, new wave, new wave pop, paisley underground, soft rock",60
53A0W3U0s8diEn9RhXQhVz,"neo mellow, piano rock, pop rock",70
3grHWM9bx2E9vwJCdlRv9O,"contemporary country, country, country road, modern country rock",67
0C0XlULifJtAgn6ZNCW2eu,"alternative rock, dance rock, modern rock, permanent wave, rock",74
4hqDqHtBlgxXpLXVYf7c8L,"dance pop, post-teen pop",44
1TCSet7pGZCDkcXCOzH359,"chilena, duranguense, musica mexicana",58
1VGRi6hlsYcOhKut02Tqkt,classic texas country,43
4lxfqrEsLX6N1N4OCSkILp,"rock drums, soft rock",73
1y20PpXw0yeuJ1avCD0Ob9,,47
17XxPdvl2MD39MnT9zhNjU,latin christian,52
05fG473iIaoy82BF1aGhL8,"alternative metal, nu metal, rap metal, rock",75
4ghjRm4M2vChDfTUycx0Ce,"easycore, neon pop punk, pop punk",55
4Ws2otunReOa6BbwxxpCt6,"edm, electro house, pop dance",64
1P8IfcNKwrkQP5xJWuhaOC,"east coast hip hop, golden age hip hop, hip hop, old school hip hop, queens hip hop, rap",59
7oPftvlwr6VrsViSDV7fJY,"modern rock, permanent wave, punk, rock",78
59Ih0XIAzMXq7Yf9ny3u5t,"banda, musica mexicana, norteno",62
3JFsVIxOn7STeilPICkkB2,"alternative metal, groove metal, hard rock, melodic metalcore, metal, nu metal, virginia metal",61
3GjVVVcFmUgEJEAAsbGkf4,"duluth indie, indie folk, jam band, new americana, progressive bluegrass, stomp and holler",52
5YNi3BopLa4XtYRtzML80L,"banda, musica mexicana, musica sonorense, norteno",62
4pr7J7wzgObkE3DD3Izi7q,"crunk, dirty south rap, nashville hip hop",56
05sIdEkXAYDbDDdv3T56Oj,"brill building pop, classic girl group, doo-wop, rock-and-roll",46
5ND0mGcL9SKSjWIjPd0xIb,"neon pop punk, pop punk, pop rock, texas pop punk",58
7CHilrn81OdYjkh4uSVnYM,"alternative metal, alternative rock, glam metal, grunge, hard rock, nu metal, post-grunge, rock, supergroup",51
5K4W6rqBFWDnAN6FQUkS6x,"chicago rap, hip hop, rap",88
4vOycwLXdkMMzpZW04VW5m,"salsa, salsa puertorriquena, tropical",57
6vbY3hOaCAhC7VjucswgdS,"chicago rap, dirty south rap, gangster rap, trap",63
6P7kkhED6EPrfoZuxz20Fo,"australian alternative rock, australian rock",50
0EodhzA6yW1bIdD5B4tcmJ,"adult standards, easy listening, lounge, rock-and-roll, vocal jazz",58
2pAWfrd7WFF3XhVt9GooDL,"alternative hip hop, east coast hip hop, hip hop, instrumental hip hop",73
23zg3TcAtWQy7J6upgbUnj,"atl hip hop, contemporary r&b, dance pop, pop, r&b, rap, south carolina hip hop, urban contemporary",77
1yAwtBaoHLEDWAnWR87hBT,"alternative rock, chamber pop, indie rock, indietronica, modern rock, washington indie",61
2KNDYRKdCzuKzCCUyjAcF4,chicano rap,48
7FBcuc1gsnv6Y1nwFtNRCb,"emo, modern rock, pop punk, pov: indie, rock",74
0UWZUmn7sybxMCqrw9tGa7,"colombian pop, latin pop, mexican pop, rock en espanol",73
68xJjwAFcVSDmF9vTlnqi8,children's folk,43
0u2FHSq3ln94y5Q57xazwf,"australian country, australian pop, contemporary country, country, country road, modern country rock",66
0rFHElzeddB9ymDjgpBENX,japanese alternative pop,62
4MXUO7sVCaFgFjoTI5ox5c,"art pop, baroque pop, chamber pop, indie pop, indie rock, singer-songwriter",69
6rJqqRce0Kvo2dJUXoHleC,"contemporary country, country, country road, country rock",61
5me0Irg2ANcsgc93uaYrpb,"east coast hip hop, gangster rap, hardcore hip hop, hip hop, rap",74
7dGJo4pcD2V6oG8kP0tJRR,"detroit hip hop, hip hop, rap",87
59xlizZFIFUvLC0I8iV2Jv,"musica chihuahuense, musica mexicana, norteno, norteno-sax",60
7iMvwE8qANp3aIfAGKEAwS,"battle rap, east coast hip hop, harlem hip hop, southern hip hop",56
5e4Dhzv426EvQe3aDb64jL,"canadian country, canadian pop, contemporary country, country, country dawn",70
1GaBsp1ICIp1e6udgE7fba,"soca, vincy soca",55
05sIdEkXAYDbDDdv3T56Oj,"brill building pop, classic girl group, doo-wop, rock-and-roll",46
6wWVKhxIU2cEi0K81v7HvP,"german metal, industrial, industrial metal, industrial rock, neue deutsche harte",76
3oDbviiivRWhXwIE8hxkVV,"baroque pop, classic rock, folk rock, mellow gold, psychedelic rock, rock, sunshine pop",68
5WUlDfRSoLAfcVSX1WnrxN,"australian dance, australian pop, pop",81
55VydwMyCuGcavwPuhutPL,"alternative metal, neon pop punk, pop emo, post-grunge, post-hardcore, screamo",59
1TCSet7pGZCDkcXCOzH359,"chilena, duranguense, musica mexicana",58
03Yb3iBy9GCifXiATEFcit,"banda, latin talent show, mariachi, musica mexicana, ranchera",67
77Gf2HJPvVREGVNEV8goPZ,"banda, musica mexicana, norteno",58
7mPcfx7PhnBh6n4HMCd61A,"contemporary country, country, country road",56
1yAwtBaoHLEDWAnWR87hBT,"alternative rock, chamber pop, indie rock, indietronica, modern rock, washington indie",61
5e1BZulIiYWPRm8yogwUYH,"canadian indie, lilith, metropopolis, permanent wave",53
3MKwHkhEjcvzva2rasZeWD,"motown, rhythm and blues, southern soul",42
0hF0PwB04hnXfYMiZWfJzy,"classic soul, motown, soul, southern soul",43
4TK1gDgb7QKoPFlzRrBRgR,"argentine rock, latin alternative, latin pop, latin rock, mexican pop, rock en espanol, ska argentino",69
44WCHvwXBOMz6nm7Mu2ReO,"banda, grupera, gruperas inmortales, grupero romantico, musica mexicana, norteno",67
6cXMpsP9x0SH4kFfMyVezF,operatic pop,58
77Gf2HJPvVREGVNEV8goPZ,"banda, musica mexicana, norteno",58
0ZCO8oVkMj897cKgFH7fRW,"gruperas inmortales, musica mexicana, nu-cumbia, ranchera, tropical",74
1ZwdS5xdxEREPySFridCfh,"g funk, gangster rap, hip hop, rap, west coast rap",77
51l0uqRxGaczYr4271pVIC,"album rock, jangle pop, new romantic, new wave, new wave pop, paisley underground, soft rock",60
1Y8cdNmUJH7yBTd9yOvr5i,"dance pop, girl group, pop, r&b, urban contemporary",68
3YbOSxo85kla7RID8ugnW3,"grupera, musica mexicana, ranchera",74
6qhOH2mrlqUDod9sWA5kR2,"bolero, cancion melodica, latin pop, ranchera",67
0le01dl1WllSHhjEXRl4in,"canadian pop, contemporary r&b, hip pop, r&b, urban contemporary",58
51Blml2LZPmy7TTiAg47vQ,"irish rock, permanent wave, rock",75
0IfkFoyLbsgahVvNfPnV2y,"ambient, compositional ambient, drone, nu age, pop ambient",50
4N5fp4zhTsVITZTVfsXpc2,"latin pop, modern salsa, salsa, salsa peruana, salsa puertorriquena, tropical",61
3kjuyTCjPG1WMFCiyc5IuB,"alternative rock, baroque pop, canadian indie, chamber pop, indie rock, indietronica, modern rock, permanent wave, quebec indie, rock",62
23zg3TcAtWQy7J6upgbUnj,"atl hip hop, contemporary r&b, dance pop, pop, r&b, rap, south carolina hip hop, urban contemporary",77
3mQBpAOMWYqAZyxtyeo4Lo,"disco, mellow gold, new wave pop, soft rock, soul",62
3jahzTuztFVegfKXChatkY,"atl hip hop, crunk, dirty south rap, old school atlanta hip hop",41
4IR8ZkpbyyKrqsIzchF3NB,"alternative metal, nu metal, post-grunge",55
6eeYhqOX2cpsiHY6gVuvPA,"alternative metal, industrial metal, nu metal",41
5Qi4Bb7a8C0a00NZcA77L0,"detroit hip hop, gangster rap, hip hop",62
7FBcuc1gsnv6Y1nwFtNRCb,"emo, modern rock, pop punk, pov: indie, rock",74
7cjh6y0V9SsyCrWSXTzwOs,latin pop,70
2e4nwiX8ZCU09LGLOpeqTH,"europop, italian adult pop, latin arena pop, mexican pop",68
3nlpTZci9O5W8RsNoNH559,"bachata, latin pop, tropical",73
7FBcuc1gsnv6Y1nwFtNRCb,"emo, modern rock, pop punk, pov: indie, rock",74
0EodhzA6yW1bIdD5B4tcmJ,"adult standards, easy listening, lounge, rock-and-roll, vocal jazz",58
12FHARd9fY0Tu0ila4Ua25,"crunk, dirty south rap, miami hip hop, southern hip hop",54
7xAcVHPiirnUqfdqo0USb1,"contemporary r&b, hip pop, r&b, urban contemporary",54
3Y10boYzeuFCJ4Qgp53w6o,"dance pop, dance rock, strut",57
7cjh6y0V9SsyCrWSXTzwOs,latin pop,70
2IAZ2xX1Ovh5jxhBWE7wda,neo mellow,53
3vDUJHQtqT3jFRZ2ECXDTi,"detroit hip hop, gangster rap, hardcore hip hop, hip hop, pop rap, queens hip hop, rap, trap",60
07PdYoE4jVRF6Ut40GgVSP,"latin hip hop, mexican hip hop",74
0qT79UgT5tY4yudH9VfsdT,"alternative metal, canadian pop punk, canadian punk, modern rock, nu metal, pop punk, post-grunge, punk, rock",69
1YK8JdPbiaMSnf4hrlBkGT,"reggae fusion, reggae rock",51
7FBcuc1gsnv6Y1nwFtNRCb,"emo, modern rock, pop punk, pov: indie, rock",74
0rG0AZBscc8S8q1ahIsasI,"bounce, crunk, dirty south rap, new orleans rap, southern hip hop, trap",56
3vDUJHQtqT3jFRZ2ECXDTi,"detroit hip hop, gangster rap, hardcore hip hop, hip hop, pop rap, queens hip hop, rap, trap",60
78sEozQOEJxzXegUuqRSgH,"classical, classical performance, israeli classical piano",61
4NEYQeEYBUjfaXgDQGvFvu,"latin arena pop, latin pop",65
32lXHXuhXtdA2j3IDXNND4,"banda, banda jalisciense, musica mexicana, norteno",63
7cjh6y0V9SsyCrWSXTzwOs,latin pop,70
7hJcb9fa4alzcOq3EaNPoG,"g funk, gangster rap, hip hop, pop rap, rap, west coast rap",79
4IR8ZkpbyyKrqsIzchF3NB,"alternative metal, nu metal, post-grunge",55
0qT79UgT5tY4yudH9VfsdT,"alternative metal, canadian pop punk, canadian punk, modern rock, nu metal, pop punk, post-grunge, punk, rock",69
3nFkdlSjzX9mRTtwJOzDYB,"east coast hip hop, gangster rap, hip hop, pop rap, rap",81
5e4Dhzv426EvQe3aDb64jL,"canadian country, canadian pop, contemporary country, country, country dawn",70
6Epdio7Ic0zhZkhXHFc8qa,,46
3GzWhE2xadJiW8MqRKIVSK,"christian metal, christian metalcore, melodic metalcore, metalcore, pop punk, post-hardcore, screamo, tampa indie",52
5yCd7bxcAc3MdQ1h54ESsD,,39
3ipn9JLAPI5GUEo4y4jcoi,"atl hip hop, dance pop, dirty south rap, hip hop, old school atlanta hip hop, pop rap, rap, southern hip hop, trap",73
126FigDBtqwS2YsOYMTPQe,"dayton indie, neon pop punk, pop punk, screamo",50
5BtHciL0e0zOP7prIHn3pP,"alternative metal, nu metal, post-grunge",67
24z2EWgF5nVUKnbJHd9ku2,"cumbia sonorense, musica sonorense, tecnobanda, tejano",65
7FBcuc1gsnv6Y1nwFtNRCb,"emo, modern rock, pop punk, pov: indie, rock",74
2Tkg8omOIsTL617yXVt26e,"christian alternative rock, christian rock",41
43qxAkuKFB6fMNSeS5dO7Z,"grupera, mexican pop, musica mexicana",61
2Kx7MNY7cI1ENniW7vT30N,"contemporary vocal jazz, jazz pop, neo mellow, vocal jazz",69
1EmxvwBQjmCB7e3dOVincQ,,47
5sm0jQ1mq0dusiLtDJ2b4R,"dutch house, edm, electro house, house, pop dance, progressive electro house, progressive house",61
3mQBpAOMWYqAZyxtyeo4Lo,"disco, mellow gold, new wave pop, soft rock, soul",62
29SeiO68HQHBs7pDdWOvvX,"latin christian, rock cristiano",69
2JfVCMa3FlvQRlLT5uH9zb,vocal jazz,50
05fG473iIaoy82BF1aGhL8,"alternative metal, nu metal, rap metal, rock",75
4eAOcbAXIF4BmbN6E1QIlw,"dance pop, hip pop, r&b, urban contemporary",49
7oPftvlwr6VrsViSDV7fJY,"modern rock, permanent wave, punk, rock",78
5K4W6rqBFWDnAN6FQUkS6x,"chicago rap, hip hop, rap",88
3WaJSfKnzc65VDgmj2zU8B,"alternative dance, alternative rock, indie rock, indietronica, modern rock, rock",61
2pAWfrd7WFF3XhVt9GooDL,"alternative hip hop, east coast hip hop, hip hop, instrumental hip hop",73
7xAcVHPiirnUqfdqo0USb1,"contemporary r&b, hip pop, r&b, urban contemporary",54
1f2e3RQf7LHOum8NU61q0R,"contemporary r&b, neo soul, new jack swing, quiet storm, r&b, urban contemporary",49
3WaJSfKnzc65VDgmj2zU8B,"alternative dance, alternative rock, indie rock, indietronica, modern rock, rock",61
0hHt3MrKpVkfAcCkwQoBiE,,42
05fG473iIaoy82BF1aGhL8,"alternative metal, nu metal, rap metal, rock",75
0le01dl1WllSHhjEXRl4in,"canadian pop, contemporary r&b, hip pop, r&b, urban contemporary",58
0MK8l3nURwwQIjafvXoJJt,"anime, j-pop, j-poprock, j-rock, japanese emo, japanese pop punk",57
78sEozQOEJxzXegUuqRSgH,"classical, classical performance, israeli classical piano",61
1TCSet7pGZCDkcXCOzH359,"chilena, duranguense, musica mexicana",58
5JqX1glXPg6428ubI1w72i,"boston rock, dark cabaret, piano rock, steampunk",52
0YWxKQj2Go9CGHCp77UOyy,"gangster rap, hip hop, pop rap, rap, trap, urban contemporary",63
0h1zs4CTlU9D2QtgPxptUD,"cantautor, latin arena pop, latin pop",73
77Gf2HJPvVREGVNEV8goPZ,"banda, musica mexicana, norteno",58
4DovRSplr3yJIeE3r0RtHj,movie tunes,46
7cjh6y0V9SsyCrWSXTzwOs,latin pop,70
3ciRvbBIVz9fBoPbtSYq4x,"atl hip hop, atlanta bass, crunk, dirty south rap, old school atlanta hip hop, southern hip hop",60
7nzSoJISlVJsn7O0yTeMOB,"anime, anime score, japanese classical, japanese soundtrack, orchestral soundtrack",67
3nJWBJvK7uGvfp4iZh9CkN,"canadian ccm, christian alternative rock, christian punk, pop punk",51
5K4W6rqBFWDnAN6FQUkS6x,"chicago rap, hip hop, rap",88
2Kx7MNY7cI1ENniW7vT30N,"contemporary vocal jazz, jazz pop, neo mellow, vocal jazz",69
