album_id,album_genres,album_release_date,album_popularity
4piJq7R3gjUOxnYs6lDCTg,,2004,80
4Uv86qWpGTxf7fU7lG5X6F,,2004-02-10,79
1RM6MGv6bcl6NrAG8PGoZk,,2004-03-23,79
1kTlYbs28MXw7hwO0NLYif,,2004-11-12,80
0qsT8HLvlWaSWIq8Rc95BI,,2004-01-01,68
5dN7F9DV0Qg1XRdIgW8rke,,2004-09-21,78
1UcS2nqUhxrZjrBZ3tHk2N,,2004-11-16,75
4piJq7R3gjUOxnYs6lDCTg,,2004,80
5gDAEao3VxFdbm8vS0koQq,,2004-01-17,69
0TGTGuc2vXv6ZECoAf52N0,,2004-04-05,66
4ZDBQSIDIZRUBOG2OHcN3T,,2004,76
1RM6MGv6bcl6NrAG8PGoZk,,2004-03-23,79
0vi5ePiEHrGZJF7QhnDW2z,,2004-02-16,71
4pLuE50wL9T26lSv42X0J2,,2004-07-13,79
4Uv86qWpGTxf7fU7lG5X6F,,2004-02-10,79
3DuiGV3J09SUhvp8gqNx8h,,2004-06-08,76
71gUhKYZIWmmjqAHlY4Br3,,2004-09-27,69
1namjaJZ23ozXXB7X2d4hy,,2004-04-13,65
3Lqn8M0QxPLIPRJ4nUKTGN,,2004-11-23,68
18fOLsMG8Msf1DEaW0E71K,,2004-01-01,62
0mX8aXMM7nYOGUTGcTEeZH,,2004-04-20,63
1UcS2nqUhxrZjrBZ3tHk2N,,2004-11-16,75
3DuiGV3J09SUhvp8gqNx8h,,2004-06-08,76
4pLuE50wL9T26lSv42X0J2,,2004-07-13,79
3PEzTAuPW5IjLJ58FzwQeL,,2004-08-30,69
2R7G5Z0RWWZU1V731JZG68,,2004,59
4Uv86qWpGTxf7fU7lG5X6F,,2004-02-10,79
5dN7F9DV0Qg1XRdIgW8rke,,2004-09-21,78
4ZDBQSIDIZRUBOG2OHcN3T,,2004,76
43jBR9MNJk5AUuB56M0pRF,,2004,62
797fkvAtk0iZvP1HHPCWbp,,2004-01-01,68
4lhyg7YGQagE8FT8cZBqyw,,2004-11-30,69
2aItcV9jj0LvaluaDFTLqF,,2004-05-04,70
25wlsi7SWD8mFKxaEWGYuL,,2004-01-01,61
61EgDesQnFVyYf2UneM9PQ,,2004-01-01,66
7EXstuWka51pNFzEAidEol,,2004-09-21,64
4qqrq2LYJYvKOV5Xrcajvp,,2004-12-06,58
0os1Gz3XMM6dduZSMxVuXs,,2004-08-17,59
4piJq7R3gjUOxnYs6lDCTg,,2004,80
4xQejXoQU4fUulNSM4piQ2,,2004-08-31,61
0wdleLMeNmGUHChsmx9svt,,2004-03-02,61
1UcS2nqUhxrZjrBZ3tHk2N,,2004-11-16,75
19bQiwEKhXUBJWY6oV3KZk,,2004-03-24,73
4Uv86qWpGTxf7fU7lG5X6F,,2004-02-10,79
5NH87jdrVjOHt8gDMHT1Wy,,2004-01-01,61
1RM6MGv6bcl6NrAG8PGoZk,,2004-03-23,79
1mMgrxFYBUMKANGbapmXxi,,2004-01-01,61
0QM5DL8C9uOYI2hGKbLUq8,,2004-05-10,59
1RM6MGv6bcl6NrAG8PGoZk,,2004-03-23,79
71gUhKYZIWmmjqAHlY4Br3,,2004-09-27,69
0hk2hXNB5d65F400dhcdcV,,2004-11-16,60
7tbgPQub8dUigxMdkYDfOb,,2004-01-27,58
5gDAEao3VxFdbm8vS0koQq,,2004-01-17,69
052CF6cpp0nAH67yuUrIp7,,2004-01-22,61
3Lqn8M0QxPLIPRJ4nUKTGN,,2004-11-23,68
70NalxU5fQaMxOpe0T69Ob,,2004-04-27,55
1zwEN9cLtWg39zFJnj8brt,,2004-12-10,65
1namjaJZ23ozXXB7X2d4hy,,2004-04-13,65
6ypfxw9fHuwow6dkcA4y1z,,2004-06-08,57
2gidE8vgVOkYufANjuvj3S,,2004-01-01,61
0OsjlbBaSZFbZnXGAUysMG,,2004-06-08,59
3DuiGV3J09SUhvp8gqNx8h,,2004-06-08,76
4yTlfDLsW1dK2kG1qoNsrv,,2004,55
5dN7F9DV0Qg1XRdIgW8rke,,2004-09-21,78
0Sv18KP8WCk1eHGnhJqTrb,,2004-01-27,66
19bQiwEKhXUBJWY6oV3KZk,,2004-03-24,73
1oFucub5OjyG4XPsDUzhil,,2004-11-28,59
1RM6MGv6bcl6NrAG8PGoZk,,2004-03-23,79
3Lqn8M0QxPLIPRJ4nUKTGN,,2004-11-23,68
19bQiwEKhXUBJWY6oV3KZk,,2004-03-24,73
4pLuE50wL9T26lSv42X0J2,,2004-07-13,79
2Ve8rF1LYTRGl3ZAI2z2YT,,2004-10-26,57
5gDAEao3VxFdbm8vS0koQq,,2004-01-17,69
7GaAXgbFSpcJOiLlFGYyOL,,2004-01-01,69
5pCXe1ZrHEUZeYhMCe0pLX,,2004-04-13,57
5OYkhSnpSoztkCKind5tap,,2004-05-11,58
052CF6cpp0nAH67yuUrIp7,,2004-01-22,61
4piJq7R3gjUOxnYs6lDCTg,,2004,80
71oM4BPgOOgdwTYJeUPush,,2004-01-17,56
3DuiGV3J09SUhvp8gqNx8h,,2004-06-08,76
71gUhKYZIWmmjqAHlY4Br3,,2004-09-27,69
09stXr7AeoB1PsE3RpMpyU,,2004-07-13,53
4Uv86qWpGTxf7fU7lG5X6F,,2004-02-10,79
6Dx1pg8UVVauDZajxg62RA,,2004-10-26,53
39FF5RewRO5F3OoNlWSQik,,2004-01-01,60
7bt2aty3lUo6Q1Ud8pthRz,,2004-01-01,58
1MTvtQtk1V2gqCNxnu5cNA,,2004-09-01,70
548NoYLgqSBDTNIYvlpDu5,,2004-03-30,55
1kTlYbs28MXw7hwO0NLYif,,2004-11-12,80
2HbvQeJXke68tjwOcsj8ne,,2004-01-01,72
0HcHPBu9aaF1MxOiZmUQTl,,2004-03-23,69
25wlsi7SWD8mFKxaEWGYuL,,2004-01-01,61
2DQHgaOMVOs2OKLaksiMx9,,2004-08-15,60
5VcOoSq5hMQb3bNa0sBKOe,,2004-10-26,64
4BI3oXrWF0YvtWpfYWUxeX,,2004-04-28,68
6yITsogKnqqWkEKqODSrDG,,2004-05-18,53
4Uv86qWpGTxf7fU7lG5X6F,,2004-02-10,79
3BLkomoXh6O4Sp2m9z4tiY,,2004-09-14,69
1kTlYbs28MXw7hwO0NLYif,,2004-11-12,80
1kTlYbs28MXw7hwO0NLYif,,2004-11-12,80
3Lqn8M0QxPLIPRJ4nUKTGN,,2004-11-23,68
4hUCtGcc0hRYXFhKSETlll,,2004-11-15,58
2OFkUKYNNFQ74kJOSc9gzz,,2004-09-27,62
3Lqn8M0QxPLIPRJ4nUKTGN,,2004-11-23,68
15Zjx7K5ifTVmXa3Nk5B88,,2004-01-01,57
58EcHXCjDzwqHiXDo9523u,,2004,57
4pxfXBGEL0k61ELXiQuL7N,,2004-07-20,63
5wvatwGTc0zWIx3dBQadaj,,2004-01-01,73
46JQVqJpOg8opDLUl1qHT1,,2004-03-09,68
4Uv86qWpGTxf7fU7lG5X6F,,2004-02-10,79
3DuiGV3J09SUhvp8gqNx8h,,2004-06-08,76
1AJtMVPbKTiw7OHOa9oVCx,,2004-03-23,57
6NrMjaGIZAKZLMzVnkNY4V,,2004-05-03,56
0b6ivSFfDs38MG7aLn9rvO,,2004-11-16,61
3ffdUrEvCQJX6mn2ZTq93m,,2004-08-31,62
0b6ivSFfDs38MG7aLn9rvO,,2004-11-16,61
6kNz22txs8mOmSxoQVPTDA,,2004-11-16,52
3zuIMH8P0GKtV5LR6zwGLB,,2004-09-21,57
1KushUovbraTDRu9sbO5fg,,2004-01-01,58
1kTlYbs28MXw7hwO0NLYif,,2004-11-12,80
46JQVqJpOg8opDLUl1qHT1,,2004-03-09,68
317R21F7calEn6gpLnHEkb,,2004-01-01,53
19bQiwEKhXUBJWY6oV3KZk,,2004-03-24,73
7wbQYeQPqFVDCir28YTlSM,,2004,56
2DQHgaOMVOs2OKLaksiMx9,,2004-08-15,60
5POcKy926GgzFHZpGptJac,,2004-01-01,55
75O9ELyZKaqQEpO6Y5EtNG,,2004-08-24,63
0gwS2D9sukMLXNvleEnYr2,,2004-02-11,62
4pLuE50wL9T26lSv42X0J2,,2004-07-13,79
4UZTjODd6CvRN1Lx8g6hBV,,2004-11-02,55
3iIUl1OTJKggsB7m8JGE11,,2004-01-01,53
7thKR3tw162CqNqIRdwZ3z,,2004-09-10,65
6hqietEuZCikevdO2oGTcx,,2004-08-10,61
4O3yvEN5II2yKWKBPtDLD7,,2004-07-27,67
1L9iPuSu8FZFaFzzqHQarF,,2004-11-16,58
7l3v1MPa9GlbxbVJmaVrVd,,2004-10-25,52
5OYkhSnpSoztkCKind5tap,,2004-05-11,58
1kTlYbs28MXw7hwO0NLYif,,2004-11-12,80
3DuiGV3J09SUhvp8gqNx8h,,2004-06-08,76
7xt2MWlSFHNP2NcHWE4W3b,,2004-09-14,57
0NTYMm0B7adXejff1phD3F,,2004-07-27,57
3ZWRZwJXoyajqbbNGmzEpY,,2004-05-13,50
64GnrmrpL1fvfF0r1AoZLB,,2004,58
4ZDBQSIDIZRUBOG2OHcN3T,,2004,76
19bQiwEKhXUBJWY6oV3KZk,,2004-03-24,73
5fqlZFKYqvkIe2jdDGt2nl,,2004-11-19,65
6TaajQPlK5bJgltZtbWxF9,,2004-01-01,65
7851Vsjv3apS52sXUik6iF,,2004,65
4vQAJUbKWHZHQJq6ip1sdG,,2004-02-20,60
6TaajQPlK5bJgltZtbWxF9,,2004-01-01,65
1UIesw6QSRT3VrFN36hwgp,,2004-06-22,60
3DuiGV3J09SUhvp8gqNx8h,,2004-06-08,76
5GeXnKDk6sD6RnkPVwFi19,,2004-01-01,57
4Uv86qWpGTxf7fU7lG5X6F,,2004-02-10,79
1vHYkIhnwbpzrC3hGguDN6,,2004-01-01,56
2HbvQeJXke68tjwOcsj8ne,,2004-01-01,72
1UcS2nqUhxrZjrBZ3tHk2N,,2004-11-16,75
1RaOKsaRdN1H4twh4u6FUd,,2004-01-01,62
6D1rTYBev0y8ZKE5tD7OP9,,2004-07-27,55
1aG8QbhABVtVxNlAkk8VBW,,2004-10-12,65
7tSd0AJFyjO92jEw4r1J8r,,2004-03-30,48
10Mw53MGdbK8KjIhBM0Wx2,,2004-09-27,56
2mpzeA7pHNIDAPii4EEKsB,,2004-01-01,52
5NH87jdrVjOHt8gDMHT1Wy,,2004-01-01,61
169vCBCFaW2na816P8Ir7m,,2004-03-23,56
1RM6MGv6bcl6NrAG8PGoZk,,2004-03-23,79
54AKlknAxFRfXDXtwiAhRa,,2004-12-06,66
7fmOTYDQn9DIXCy1YDrl4S,,2004-01-01,55
0Ryad9M1b1MxSjgXdHCh1c,,2004-01-01,68
19bQiwEKhXUBJWY6oV3KZk,,2004-03-24,73
1i8KV89uJq08T3MTNEELgL,,2004-02-20,64
19bQiwEKhXUBJWY6oV3KZk,,2004-03-24,73
2DQHgaOMVOs2OKLaksiMx9,,2004-08-15,60
5gDAEao3VxFdbm8vS0koQq,,2004-01-17,69
5wvatwGTc0zWIx3dBQadaj,,2004-01-01,73
5dN7F9DV0Qg1XRdIgW8rke,,2004-09-21,78
0OsjlbBaSZFbZnXGAUysMG,,2004-06-08,59
0hFZpkgYSp761ZOM2EOZWQ,,2004,47
4O3yvEN5II2yKWKBPtDLD7,,2004-07-27,67
76N6imyjQ9h5p2NzakHT32,,2004-08-03,55
4Uv86qWpGTxf7fU7lG5X6F,,2004-02-10,79
3PEzTAuPW5IjLJ58FzwQeL,,2004-08-30,69
0OWwtYwEZFMquSeHGNv3cw,,2004-03-30,59
1V4qP0BJJBZsY2LOkcfwE0,,2004-01-01,49
4Uv86qWpGTxf7fU7lG5X6F,,2004-02-10,79
3zuIMH8P0GKtV5LR6zwGLB,,2004-09-21,57
3Lqn8M0QxPLIPRJ4nUKTGN,,2004-11-23,68
19bQiwEKhXUBJWY6oV3KZk,,2004-03-24,73
4Uv86qWpGTxf7fU7lG5X6F,,2004-02-10,79
1KushUovbraTDRu9sbO5fg,,2004-01-01,58
1vHYkIhnwbpzrC3hGguDN6,,2004-01-01,56
5fqlZFKYqvkIe2jdDGt2nl,,2004-11-19,65
0b6ivSFfDs38MG7aLn9rvO,,2004-11-16,61
4oqN5rLI1MdqAftbHnskYp,,2004-08-17,50
0HcHPBu9aaF1MxOiZmUQTl,,2004-03-23,69
6ZB8qaR9JNuS0Q0bG1nbcH,,2004-06-16,61
5NH94cATqx5fjBE794xZLy,,2004-11-30,63
4O3yvEN5II2yKWKBPtDLD7,,2004-07-27,67
21JbNB7qmJoOr03sM9dMeR,,2004-08-31,49
1UcS2nqUhxrZjrBZ3tHk2N,,2004-11-16,75
6khFoLWnJZDQvZ7Pijym3b,,2004-08-31,56
10UpXfQVWUPHCiAhYLHOaW,,2004-10-05,54
4yaX6Gmlvo42PnGgBdhzGf,,2004,61
0qsT8HLvlWaSWIq8Rc95BI,,2004-01-01,68
052CF6cpp0nAH67yuUrIp7,,2004-01-22,61
4piJq7R3gjUOxnYs6lDCTg,,2004,80
0w11HUk0hE4WZ95Bvp6vNI,,2004-01-01,49
7Ew5ubVqMA3lQq7nOqITok,,2004-01-01,54
4vHUA1pDoYFTaxuCNOhK2z,,2004-09-21,48
7KZTL6gFUUCzNw4FfjVqCF,,2004-09-14,63
1wpdvR1qooZm5UbSohCuOx,,2004-01-23,54
5hM2RpmACzxvfD26An3E40,,2004-01-01,57
4ZDBQSIDIZRUBOG2OHcN3T,,2004,76
1Igrcji3zf5aC61saylDE1,,2004-05-18,48
6jXS5LAsZHlN8U9jMSMfFf,,2004-08-10,47
3aI9HsN4um246qpCR8r7oW,,2004-08-31,50
5Qhn2FpGWmTjCuntF09j7g,,2004-09-21,61
6TaajQPlK5bJgltZtbWxF9,,2004-01-01,65
3ffdUrEvCQJX6mn2ZTq93m,,2004-08-31,62
10UpXfQVWUPHCiAhYLHOaW,,2004-10-05,54
75O9ELyZKaqQEpO6Y5EtNG,,2004-08-24,63
1E5TJXITJtczbSYmYR9LuQ,,2004-01-01,51
1WvYZcG9v3WzzNNkwpreGq,,2004-10-02,56
43jBR9MNJk5AUuB56M0pRF,,2004,62
64GnrmrpL1fvfF0r1AoZLB,,2004,58
4Uv86qWpGTxf7fU7lG5X6F,,2004-02-10,79
3Gxrf8cYKgle42MdOOxqu8,,2004,57
6Xu470gdLgDOnFDj5qND1N,,2004-01-27,56
5WqHoLszhaCZHgtTebMx8X,,2004-03-29,57
1j4n3aUX5f8LTf7ijPnzi7,,2004-09-28,52
1UcS2nqUhxrZjrBZ3tHk2N,,2004-11-16,75
1RM6MGv6bcl6NrAG8PGoZk,,2004-03-23,79
0TGTGuc2vXv6ZECoAf52N0,,2004-04-05,66
7wbQYeQPqFVDCir28YTlSM,,2004,56
3DuiGV3J09SUhvp8gqNx8h,,2004-06-08,76
2HbvQeJXke68tjwOcsj8ne,,2004-01-01,72
4bTD53mtiKyg7wiiHaGxqa,,2004-05-11,54
2IGgtSdgps7BjyZBtJGW89,,2004-01-01,53
0gwS2D9sukMLXNvleEnYr2,,2004-02-11,62
1WZ9u1VDIih007LAC6VfpA,,2004-03-16,55
4oFLKch6Zh0YanY9Uj2s8z,,2004-10-08,54
46JQVqJpOg8opDLUl1qHT1,,2004-03-09,68
1kTlYbs28MXw7hwO0NLYif,,2004-11-12,80
2oMobAHjCHpW7yu5UuPsRS,,2004-01-01,53
4k6ci0PJUSV8CeQDTBfm44,,2004-01-01,51
02SQS3hERbgOjnZc0hmWKk,,2004-01-01,64
4SxJ71noA4wcd03JfJVkKT,,2004-03-30,54
1WvYZcG9v3WzzNNkwpreGq,,2004-10-02,56
09qHS2BgOLqi3SMkbauxdJ,,2004-09-27,58
4eKWZxl6GskSlM2u7TYOC0,,2004,49
5ywlzsK6ga8Drc8RbSI0KX,,2004-01-01,48
10Mw53MGdbK8KjIhBM0Wx2,,2004-09-27,56
7Ew5ubVqMA3lQq7nOqITok,,2004-01-01,54
1i8KV89uJq08T3MTNEELgL,,2004-02-20,64
1BnTwu2JNvBuSAWnfDwBn4,,2004-01-01,63
5ac37rWzJxLvBcXyu6ShVz,,2004-04-20,46
0TGTGuc2vXv6ZECoAf52N0,,2004-04-05,66
2yNhqBKfZPzrxRJqGMbSz9,,2004-09-14,55
0ZjG7lMUm7k920ZgEL2pmi,,2004-01-01,50
5zRvMt37YxCPddq09ivuPV,,2004-01-01,45
6zGGjiyCeY36tgNrxsFrK9,,2004-01-01,62
7rhSfLWEv7D9flp4uLF4Du,,2004-01-01,54
64jNt6b5Ds4itNEXTpk9Fk,,2004-11-02,56
1BnTwu2JNvBuSAWnfDwBn4,,2004-01-01,63
45zzHjXdJoNXKFLysKLj88,,2004-01-01,56
33lk2GnP8cJzl7cd1OJrXn,,2004-01-01,63
4yaX6Gmlvo42PnGgBdhzGf,,2004,61
0b6ivSFfDs38MG7aLn9rvO,,2004-11-16,61
3NrgJotJsmmhCUF9Fzf7AP,,2004-06-01,56
6P35diX5YBvJ8NqVwcyDxj,,2004-06-29,48
0WdxQHUdLZBGbscwYV72zM,,2004,49
5PQPur1PEZFDkI0AXbxFlB,,2004-01-01,62
71MjnFXJFBjPtTownNqOnT,,2004-04-15,59
6wx5HorxwpIFkNXsTJBvE5,,2004,56
6ZB8qaR9JNuS0Q0bG1nbcH,,2004-06-16,61
1RM6MGv6bcl6NrAG8PGoZk,,2004-03-23,79
1nxHfb1EerQyKdT1aLSXf6,,2004-10-26,51
2fDTnW5KAZZvuuguWrECbu,,2004-02-24,46
1namjaJZ23ozXXB7X2d4hy,,2004-04-13,65
0LRzUvkIwBzRFDjKCo2cfe,,2004-06-22,50
61EgDesQnFVyYf2UneM9PQ,,2004-01-01,66
3DuiGV3J09SUhvp8gqNx8h,,2004-06-08,76
5wvatwGTc0zWIx3dBQadaj,,2004-01-01,73
3erbmiWdMAOvzG7FbpZnhL,,2004-10-22,60
3bHkIxCLH1CmadBBWuRLxO,,2004-01-01,58
3DuiGV3J09SUhvp8gqNx8h,,2004-06-08,76
65okcRJHUVUrFiDG3I1Sz8,,2004-11-23,53
2Ve8rF1LYTRGl3ZAI2z2YT,,2004-10-26,57
09akBiw2Divm9zvF7GMJup,,2004-11-22,51
65Fllu4vQdZQOh6id0YwIM,,2004-01-01,46
5wvatwGTc0zWIx3dBQadaj,,2004-01-01,73
7HPDZ1Gu4pWyDn9o6DiToG,,2004-01-01,60
0Nk2ClpAEN3dLyzpKDVE2v,,2004-01-01,58
01UJJt3Aregqk8jZMDPB5x,,2004-07-28,64
1aG8QbhABVtVxNlAkk8VBW,,2004-10-12,65
40cxw1nvPEnaMHJMmQTHYm,,2004-02-17,45
3DuiGV3J09SUhvp8gqNx8h,,2004-06-08,76
0UlugUB43h0SKODTgJDc35,,2004-01-01,46
0Nk2ClpAEN3dLyzpKDVE2v,,2004-01-01,58
66zilH1HJzRLEorco0u6bS,,2004,60
4BI3oXrWF0YvtWpfYWUxeX,,2004-04-28,68
401GeD9PATUU1PELNOD2MY,,2004-02-16,53
5wvatwGTc0zWIx3dBQadaj,,2004-01-01,73
797fkvAtk0iZvP1HHPCWbp,,2004-01-01,68
1namjaJZ23ozXXB7X2d4hy,,2004-04-13,65
1aG8QbhABVtVxNlAkk8VBW,,2004-10-12,65
5NH94cATqx5fjBE794xZLy,,2004-11-30,63
02SQS3hERbgOjnZc0hmWKk,,2004-01-01,64
5ga0Nw06TGpciOmL6T6qMS,,2004-04-27,51
5GeXnKDk6sD6RnkPVwFi19,,2004-01-01,57
5cCSKl7fCsFuNoTszec4MP,,2004-01-01,49
1KushUovbraTDRu9sbO5fg,,2004-01-01,58
6ypfxw9fHuwow6dkcA4y1z,,2004-06-08,57
39FF5RewRO5F3OoNlWSQik,,2004-01-01,60
2DwNB5rLg2BV7dsSzSlUxB,,2004-02-20,55
3DuiGV3J09SUhvp8gqNx8h,,2004-06-08,76
22Vt5HrHpPtKb8yN90LRwM,,2004,49
2eyl66bHPrqMjjTfzLxHt3,,2004-01-01,59
7GaAXgbFSpcJOiLlFGYyOL,,2004-01-01,69
4XPadpKr3aUdP3uFBZSsm9,,2004-05-04,54
5mqwlg4T5XrpKj77J6g587,,2004,44
1nxHfb1EerQyKdT1aLSXf6,,2004-10-26,51
2oOY5CmzdnFhSYR86CQOfc,,2004-05-15,58
7HtSgNU7pzv4zeMldVdHav,,2004-01-01,54
4ZDBQSIDIZRUBOG2OHcN3T,,2004,76
3iJxV52syDyKSOoS6aC3cE,,2004-01-01,43
5Qhn2FpGWmTjCuntF09j7g,,2004-09-21,61
4Uv86qWpGTxf7fU7lG5X6F,,2004-02-10,79
2OFkUKYNNFQ74kJOSc9gzz,,2004-09-27,62
1UcS2nqUhxrZjrBZ3tHk2N,,2004-11-16,75
09akBiw2Divm9zvF7GMJup,,2004-11-22,51
5QWUi97BWRiWm0rtRfQRNT,,2004-01-01,47
2OFkUKYNNFQ74kJOSc9gzz,,2004-09-27,62
2QwFSzc9md5mU5tyUpuBij,,2004,52
4ZDBQSIDIZRUBOG2OHcN3T,,2004,76
0WdxQHUdLZBGbscwYV72zM,,2004,49
56xQzwz8VKC3LOtvrI4g04,,2004-10-20,57
66zilH1HJzRLEorco0u6bS,,2004,60
7Ew5ubVqMA3lQq7nOqITok,,2004-01-01,54
3BMhZk7YVMQBh0Y4DuyNSt,,2004-05-27,49
0852dsZQyLOGmvotlvOvoA,,2004-10-11,47
2FQeikDvH8PH7JhunCQ6j1,,2004,61
1BnTwu2JNvBuSAWnfDwBn4,,2004-01-01,63
1YlALay0y3WHzVz39xU3AJ,,2004-01-01,47
5wvatwGTc0zWIx3dBQadaj,,2004-01-01,73
0hk2hXNB5d65F400dhcdcV,,2004-11-16,60
5fqlZFKYqvkIe2jdDGt2nl,,2004-11-19,65
4UZTjODd6CvRN1Lx8g6hBV,,2004-11-02,55
4Uv86qWpGTxf7fU7lG5X6F,,2004-02-10,79
7GaAXgbFSpcJOiLlFGYyOL,,2004-01-01,69
