song_id,song_name,song_duration,song_popularity,artist_id,album_id
003vvx7Niy0yvhvHt4a68B,Mr. Brightside,222973,88,0C0XlULifJtAgn6ZNCW2eu,4piJq7R3gjUOxnYs6lDCTg
5SkRLpaGtvYPhw02vZhQQ9,All Falls Down,223506,83,5K4W6rqBFWDnAN6FQUkS6x,4Uv86qWpGTxf7fU7lG5X6F
5rb9QrpfcKFHM1EUbSIurX,Yeah! (feat. Lil Jon & Ludacris),250373,85,23zg3TcAtWQy7J6upgbUnj,1RM6MGv6bcl6NrAG8PGoZk
561jH07mF1jHuk7KlaeF0s,Mockingbird,250760,90,7dGJo4pcD2V6oG8kP0tJRR,1kTlYbs28MXw7hwO0NLYif
0ll8uFnc0nANY35E0Lfxvg,Somewhere Only We Know,236160,79,53A0W3U0s8diEn9RhXQhVz,0qsT8HLvlWaSWIq8Rc95BI
6nTiIhLmQ3FWhvrGafw2zj,American Idiot,176346,84,7oPftvlwr6VrsViSDV7fJY,5dN7F9DV0Qg1XRdIgW8rke
5KUNwkaNf8l5A9sXZhiCgI,Rapp Snitch Knishes feat. Mr. Fantastik,172893,80,2pAWfrd7WFF3XhVt9GooDL,1UcS2nqUhxrZjrBZ3tHk2N
6PwjJ58I4t7Mae9xfZ9l9v,Somebody Told Me,197200,82,0C0XlULifJtAgn6ZNCW2eu,4piJq7R3gjUOxnYs6lDCTg
3xrn9i8zhNZsTtcoWgQEAd,Since U Been Gone,188960,75,3BmGtnKgCSGYIUhmivXKWX,5gDAEao3VxFdbm8vS0koQq
2lwwrWVKdf3LR9lbbhnr6R,Float On,208466,77,1yAwtBaoHLEDWAnWR87hBT,0TGTGuc2vXv6ZECoAf52N0
61mWefnWQOLf90gepjOCb3,Duality,252613,82,05fG473iIaoy82BF1aGhL8,4ZDBQSIDIZRUBOG2OHcN3T
68vgtRHr7iZHpzGpon6Jlo,My Boo,223440,81,23zg3TcAtWQy7J6upgbUnj,1RM6MGv6bcl6NrAG8PGoZk
20I8RduZC2PWMWTDCZuuAN,Take Me Out,237026,82,0XNa1vTidXlvJ2gHSsRi4A,0vi5ePiEHrGZJF7QhnDW2z
228BxWXUYQPJrJYHDLOHkj,Gasolina,192600,85,4VMYDCV2IEDYJArk749S6m,4pLuE50wL9T26lSv42X0J2
4mmkhcEm1Ljy1U9nwtsxUo,Through The Wire,221226,78,5K4W6rqBFWDnAN6FQUkS6x,4Uv86qWpGTxf7fU7lG5X6F
7lRlq939cDG4SzWOF4VAnd,I'm Not Okay (I Promise),186480,79,7FBcuc1gsnv6Y1nwFtNRCb,3DuiGV3J09SUhvp8gqNx8h
7uKcScNXuO3MWw6LowBjW1,"One, Two Step (feat. Missy Elliott)",203786,77,2NdeV5rLm47xAvogXrYhJX,71gUhKYZIWmmjqAHlY4Br3
6ZxrUCaynLgKSUudACOTwj,Cold,194226,73,4IR8ZkpbyyKrqsIzchF3NB,1namjaJZ23ozXXB7X2d4hy
0LzrhCZFXW94Y8nwtTuRlw,Hollaback Girl,199853,73,4yiQZ8tQPux8cPriYMWUFP,3Lqn8M0QxPLIPRJ4nUKTGN
7HKxTNVlkHsfMLhigmhC0I,Call Me,212226,74,4tpUmLEVLCGFr93o8hFFIB,18fOLsMG8Msf1DEaW0E71K
5s7m2xNZWgz5FqVSIvJcGA,Save a Horse (Ride a Cowboy),200306,74,0oBEeN6BCxEgMogzThqrPf,0mX8aXMM7nYOGUTGcTEeZH
4BnrGx9tWNF8aiXl1UhDBa,One Beer,258586,76,2pAWfrd7WFF3XhVt9GooDL,1UcS2nqUhxrZjrBZ3tHk2N
5dTHtzHFPyi8TlTtzoz1J9,Helena,204733,79,7FBcuc1gsnv6Y1nwFtNRCb,3DuiGV3J09SUhvp8gqNx8h
26QKsGW4hMuwiEE1ftUMHe,"Lo Que Pasó, Pasó",210933,83,4VMYDCV2IEDYJArk749S6m,4pLuE50wL9T26lSv42X0J2
3U5JVgI2x4rDyHGObzJfNf,Unwritten,259333,80,7o95ZoZt5ZYn31e9z1Hc0a,3PEzTAuPW5IjLJ58FzwQeL
4MeDnO5yA2Zi6IMlVApRci,Freek-A-Leek,235186,72,4Js9eYwAf9rypNtV8pNSw9,2R7G5Z0RWWZU1V731JZG68
3A4cpTBPaIQdtPFb5JxtaX,Slow Jamz,316053,75,6vbY3hOaCAhC7VjucswgdS,4Uv86qWpGTxf7fU7lG5X6F
3ZffCQKLFLUvYM59XKLbVm,Wake Me up When September Ends,285653,82,7oPftvlwr6VrsViSDV7fJY,5dN7F9DV0Qg1XRdIgW8rke
6wqJeItl3Vc3az4ZicSQAB,Before I Forget,278600,79,05fG473iIaoy82BF1aGhL8,4ZDBQSIDIZRUBOG2OHcN3T
5oQcOu1omDykbIPSdSQQNJ,1985,193000,73,5ND0mGcL9SKSjWIjPd0xIb,43jBR9MNJk5AUuB56M0pRF
2NBQmPrOEEjA8VbeWOQGxO,Drop It Like It's Hot,266066,79,7hJcb9fa4alzcOq3EaNPoG,797fkvAtk0iZvP1HHPCWbp
5sNESr6pQfIhL3krM8CtZn,Numb / Encore,205733,81,3nFkdlSjzX9mRTtwJOzDYB,4lhyg7YGQagE8FT8cZBqyw
5gflgO9EPbIBf16n5TKnQS,Yo Voy (feat. Daddy Yankee),232019,81,21451j1KhjAiaYKflxBjr1,2aItcV9jj0LvaluaDFTLqF
1UREw2MCfU0xwBzCAjxlUD,Scars,208186,71,4RddZ3iHvSpGV4dvATac9X,25wlsi7SWD8mFKxaEWGYuL
4XHQyvbrBsQaaBUW1VvmsL,My Band,298773,75,5Qi4Bb7a8C0a00NZcA77L0,61EgDesQnFVyYf2UneM9PQ
3ibKnFDaa3GhpPGlOUj7ff,Let Me Love You,256733,76,20s0P9QLxGqKuCsGwFsp7w,7EXstuWka51pNFzEAidEol
5WphWTUIfRe7x8NZss79cY,Let Me Love You,249093,70,20s0P9QLxGqKuCsGwFsp7w,4qqrq2LYJYvKOV5Xrcajvp
7B1QliUMZv7gSTUGAfMRRD,Live Like You Were Dying,300333,71,6roFdX1y5BYSbp60OTJWMd,0os1Gz3XMM6dduZSMxVuXs
5vollujufHY0jMZxx77VWr,All These Things That I've Done,301866,74,0C0XlULifJtAgn6ZNCW2eu,4piJq7R3gjUOxnYs6lDCTg
7jKHJoOij35nfpq6PYHlFH,In My Room,231146,72,4xtWjIlVuZwTCeqVAsgEXy,4xQejXoQU4fUulNSM4piQ2
2TIGwYiQYr1N5zTOQToDfK,I'll Be Around (feat. Timbaland) - Club Mix,221400,73,5nLYd9ST4Cnwy6NHaCxbj8,0wdleLMeNmGUHChsmx9svt
4b82tXj35SycILuILcgBQ6,Hoe Cakes,234146,73,2pAWfrd7WFF3XhVt9GooDL,1UcS2nqUhxrZjrBZ3tHk2N
21O0XXPEWPtePt5RMY93Ob,All Caps,130479,74,2aoFQUeHD1U7pL098lRsDU,19bQiwEKhXUBJWY6oV3KZk
5g1vtHqi9uV7xtYeCcFOBx,Jesus Walks,193733,74,5K4W6rqBFWDnAN6FQUkS6x,4Uv86qWpGTxf7fU7lG5X6F
4YjjNHtEsTX6Af4mCTupT5,Bless The Broken Road,226680,71,0a1gHP0HAqALbEyxaD5Ngn,5NH87jdrVjOHt8gDMHT1Wy
7wBThXx7BGZHJJ3aN3OPvv,Confessions Part II,211200,73,23zg3TcAtWQy7J6upgbUnj,1RM6MGv6bcl6NrAG8PGoZk
507bYMYfbm6sUS9iEAaeSd,Broken,258333,72,6B5c4sch27tWHAGdarpPaW,1mMgrxFYBUMKANGbapmXxi
06p2Ij0lXD45LODQDCov0u,Rosas,237026,70,4U7lXyKdSf1JbM1aXvsodC,0QM5DL8C9uOYI2hGKbLUq8
7z3N2W7Xz1t2G2sAO8wFVH,Burn,231933,75,23zg3TcAtWQy7J6upgbUnj,1RM6MGv6bcl6NrAG8PGoZk
3dFwpxh2yH7C7p9BGEKLVB,Goodies (feat. Petey Pablo),223000,71,2NdeV5rLm47xAvogXrYhJX,71gUhKYZIWmmjqAHlY4Br3
41PWz0hAiU9FqsmjR9Wh62,Lovers And Friends,260600,70,3ciRvbBIVz9fBoPbtSYq4x,0hk2hXNB5d65F400dhcdcV
2tOZtdbkAMQASWokLvSlzj,Overnight Celebrity,233360,69,6vbY3hOaCAhC7VjucswgdS,7tbgPQub8dUigxMdkYDfOb
3f3omU8n47Mqyab5nCaGyT,Because of You,219493,71,3BmGtnKgCSGYIUhmivXKWX,5gDAEao3VxFdbm8vS0koQq
5vLonpxn4VN0A8GtQOBSG0,When the Sun Goes Down,290560,68,3grHWM9bx2E9vwJCdlRv9O,052CF6cpp0nAH67yuUrIp7
2Y2q7PkD7lvuWr8YaZfWuv,Rich Girl,236213,68,4yiQZ8tQPux8cPriYMWUFP,3Lqn8M0QxPLIPRJ4nUKTGN
4ccM2xBxicGigjLqt6A0YY,Accidentally In Love,188613,67,0vEsuISMWAKNctLlUAhSZC,70NalxU5fQaMxOpe0T69Ob
4EaBMhUIOfnFEbIgqCfKbi,The Phantom Of the Opera - From 'The Phantom Of The Opera' Motion Picture,216133,71,4aP1lp10BRYZO658B2NwkG,1zwEN9cLtWg39zFJnj8brt
1ZtVN326V42hioNyRjU4P2,Colors,198533,67,4IR8ZkpbyyKrqsIzchF3NB,1namjaJZ23ozXXB7X2d4hy
23DHUWJ7iEieNPMPKvjzBV,Ohio Is For Lovers,244480,68,126FigDBtqwS2YsOYMTPQe,6ypfxw9fHuwow6dkcA4y1z
1HwpWwa6bnqqRhK8agG4RS,Beautiful Soul,214226,73,2Hjj68yyUPiC0HKEOigcEp,2gidE8vgVOkYufANjuvj3S
51UtgWS4z1eMPuLQOzPtNH,Amber,211080,68,41Q0HrwWBtuUkJc7C1Rp6K,0OsjlbBaSZFbZnXGAUysMG
1yKAqZoi8xWGLCf5vajroL,The Ghost of You,194253,72,7FBcuc1gsnv6Y1nwFtNRCb,3DuiGV3J09SUhvp8gqNx8h
0jSMveIWvnhDIvzqN74Uc7,Tipsy - Club Mix,243226,67,1Zz5UxfKSSqc6hpa3xJPCw,4yTlfDLsW1dK2kG1qoNsrv
0MsrWnxQZxPAcov7c74sSo,Holiday / Boulevard of Broken Dreams,493400,73,7oPftvlwr6VrsViSDV7fJY,5dN7F9DV0Qg1XRdIgW8rke
7mY1dIaY9vY6Jrlrjg3dRn,Quiero Bailar,186506,77,6p2442ymrT9lZEuCZJdYcH,0Sv18KP8WCk1eHGnhJqTrb
4WM1hvYr2NC6bQnQXcj3sH,Meat Grinder,131866,71,2aoFQUeHD1U7pL098lRsDU,19bQiwEKhXUBJWY6oV3KZk
3CcvahnsiArpTHYQEWV2Au,Bring Em Out,216706,68,4OBJLual30L7gRl5UkeRcT,1oFucub5OjyG4XPsDUzhil
18JosZY3HzD3lMy6iOOSAY,Superstar,191573,69,23zg3TcAtWQy7J6upgbUnj,1RM6MGv6bcl6NrAG8PGoZk
3UQmoVQJqBYauTZLVPs3uo,Luxurious,264920,66,4yiQZ8tQPux8cPriYMWUFP,3Lqn8M0QxPLIPRJ4nUKTGN
1YgDGKyKhFlimPw3mLavPG,Fancy Clown,115826,70,2aoFQUeHD1U7pL098lRsDU,19bQiwEKhXUBJWY6oV3KZk
2FNqnsX74ZlwduUAcnmzee,Tu Príncipe,205520,78,4VMYDCV2IEDYJArk749S6m,4pLuE50wL9T26lSv42X0J2
1fLibtVj3MrNTwRZq5yUOs,Let's Go (feat. Twista & Lil' Jon),222200,68,12FHARd9fY0Tu0ila4Ua25,2Ve8rF1LYTRGl3ZAI2z2YT
61Qhe2mHSLhUE04QeK4lkD,Breakaway,237000,66,3BmGtnKgCSGYIUhmivXKWX,5gDAEao3VxFdbm8vS0koQq
7zkLpY72g6lKQbiHDqri1S,Sunrise,200626,76,2Kx7MNY7cI1ENniW7vT30N,7GaAXgbFSpcJOiLlFGYyOL
0ChpoNjXfJPjMvCIN6so6J,Memory,226080,68,04RtvnUz0XrUbUZzOA8ZoW,5pCXe1ZrHEUZeYhMCe0pLX
26bL4gSULWDgdIMX0pRFrG,Redneck Woman,221333,66,0IdYRFTswLdsGwSnzOaGNF,5OYkhSnpSoztkCKind5tap
57I7CUbXo4XlWuTVB8pXW6,I Go Back,243666,65,3grHWM9bx2E9vwJCdlRv9O,052CF6cpp0nAH67yuUrIp7
3KANrKOFYyAxfjQJHkgBdb,Smile Like You Mean It,234106,70,0C0XlULifJtAgn6ZNCW2eu,4piJq7R3gjUOxnYs6lDCTg
2XgGdD5d2MW4RNx8KnIjVh,Wagon Wheel,232133,67,4DBi4EYXgiqbkxvWUXUzMi,71oM4BPgOOgdwTYJeUPush
5bTuwAgYUD5MABOIPH8ZMt,You Know What They Do to Guys Like Us in Prison,173733,69,7FBcuc1gsnv6Y1nwFtNRCb,3DuiGV3J09SUhvp8gqNx8h
7i7UIbm5E0DD7aSOYvwp2v,Oh (feat. Ludacris),256346,68,2NdeV5rLm47xAvogXrYhJX,71gUhKYZIWmmjqAHlY4Br3
0RZXNlGPvfMo54fd6uCvAT,Knuck If You Buck (feat. Lil' Scrappy),205120,64,5A7d4sfe5ZY1RRf90zlUeo,09stXr7AeoB1PsE3RpMpyU
1ko2NuvWlQdxtNRc8QQzmT,Spaceship,324226,68,5K4W6rqBFWDnAN6FQUkS6x,4Uv86qWpGTxf7fU7lG5X6F
7kWeSMXLxUHHOkFxsS0vhP,Some Beach,204826,65,1UTPBmNbXNTittyMJrNkvw,6Dx1pg8UVVauDZajxg62RA
4BJyt25nburVwbnESDeIc7,So Cold - Remix,273440,66,5BtHciL0e0zOP7prIHn3pP,39FF5RewRO5F3OoNlWSQik
1hwdPQtFHISvZ9SXMkNrIK,A Whole New World,160800,69,1GlMjIezcLwV3OFlX0uXOv,7bt2aty3lUo6Q1Ud8pthRz
4NUt1fcnO9aQAELBgXq3Kr,Me Dediqué a Perderte,231773,79,6sq1yF0OZEWA4xoXVKW1L9,1MTvtQtk1V2gqCNxnu5cNA
4s0o8TJHfX9LLHa0umnOzT,Sunshine (feat. Lea),225173,66,4Q5sPmM8j4SpMqL4UA1DtS,548NoYLgqSBDTNIYvlpDu5
5CsDo9j3N4yFZNCN1h9loS,Never Enough,159786,74,7dGJo4pcD2V6oG8kP0tJRR,1kTlYbs28MXw7hwO0NLYif
2EM9zpAc7PVeoAydmbfVIL,La Camisa Negra,216706,76,0UWZUmn7sybxMCqrw9tGa7,2HbvQeJXke68tjwOcsj8ne
7xyYsOvq5Ec3P4fr6mM9fD,Hysteria,227440,75,12Chz98pHFMPJEknJQMWvI,0HcHPBu9aaF1MxOiZmUQTl
1x0AirtLjfVquI0A9iBVep,Getting Away With Murder,191372,65,4RddZ3iHvSpGV4dvATac9X,25wlsi7SWD8mFKxaEWGYuL
2fSIF8CJhoc9CJhF9vJDXp,Jolene,250866,65,6DoH7ywD5BcQvjloe9OcIj,2DQHgaOMVOs2OKLaksiMx9
3zmduBNsQ6BPDTZAkXzG5K,Can't Be Touched (feat. Mr. Magic & Trouble),214400,75,5K6YsAKuRtcczPgxAdzc3B,5VcOoSq5hMQb3bNa0sBKOe
66iygyOSvvoQQsKJ1vEXfT,Tú de Qué Vas,238160,78,4NEYQeEYBUjfaXgDQGvFvu,4BI3oXrWF0YvtWpfYWUxeX
4D8uIY6Wzj7dJDaw0dW0UF,Something to Be Proud Of,256600,64,3bGXaFVQLASmDMdjjeJr8a,6yITsogKnqqWkEKqODSrDG
0IW0qaeyxL5Et4UG2MrJKB,We Don't Care,239880,68,5K4W6rqBFWDnAN6FQUkS6x,4Uv86qWpGTxf7fU7lG5X6F
2G74yhtIMW8tJY5I83dS4Z,Amor del Bueno,242026,78,69BUYvpG9MbjCyIZfsFdhJ,3BLkomoXh6O4Sp2m9z4tiY
4gXdMZkBN1neE9nX6yRALa,Ass Like That,265480,72,7dGJo4pcD2V6oG8kP0tJRR,1kTlYbs28MXw7hwO0NLYif
0qcjuYtMWhBjXg0Xwt5SzS,Just Lose It,248680,71,7dGJo4pcD2V6oG8kP0tJRR,1kTlYbs28MXw7hwO0NLYif
2bx879t8gUpxkQ0avl8xTf,Bubble Pop Electric,222360,64,4yiQZ8tQPux8cPriYMWUFP,3Lqn8M0QxPLIPRJ4nUKTGN
46gSk82duJtX3TTA182ruG,This fffire - New Version,218080,70,0XNa1vTidXlvJ2gHSsRi4A,4hUCtGcc0hRYXFhKSETlll
4absiGHMelB8eH976ytjBj,Evil,215826,69,3WaJSfKnzc65VDgmj2zU8B,2OFkUKYNNFQ74kJOSc9gzz
7bZsx7Zif6FIhrcZrh0LVm,What You Waiting For?,221226,64,4yiQZ8tQPux8cPriYMWUFP,3Lqn8M0QxPLIPRJ4nUKTGN
2ndnVdR8si7CW9T8vJRHyW,Move Ya Body,232000,69,6eBYLQONaYZhZNAVK061t6,15Zjx7K5ifTVmXa3Nk5B88
2WhDg8UWljoAl8oNh8uZbJ,Pain,181306,67,3Ayl7mCk0nScecqOzvNp6s,58EcHXCjDzwqHiXDo9523u
2R7r52Ar8PrKCysGFUPynn,Ojalá que te mueras,180666,74,4BwiodzEp9Hwes5HeFjMVK,4pxfXBGEL0k61ELXiQuL7N
3hbTkJ0yFzHbawnKyhvTQj,Sálvame,224973,76,7cjh6y0V9SsyCrWSXTzwOs,5wvatwGTc0zWIx3dBQadaj
3QHONiXGMGU3z68mQInncF,"I'll Be Missing You (feat. Faith Evans, 112)",301520,76,59wfkuBoNyhDMQGCljbUbA,46JQVqJpOg8opDLUl1qHT1
5DBmXF7QO43Cuy9yqva116,Family Business,278893,68,5K4W6rqBFWDnAN6FQUkS6x,4Uv86qWpGTxf7fU7lG5X6F
0BpKPyXhWsTaWkgXeOd1Sn,Thank You for the Venom,221093,67,7FBcuc1gsnv6Y1nwFtNRCb,3DuiGV3J09SUhvp8gqNx8h
0o73cSWmV0YJeHvzDbJDdn,Coffin Nails,176760,68,2pAWfrd7WFF3XhVt9GooDL,1AJtMVPbKTiw7OHOa9oVCx
2nUy0ifVE7UwtOK4rugFsP,The End of Heartache,298106,65,37394IP6uhnjIpsawpMu4l,6NrMjaGIZAKZLMzVnkNY4V
6uYAPqxP69zfpCbsTHXgiz,Cater 2 U,245400,63,1Y8cdNmUJH7yBTd9yOvr5i,0b6ivSFfDs38MG7aLn9rvO
1yc53HK08sDab7PDFgnLWk,Laid to Rest,230127,68,3JFsVIxOn7STeilPICkkB2,3ffdUrEvCQJX6mn2ZTq93m
4dvQg9sD8k9y4qiEURuj8v,Lose My Breath,242013,63,1Y8cdNmUJH7yBTd9yOvr5i,0b6ivSFfDs38MG7aLn9rvO
1XcUn5PE9d42zWamWgRG2x,Heaven,226960,63,4aSEmLLxLX9wR5aLMllOKj,6kNz22txs8mOmSxoQVPTDA
04NGX0b5Tgs7VsErfn5OA1,Vitamin R (Leading Us Along),223173,63,56dO9zeHKuU5Gvfc2kxHNw,3zuIMH8P0GKtV5LR6zwGLB
26liGJfeDiHLVn0qTETkt1,Blueberry Yum Yum,235093,63,3ipn9JLAPI5GUEo4y4jcoi,1KushUovbraTDRu9sbO5fg
6CN3e26iQSj1N5lomh0mfO,Like Toy Soldiers,296880,70,7dGJo4pcD2V6oG8kP0tJRR,1kTlYbs28MXw7hwO0NLYif
6Wt5QBzHp9vdSLAFlvdnDQ,"I Need a Girl (Pt. 2) [feat. Loon, Ginuwine, Mario Winans]",285586,70,59wfkuBoNyhDMQGCljbUbA,46JQVqJpOg8opDLUl1qHT1
7lurcq2Yw96B1K0KOJAHxg,Southside,277840,64,1Xfmvd48oOhEWkscWyEbh9,317R21F7calEn6gpLnHEkb
3KQh7ppbDxVjdJBtjvP5BU,Raid,150520,66,2aoFQUeHD1U7pL098lRsDU,19bQiwEKhXUBJWY6oV3KZk
7BgFkKXIxv96EALb7NrnhQ,Pretty Girl,259000,62,2KNDYRKdCzuKzCCUyjAcF4,7wbQYeQPqFVDCir28YTlSM
1U1GtaJeYwGsPgqV9Me5bb,Hold You in My Arms,306200,64,6DoH7ywD5BcQvjloe9OcIj,2DQHgaOMVOs2OKLaksiMx9
4svCVV4VHEL3Z4efES868h,Go DJ,281826,62,55Aa2cqylxrFIXC767Z865,5POcKy926GgzFHZpGptJac
7j9iuJvGg8Ve2O20CO8Oho,Dueño de Ti,220586,72,5YNi3BopLa4XtYRtzML80L,75O9ELyZKaqQEpO6Y5EtNG
6BGNjTZ8zp9MlsIydBa7A9,For Lovers,75053,68,0rFHElzeddB9ymDjgpBENX,0gwS2D9sukMLXNvleEnYr2
2Ukr1iULFHGSJp0qPhiqc0,No Me Dejes Solo,170240,72,4VMYDCV2IEDYJArk749S6m,4pLuE50wL9T26lSv42X0J2
5eK5xQl8EGzR5zYkxaDCAn,Be My Escape,240453,63,3nJWBJvK7uGvfp4iZh9CkN,4UZTjODd6CvRN1Lx8g6hBV
7wCgKgkuthR3K568qESxDp,Bowl For Two,283426,62,2OpHxx1SArSMlBrIMM0aV9,3iIUl1OTJKggsB7m8JGE11
1xNcBAoUw8Hz6LqK2jt4Ff,Call on Me - Radio Mix,171360,77,5sm0jQ1mq0dusiLtDJ2b4R,7thKR3tw162CqNqIRdwZ3z
3UULkHdmLDqBDPmBYltoRE,Metalingus,259959,70,4DWX7u8BV0vZIQSpJQQDWU,6hqietEuZCikevdO2oGTcx
3yEtuhGR8jOtusa29jWrhG,Tu Amor Me Hace Bien - Salsa Version,300160,72,4wLXwxDeWQ8mtUIRPxGiD6,4O3yvEN5II2yKWKBPtDLD7
1pHPpLVH2XEN0xYRoQs4wq,Word Up!,172666,70,3RNrq3jvMZxD9ZyoOZbQOD,1L9iPuSu8FZFaFzzqHQarF
714Lw0m2SmCEhKSPw0Dn8J,Welcome to My Life,206773,61,2p4FqHnazRucYQHyDCdBrJ,7l3v1MPa9GlbxbVJmaVrVd
0SuzUhWAgStNIMZR4jEGgk,Here for the Party,196760,63,0IdYRFTswLdsGwSnzOaGNF,5OYkhSnpSoztkCKind5tap
4dh34dyav8M5jCN3yidn8Z,Big Weenie,266933,69,7dGJo4pcD2V6oG8kP0tJRR,1kTlYbs28MXw7hwO0NLYif
2cViIXIe8Pbd1sOJExMJlK,Cemetery Drive,188066,65,7FBcuc1gsnv6Y1nwFtNRCb,3DuiGV3J09SUhvp8gqNx8h
2b8QQqf8Vwb7bfz22ja8Fk,Over And Over,253933,64,2gBjLmx6zQnFGQJCAQpRgw,7xt2MWlSFHNP2NcHWE4W3b
2Ozc0me9PV5vlt8cokwdvI,Lean Back,247426,69,2BvzbqWWwLN11XGBYgDZzx,0NTYMm0B7adXejff1phD3F
0jSIovJtKxEXH6vI4oRx7I,Mr. Mom,208693,62,3qbnxnvUqR14MJ9g8QwZJK,3ZWRZwJXoyajqbbNGmzEpY
7kF1iPJTj3VFJX9XokQ80F,Slither,248306,65,7CHilrn81OdYjkh4uSVnYM,64GnrmrpL1fvfF0r1AoZLB
0O7lENhqOySbsL743G7PqD,"Vermilion, Pt. 2",224320,70,05fG473iIaoy82BF1aGhL8,4ZDBQSIDIZRUBOG2OHcN3T
67vrmPygrZ9giGqHUSReAT,Accordion,118853,66,2aoFQUeHD1U7pL098lRsDU,19bQiwEKhXUBJWY6oV3KZk
6IZF8hi9J6EtFDLQqOlSbu,The Flower Garden,178506,67,7nzSoJISlVJsn7O0yTeMOB,5fqlZFKYqvkIe2jdDGt2nl
3smCnGYSUF8BwNDjbpAZZA,Si Yo Fuera Ladrón,200386,71,59Ih0XIAzMXq7Yf9ny3u5t,6TaajQPlK5bJgltZtbWxF9
6sqNctd7MlJoKDOxPVCAvU,My Happy Ending,242413,71,0p4nmQO2msCgU4IF37Wi3j,7851Vsjv3apS52sXUik6iF
4gkEzBl4X0lZVLGGqVjyNS,La Lámpara,159928,68,4IRgZYuKlqlD3BCEhb52ne,4vQAJUbKWHZHQJq6ip1sdG
0EZ5c3oWdpWIaYHvifMqI2,Para Que Regreses,194906,69,59Ih0XIAzMXq7Yf9ny3u5t,6TaajQPlK5bJgltZtbWxF9
3DOxMCaNBNvnjSzpHUSjE3,Leave (Get Out),242840,70,5xuNBZoM7z1Vv8IQ6uM0p6,1UIesw6QSRT3VrFN36hwgp
0axF06XwNLobcx5z8BVtYw,"Give 'Em Hell, Kid",138840,65,7FBcuc1gsnv6Y1nwFtNRCb,3DuiGV3J09SUhvp8gqNx8h
47IWLfIKOKhFnz1FUEUIkE,A Boy Brushed Red Living In Black And White,268000,63,3GzWhE2xadJiW8MqRKIVSK,5GeXnKDk6sD6RnkPVwFi19
1Vp4St7JcXaUoJcIahtf3L,The New Workout Plan,322800,66,5K4W6rqBFWDnAN6FQUkS6x,4Uv86qWpGTxf7fU7lG5X6F
6TTBhxnb9NYT7cz6aLOkBy,Give It All,170893,61,6Wr3hh341P84m3EI8qdn9O,1vHYkIhnwbpzrC3hGguDN6
6QdwofpqDvvNxX88C9A0iQ,Nada Valgo Sin Tu Amor,196360,76,0UWZUmn7sybxMCqrw9tGa7,2HbvQeJXke68tjwOcsj8ne
0oduroQUXgL9mb4JO8XzB9,Vomitspit,168013,64,2pAWfrd7WFF3XhVt9GooDL,1UcS2nqUhxrZjrBZ3tHk2N
0oXLSuno5adlHcPzlzs8l6,Duele El Amor,275373,73,0r8toju2ecKaVtItkzAnNi,1RaOKsaRdN1H4twh4u6FUd
6um5ccNzX7k3SRsVnLupvI,A Decade Under The Influence,247760,62,24XtlMhEMNdi822vi0MhY1,6D1rTYBev0y8ZKE5tD7OP9
1ibeKVCiXORhvUpMmtsQWq,Pieces,182040,72,0qT79UgT5tY4yudH9VfsdT,1aG8QbhABVtVxNlAkk8VBW
7cxOL3nvmqd6w811wOlWT1,Paint Me A Birmingham,228173,60,2BQVRw9md4UKcGUrDXABCD,7tSd0AJFyjO92jEw4r1J8r
6IxQ0PdozaZKch1m8tGCwb,All That I've Got,230426,61,55VydwMyCuGcavwPuhutPL,10Mw53MGdbK8KjIhBM0Wx2
7sZCAHP2duHwr5M5K7lHsb,Selfish,225400,63,1020a42xVklY6c56imNcaa,2mpzeA7pHNIDAPii4EEKsB
0CKba2KBPP9TFbh5Nf8i4P,Fast Cars And Freedom,262186,61,0a1gHP0HAqALbEyxaD5Ngn,5NH87jdrVjOHt8gDMHT1Wy
6UIxGIqWlO5wsddY44AV1R,Naked as We Came,152613,66,4M5nCE77Qaxayuhp3fVn4V,169vCBCFaW2na816P8Ir7m
5zdUc1JRCImBYcDWgvFNpE,Caught Up,224640,67,23zg3TcAtWQy7J6upgbUnj,1RM6MGv6bcl6NrAG8PGoZk
57DZJLuPk9a5ULzdER3ZFy,Todas Mueren por Mí,223093,75,07PdYoE4jVRF6Ut40GgVSP,54AKlknAxFRfXDXtwiAhRa
0cOyhnhy13lc5G5nr4EF0q,Tainted Love,200066,63,2VYQTNDsvvKN9wmU5W7xpj,7fmOTYDQn9DIXCy1YDrl4S
3weNRklVDqb4Rr5MhKBR3D,Nuvole Bianche,357706,75,2uFUBdaVGtyMqckSeCl0Qj,0Ryad9M1b1MxSjgXdHCh1c
0V3nTTKA24XKCayp8igU4l,Curls,95506,65,2aoFQUeHD1U7pL098lRsDU,19bQiwEKhXUBJWY6oV3KZk
4Zd6gElrsmSyVomurxAPOD,Por Mujeres Como Tú,263133,72,03Yb3iBy9GCifXiATEFcit,1i8KV89uJq08T3MTNEELgL
4kSYZCV2qlTpCPu0NnMoSR,Bistro,67520,65,2aoFQUeHD1U7pL098lRsDU,19bQiwEKhXUBJWY6oV3KZk
5aGkIyzLVYGuLIHkxpNAFF,Trouble,241546,62,6DoH7ywD5BcQvjloe9OcIj,2DQHgaOMVOs2OKLaksiMx9
0AKAxdNkwq9ZxRdW1DN9zW,Behind These Hazel Eyes,198973,63,3BmGtnKgCSGYIUhmivXKWX,5gDAEao3VxFdbm8vS0koQq
2RJ1fg4qf2vgZKifTa4HgA,Sólo Quédate En Silencio,219520,73,7cjh6y0V9SsyCrWSXTzwOs,5wvatwGTc0zWIx3dBQadaj
58KPPL1AdLHMvR2O2PZejr,Jesus of Suburbia,548253,68,7oPftvlwr6VrsViSDV7fJY,5dN7F9DV0Qg1XRdIgW8rke
3mtukCAgd0mE260QcBfXAX,Love Song,211693,61,41Q0HrwWBtuUkJc7C1Rp6K,0OsjlbBaSZFbZnXGAUysMG
1xbw6jObdWhPSoN9MflOSA,Pobre Diabla,254480,59,33ScadVnbm2X8kkUqOkC6Z,0hFZpkgYSp761ZOM2EOZWQ
2AMDKSt4HJWZbuLupJuNrj,Valió la Pena - Salsa Version,289466,71,4wLXwxDeWQ8mtUIRPxGiD6,4O3yvEN5II2yKWKBPtDLD7
4tAru66VGVLWYjg90UV4vJ,Culo,219080,65,0TnOYISbd1XYRBk9myaseg,76N6imyjQ9h5p2NzakHT32
7iOhWWYjhhQiXzF4o4HhXN,Last Call,760973,64,5K4W6rqBFWDnAN6FQUkS6x,4Uv86qWpGTxf7fU7lG5X6F
6MFQeWtk7kxWGydnJB2y36,These Words,216360,70,7o95ZoZt5ZYn31e9z1Hc0a,3PEzTAuPW5IjLJ58FzwQeL
0BBOLOV5JntPL3341swIre,Turn Me On,192106,71,1GaBsp1ICIp1e6udgE7fba,0OWwtYwEZFMquSeHGNv3cw
7oiCqfE8Wjk8wf0pFTgL2H,Nothin' To Lose,156893,60,1456WwI15Lm9CktCzkLZvm,1V4qP0BJJBZsY2LOkcfwE0
34j4OxJxKznBs88cjSL2j9,Never Let Me Down,324440,65,5K4W6rqBFWDnAN6FQUkS6x,4Uv86qWpGTxf7fU7lG5X6F
3tQ6LmYZeoJ4dwkZ3IGoSj,The Clincher,223773,60,56dO9zeHKuU5Gvfc2kxHNw,3zuIMH8P0GKtV5LR6zwGLB
469RmLzEsicj8VSn9aIuKV,Cool,189333,60,4yiQZ8tQPux8cPriYMWUFP,3Lqn8M0QxPLIPRJ4nUKTGN
7oFiFPltiQTBqVutyiSwvE,Figaro,145706,64,2aoFQUeHD1U7pL098lRsDU,19bQiwEKhXUBJWY6oV3KZk
62wtttQzoIA9HnNmGVd9Yq,Two Words,266213,64,5K4W6rqBFWDnAN6FQUkS6x,4Uv86qWpGTxf7fU7lG5X6F
3njpLvANriMsdv3dgADEad,Get Back,270746,62,3ipn9JLAPI5GUEo4y4jcoi,1KushUovbraTDRu9sbO5fg
6GrrkiCRO3HYdgRpO4eKEL,Swing Life Away,200066,60,6Wr3hh341P84m3EI8qdn9O,1vHYkIhnwbpzrC3hGguDN6
3Lsdp3mbD27MjxvTeFm0v3,You're in Love,71800,65,7nzSoJISlVJsn7O0yTeMOB,5fqlZFKYqvkIe2jdDGt2nl
4FTOpNYcGxnQdGNWSxIcio,Soldier,325573,63,1Y8cdNmUJH7yBTd9yOvr5i,0b6ivSFfDs38MG7aLn9rvO
2mp3sLUNQaJ025Lx5f4AAJ,Must Be Nice,233440,60,33C3ByGk9NCrjTIXr6npqf,4oqN5rLI1MdqAftbHnskYp
2takcwOaAZWiXQijPHIx7B,Time is Running Out,237039,72,12Chz98pHFMPJEknJQMWvI,0HcHPBu9aaF1MxOiZmUQTl
6Hmj7SrLRbreLVfVS7mV1S,Wake Up,335333,66,3kjuyTCjPG1WMFCiyc5IuB,6ZB8qaR9JNuS0Q0bG1nbcH
7dyluIqv7QYVTXXZiMWPHW,Numb / Encore,205280,69,3nFkdlSjzX9mRTtwJOzDYB,5NH94cATqx5fjBE794xZLy
5A32KQZznC2HSqr9qzTl2N,Ahora Quien - Salsa Version,309586,70,4wLXwxDeWQ8mtUIRPxGiD6,4O3yvEN5II2yKWKBPtDLD7
0bHs3ly4Bv5BlzE3KrePfX,Golden,231560,59,6AVLthptCPhfrxlHadOBJD,21JbNB7qmJoOr03sM9dMeR
1VZUXXUGqIxePaMUXkabRn,Potholderz feat. Count Bass D,200653,63,2pAWfrd7WFF3XhVt9GooDL,1UcS2nqUhxrZjrBZ3tHk2N
3jagGO7eHHuaD53ibehkux,Blood and Thunder,228586,65,1Dvfqq39HxvCJ3GvfeIFuT,6khFoLWnJZDQvZ7Pijym3b
7rYGZmhNJhsmVLjPidM1q8,Ain't No Use in Tryin',194986,59,3GjVVVcFmUgEJEAAsbGkf4,10UpXfQVWUPHCiAhYLHOaW
1Jwc3ODLQxtbnS8M9TflSP,Walk Like an Egyptian,204706,65,51l0uqRxGaczYr4271pVIC,4yaX6Gmlvo42PnGgBdhzGf
5hkdfA87RZvNaxl6XiveOA,Everybody's Changing,215160,67,53A0W3U0s8diEn9RhXQhVz,0qsT8HLvlWaSWIq8Rc95BI
1CjQCQsl9FDb3WhjGcFOzG,There Goes My Life,302666,59,3grHWM9bx2E9vwJCdlRv9O,052CF6cpp0nAH67yuUrIp7
60eVCXFCuw1WYswBuNZc4H,Jenny Was A Friend Of Mine,243933,65,0C0XlULifJtAgn6ZNCW2eu,4piJq7R3gjUOxnYs6lDCTg
7yXibbAYi4to5oQTeO738f,Pieces Of Me,217440,59,4hqDqHtBlgxXpLXVYf7c8L,0w11HUk0hE4WZ95Bvp6vNI
3WAmQiYrwDqItWpCBPh40k,Volveré (Tornero),205586,60,1TCSet7pGZCDkcXCOzH359,7Ew5ubVqMA3lQq7nOqITok
7DXNTiUCWJvomSGEGMr3H8,New Year's Day,234240,58,1VGRi6hlsYcOhKut02Tqkt,4vHUA1pDoYFTaxuCNOhK2z
5OHUTC4EvTbL0DuZQRIGGX,A Groovy Kind of Love,210733,71,4lxfqrEsLX6N1N4OCSkILp,7KZTL6gFUUCzNw4FfjVqCF
1p5kC161fWMA2QlwV3Vi4W,Fuck It (I Don't Want You Back),225106,67,1y20PpXw0yeuJ1avCD0Ob9,1wpdvR1qooZm5UbSohCuOx
79y4fe9RE0KtxXGj4WmRT5,Levanto Mis Manos,319650,69,17XxPdvl2MD39MnT9zhNjU,5hM2RpmACzxvfD26An3E40
0fX9KPa0i9RGDI59gI90i9,Vermilion,316666,66,05fG473iIaoy82BF1aGhL8,4ZDBQSIDIZRUBOG2OHcN3T
5dpDrUG52yI3s1AQRlaypA,All Downhill From Here,192426,58,4ghjRm4M2vChDfTUycx0Ce,1Igrcji3zf5aC61saylDE1
213yG5o4EISfGoceayLo6u,Satisfaction,285413,59,4Ws2otunReOa6BbwxxpCt6,6jXS5LAsZHlN8U9jMSMfFf
1GIN41bLhiKeEPeC2vXH8i,Headsprung,267320,60,1P8IfcNKwrkQP5xJWuhaOC,3aI9HsN4um246qpCR8r7oW
45zvStEMsXp8z45OQRhWFJ,American Idiot,174320,64,7oPftvlwr6VrsViSDV7fJY,5Qhn2FpGWmTjCuntF09j7g
50tmOF513elS7K3HrwYq29,Recostada En La Cama,182800,67,59Ih0XIAzMXq7Yf9ny3u5t,6TaajQPlK5bJgltZtbWxF9
4Vb5Y6RQztThqqqFre24wL,Omerta,285962,62,3JFsVIxOn7STeilPICkkB2,3ffdUrEvCQJX6mn2ZTq93m
5WsxLkPL1QRKRfCed6qTTn,Whiskey,265773,58,3GjVVVcFmUgEJEAAsbGkf4,10UpXfQVWUPHCiAhYLHOaW
6Moso5DtGXmTgS3DaXZrRB,Me Gusta Estar Contigo,138466,67,5YNi3BopLa4XtYRtzML80L,75O9ELyZKaqQEpO6Y5EtNG
6Y9kdB2O0h9gq9y2vclsWT,Shorty Wanna Ride,261320,59,4pr7J7wzgObkE3DD3Izi7q,1E5TJXITJtczbSYmYR9LuQ
6vcG9EgeqJUSmmF65lxUm6,One Fine Day,128199,63,05sIdEkXAYDbDDdv3T56Oj,1WvYZcG9v3WzzNNkwpreGq
6TclVCUxDQm9s3Bey6Ao8H,Almost,206160,59,5ND0mGcL9SKSjWIjPd0xIb,43jBR9MNJk5AUuB56M0pRF
2amzrvbxYiq8AxGntIiw5V,Fall to Pieces,271240,63,7CHilrn81OdYjkh4uSVnYM,64GnrmrpL1fvfF0r1AoZLB
5b2FFKC64kxqcfaFnIZxoM,Get Em High,289493,62,5K4W6rqBFWDnAN6FQUkS6x,4Uv86qWpGTxf7fU7lG5X6F
5bkWgrKyNhMcriQP3CrHEA,Fabricando Fantasías - Salsa Version,272266,68,4vOycwLXdkMMzpZW04VW5m,3Gxrf8cYKgle42MdOOxqu8
1boHm9rjmvzxpJASd9dnGK,Slow Jamz (feat. Kanye West & Jamie Foxx),212146,63,6vbY3hOaCAhC7VjucswgdS,6Xu470gdLgDOnFDj5qND1N
7uSsHbBFFAnkRQR1rDwP3L,Black Betty - Edit,205973,69,6P7kkhED6EPrfoZuxz20Fo,5WqHoLszhaCZHgtTebMx8X
7gxW8hMXEUkc1G3m7z9vei,More - Remastered 2004,145933,64,0EodhzA6yW1bIdD5B4tcmJ,1j4n3aUX5f8LTf7ijPnzi7
4q71zOiiFoDaVQCQcE6jcp,Deep Fried Frenz,299626,62,2pAWfrd7WFF3XhVt9GooDL,1UcS2nqUhxrZjrBZ3tHk2N
5rPzPAaOUceS8HiAculegz,Bad Girl,261800,63,23zg3TcAtWQy7J6upgbUnj,1RM6MGv6bcl6NrAG8PGoZk
4ToYlykhwpW98KtMIGnWQK,Ocean Breathes Salty,224333,58,1yAwtBaoHLEDWAnWR87hBT,0TGTGuc2vXv6ZECoAf52N0
2BjIi07kN0yKSur0Fwrnss,So Fly,254533,58,2KNDYRKdCzuKzCCUyjAcF4,7wbQYeQPqFVDCir28YTlSM
1GErReAT0swX36x3O8GyQn,To the End,181026,62,7FBcuc1gsnv6Y1nwFtNRCb,3DuiGV3J09SUhvp8gqNx8h
2ZqFfDwNjKvPu3USx3onhO,Volverte A Ver,217560,73,0UWZUmn7sybxMCqrw9tGa7,2HbvQeJXke68tjwOcsj8ne
5POM2lseA6sONqP0O9pxWC,If All Of The Raindrops,74933,60,68xJjwAFcVSDmF9vTlnqi8,4bTD53mtiKyg7wiiHaGxqa
2jwaErbghhcia4JqUYWz3g,Days Go By,224629,61,0u2FHSq3ln94y5Q57xazwf,2IGgtSdgps7BjyZBtJGW89
3VPBPBZKxQu3bqeuzz8gRm,Last Train At 25 O'clock,263840,63,0rFHElzeddB9ymDjgpBENX,0gwS2D9sukMLXNvleEnYr2
12homE4JpBey5cckgoepR7,To Be Alone With You,168040,64,4MXUO7sVCaFgFjoTI5ox5c,1WZ9u1VDIih007LAC6VfpA
7BjmEKAVTnJNkRNaUzBy2K,Mountain Music,218613,58,6rJqqRce0Kvo2dJUXoHleC,4oFLKch6Zh0YanY9Uj2s8z
17larILaMHwsprsMFnYI77,Big Poppa - 2005 Remaster,249840,64,5me0Irg2ANcsgc93uaYrpb,46JQVqJpOg8opDLUl1qHT1
15ZNcgzsiiSrLQAGzl3le9,One Shot 2 Shot,266573,64,7dGJo4pcD2V6oG8kP0tJRR,1kTlYbs28MXw7hwO0NLYif
1U50yJZvm9My8sQHQBjSAd,Por Qué Nos Dijimos Adiós,143426,62,59xlizZFIFUvLC0I8iV2Jv,2oMobAHjCHpW7yu5UuPsRS
5mEwhCsqadBZIE7SSrv1gC,Down And Out,248626,59,7iMvwE8qANp3aIfAGKEAwS,4k6ci0PJUSV8CeQDTBfm44
2ugGNNwNaJdiusX3aLOMUy,Whose Bed Have Your Boots Been Under?,238773,61,5e4Dhzv426EvQe3aDb64jL,02SQS3hERbgOjnZc0hmWKk
0RmXtDH1cBMGImRrmn5xL6,Turn Me On,192106,66,1GaBsp1ICIp1e6udgE7fba,4SxJ71noA4wcd03JfJVkKT
2Bs1Lw9LX8hBm70t1iGdlh,He's So Fine - Remastered 2000,112520,62,05sIdEkXAYDbDDdv3T56Oj,1WvYZcG9v3WzzNNkwpreGq
33ayEZDfgARpadIdqo87JQ,Amerika,226760,62,6wWVKhxIU2cEi0K81v7HvP,09qHS2BgOLqi3SMkbauxdJ
75dfH68JDisE8dDaD4KlVY,Little Saint Nick,130680,61,3oDbviiivRWhXwIE8hxkVV,4eKWZxl6GskSlM2u7TYOC0
2Bo0hh0yoQReC4reJav5DT,Breathe Me,272066,59,5WUlDfRSoLAfcVSX1WnrxN,5ywlzsK6ga8Drc8RbSI0KX
6z2Fx4b0hjqLdsJQOrNxbM,I Caught Fire,205160,59,55VydwMyCuGcavwPuhutPL,10Mw53MGdbK8KjIhBM0Wx2
0qJWmorcTJIxCHdpX9xdMT,La Vecinita,156133,57,1TCSet7pGZCDkcXCOzH359,7Ew5ubVqMA3lQq7nOqITok
659B2PbbBVtPwJh5QkB1WB,Directo Al Corazón,200480,69,03Yb3iBy9GCifXiATEFcit,1i8KV89uJq08T3MTNEELgL
15wuN0eAzGzwLZk5AD9ptF,Aguanta Corazón,129226,64,77Gf2HJPvVREGVNEV8goPZ,1BnTwu2JNvBuSAWnfDwBn4
15cGdiAHmezm0P04jVAjMo,Letters from Home,267533,58,7mPcfx7PhnBh6n4HMCd61A,5ac37rWzJxLvBcXyu6ShVz
5op53ANI4exiWqFHKuwWxd,The World At Large,272506,58,1yAwtBaoHLEDWAnWR87hBT,0TGTGuc2vXv6ZECoAf52N0
7ImkjvM1OKWhJ5HIPOHcHE,Walking with a Ghost,150293,59,5e1BZulIiYWPRm8yogwUYH,2yNhqBKfZPzrxRJqGMbSz9
6OsefWNJtsWqO7myze1HEX,Money (That's What I Want) - Single Version / Mono,158493,62,3MKwHkhEjcvzva2rasZeWD,0ZjG7lMUm7k920ZgEL2pmi
0wBaPbJ2qsbGqgnGbqBDgP,What Becomes Of The Brokenhearted,178440,57,0hF0PwB04hnXfYMiZWfJzy,5zRvMt37YxCPddq09ivuPV
1lAFWiaVhJhvQ5Gtzp6vSu,Tu Carcel - En Vivo,242413,71,4TK1gDgb7QKoPFlzRrBRgR,6zGGjiyCeY36tgNrxsFrK9
566q4HacJyTGxZefvWVy9t,La Última Canción,258733,65,44WCHvwXBOMz6nm7Mu2ReO,7rhSfLWEv7D9flp4uLF4Du
2vJAjPkVMPKkR3xd2wacZa,Believe,258399,60,6cXMpsP9x0SH4kFfMyVezF,64jNt6b5Ds4itNEXTpk9Fk
7JKPv7gpFkehGjpFrZJevo,El Rey De Mil Coronas,190360,65,77Gf2HJPvVREGVNEV8goPZ,1BnTwu2JNvBuSAWnfDwBn4
5eFByyYnqWv7euW1wTGUle,Ella Se Olvido De Mí,205333,65,0ZCO8oVkMj897cKgFH7fRW,45zzHjXdJoNXKFLysKLj88
7jLbTp3qZzah9kMIdW8e5M,Ghetto Gospel,238053,70,1ZwdS5xdxEREPySFridCfh,33lk2GnP8cJzl7cd1OJrXn
5MoDQWMDMaAGDEiWsJfeCi,Eternal Flame,238026,70,51l0uqRxGaczYr4271pVIC,4yaX6Gmlvo42PnGgBdhzGf
3s2MyU2YCwNNwcSokt0jXD,Girl,224146,62,1Y8cdNmUJH7yBTd9yOvr5i,0b6ivSFfDs38MG7aLn9rvO
1sPkEMo8AUlQSMuHoMMWxj,Que de Raro Tiene,201133,63,3YbOSxo85kla7RID8ugnW3,3NrgJotJsmmhCUF9Fzf7AP
09z65EpYqmylHKjwRG6aEa,Mary Es Mi Amor,192306,56,6qhOH2mrlqUDod9sWA5kR2,6P35diX5YBvJ8NqVwcyDxj
0JC3ynTNoZaWjZHXzeapYy,Into You (feat. Fabolous),294093,56,0le01dl1WllSHhjEXRl4in,0WdxQHUdLZBGbscwYV72zM
1gVVSmhWjci8l9Vrsl6HaS,Vertigo,193520,70,51Blml2LZPmy7TTiAg47vQ,5PQPur1PEZFDkI0AXbxFlB
1Kb2DqjHRvOcT5xeWtz3t5,Ferme Les Yeux,68493,67,0IfkFoyLbsgahVvNfPnV2y,71MjnFXJFBjPtTownNqOnT
5nmLj87o23HJrI7GgqXXUw,Tengo Ganas,266493,68,4N5fp4zhTsVITZTVfsXpc2,6wx5HorxwpIFkNXsTJBvE5
0xOeB16JDbBJBJKSdHbElT,Rebellion (Lies),310893,66,3kjuyTCjPG1WMFCiyc5IuB,6ZB8qaR9JNuS0Q0bG1nbcH
4719foL6R25RSHSJ1shNaj,Confessions,260666,62,23zg3TcAtWQy7J6upgbUnj,1RM6MGv6bcl6NrAG8PGoZk
6mjlbRIgMTf2nqY0kq1rOJ,I'm Your Boogie Man,242133,57,3mQBpAOMWYqAZyxtyeo4Lo,1nxHfb1EerQyKdT1aLSXf6
07u02f6biDHx5VexfAs41b,Some Cut (feat. Cutty),283386,57,3jahzTuztFVegfKXChatkY,2fDTnW5KAZZvuuguWrECbu
2tHImX6L0zzQKyle2E99O4,So Far Away,205520,57,4IR8ZkpbyyKrqsIzchF3NB,1namjaJZ23ozXXB7X2d4hy
45R6DmpsaoqLujIn6qPTPH,Wait,213000,60,6eeYhqOX2cpsiHY6gVuvPA,0LRzUvkIwBzRFDjKCo2cfe
0Qr9Dl5b43RAZuXTSqzBzu,American Psycho II,224240,64,5Qi4Bb7a8C0a00NZcA77L0,61EgDesQnFVyYf2UneM9PQ
6gLn8QhAYL4dEwdpVjfCPl,I Never Told You What I Do for a Living,232466,61,7FBcuc1gsnv6Y1nwFtNRCb,3DuiGV3J09SUhvp8gqNx8h
64mK5Yd0rdGeXVkMFspEyt,Un Poco De Tu Amor,206120,68,7cjh6y0V9SsyCrWSXTzwOs,5wvatwGTc0zWIx3dBQadaj
376zCxYCHr7rSFBdz41QyE,Víveme,236613,71,2e4nwiX8ZCU09LGLOpeqTH,3erbmiWdMAOvzG7FbpZnhL
0K1XXuhaJBPWMcgjj3ug3u,Las Avispas,197333,70,3nlpTZci9O5W8RsNoNH559,3bHkIxCLH1CmadBBWuRLxO
4fGIqy3bvjX0jz1SJHqjjo,"It's Not a Fashion Statement, It's a Deathwish",210866,60,7FBcuc1gsnv6Y1nwFtNRCb,3DuiGV3J09SUhvp8gqNx8h
1KLpjQFgubHI3GkAICCNH3,Dream Lover,150706,61,0EodhzA6yW1bIdD5B4tcmJ,65okcRJHUVUrFiDG3I1Sz8
7x6SuiiH3fcrsAgfkp2OwQ,Sugar (Gimme Some) [feat. Cee-Lo & Ludacris],245106,57,12FHARd9fY0Tu0ila4Ua25,2Ve8rF1LYTRGl3ZAI2z2YT
7ANroj1yWw0YEGcLf7HO3Q,Free Yourself (feat. Missy Elliott),257426,57,7xAcVHPiirnUqfdqo0USb1,09akBiw2Divm9zvF7GMJup
0LAfANg75hYiV1IAEP3vY6,Take Your Mama,271906,56,3Y10boYzeuFCJ4Qgp53w6o,65Fllu4vQdZQOh6id0YwIM
3eo3Dw5OGSWCzJDVHLKE3v,Enséñame,221853,69,7cjh6y0V9SsyCrWSXTzwOs,5wvatwGTc0zWIx3dBQadaj
2BJy5YrRMhVCqaLNY5cbv2,Free,148600,66,2IAZ2xX1Ovh5jxhBWE7wda,7HPDZ1Gu4pWyDn9o6DiToG
0B2ZuTLZnWQ6gz8RlNwBu1,On Fire,187280,62,3vDUJHQtqT3jFRZ2ECXDTi,0Nk2ClpAEN3dLyzpKDVE2v
0sQdIxWPpjCFLLUfOXhR0V,El Arte del Engaño,262746,70,07PdYoE4jVRF6Ut40GgVSP,01UJJt3Aregqk8jZMDPB5x
2cYoayTRed9m3scuQzKq8Z,We're All To Blame,218946,63,0qT79UgT5tY4yudH9VfsdT,1aG8QbhABVtVxNlAkk8VBW
5vSH05fXsfYtltxV4ujRkc,Ashes,181533,56,1YK8JdPbiaMSnf4hrlBkGT,40cxw1nvPEnaMHJMmQTHYm
7HKfrU3iuEFrKxTAfVznrG,The Jetset Life Is Gonna Kill You,217733,60,7FBcuc1gsnv6Y1nwFtNRCb,3DuiGV3J09SUhvp8gqNx8h
525yPO8r5J6kLostDxm3XK,Back That Azz Up,265560,58,0rG0AZBscc8S8q1ahIsasI,0UlugUB43h0SKODTgJDc35
25YwwruYRtxe6RQdKtrZFS,Karma,278533,59,3vDUJHQtqT3jFRZ2ECXDTi,0Nk2ClpAEN3dLyzpKDVE2v
1AU8s5RMGA6mzHsFn06Iaa,"Bach, JS : Well-Tempered Clavier Book 1 : Prelude No.1 in C major BWV846",100760,63,78sEozQOEJxzXegUuqRSgH,66zilH1HJzRLEorco0u6bS
7xVEvr9wPXLPU286pCfYM3,Si la Ves (feat. Sin Bandera),248000,71,4NEYQeEYBUjfaXgDQGvFvu,4BI3oXrWF0YvtWpfYWUxeX
4iN0LgZ4SwAIVJ7VRrsd27,Vanidosa,197133,64,32lXHXuhXtdA2j3IDXNND4,401GeD9PATUU1PELNOD2MY
56tOMi4N980gmsdUoyaLb3,Rebelde,214306,67,7cjh6y0V9SsyCrWSXTzwOs,5wvatwGTc0zWIx3dBQadaj
4HSAJpNocVNJbwbQvtCMdO,Signs,236480,67,7hJcb9fa4alzcOq3EaNPoG,797fkvAtk0iZvP1HHPCWbp
7M7VUNhN51Fjsu58dLv0EY,No Giving Up,214626,58,4IR8ZkpbyyKrqsIzchF3NB,1namjaJZ23ozXXB7X2d4hy
1lASDtTqKAfsnD6hixGKtz,No Reason,184866,64,0qT79UgT5tY4yudH9VfsdT,1aG8QbhABVtVxNlAkk8VBW
65eohvrL4ttjA7EfFkQOhX,Points of Authority / 99 Problems / One Step Closer,295826,64,3nFkdlSjzX9mRTtwJOzDYB,5NH94cATqx5fjBE794xZLy
0vswnzoKvhNkT1ehc0Tt19,From This Moment On - Pop On-Tour Version,235106,69,5e4Dhzv426EvQe3aDb64jL,02SQS3hERbgOjnZc0hmWKk
7DDcNAaRQm1cyDeJ4yLafO,Reflecting Light,197066,60,6Epdio7Ic0zhZkhXHFc8qa,5ga0Nw06TGpciOmL6T6qMS
591vJuuep0gfPhx9p8WPD5,Reinventing Your Exit,262573,58,3GzWhE2xadJiW8MqRKIVSK,5GeXnKDk6sD6RnkPVwFi19
4MMqj7HaLL8BphbBZnlsdq,I Like That,236520,61,5yCd7bxcAc3MdQ1h54ESsD,5cCSKl7fCsFuNoTszec4MP
6VixoRqnikN4QqegoKUSbH,Pimpin' All Over The World,329626,57,3ipn9JLAPI5GUEo4y4jcoi,1KushUovbraTDRu9sbO5fg
3eFx554nKpVNe4otynSsK0,Niki Fm,239520,56,126FigDBtqwS2YsOYMTPQe,6ypfxw9fHuwow6dkcA4y1z
2busyK7jKVJaZN4Q6gZqKw,Follow - Radio Edit,197040,60,5BtHciL0e0zOP7prIHn3pP,39FF5RewRO5F3OoNlWSQik
3iVIHhKNpltJRseXibdbWx,El Perron Merino,146587,60,24z2EWgF5nVUKnbJHd9ku2,2DwNB5rLg2BV7dsSzSlUxB
262RJtiqytpugV1UvDicN9,Hang 'Em High,167533,59,7FBcuc1gsnv6Y1nwFtNRCb,3DuiGV3J09SUhvp8gqNx8h
39sN48Q2DIbyVK8i8kkqgF,Frontline,190906,60,2Tkg8omOIsTL617yXVt26e,22Vt5HrHpPtKb8yN90LRwM
7ceiXwNZ2DwNIJ54tsJwRY,Lo Busqué,275893,68,43qxAkuKFB6fMNSeS5dO7Z,2eyl66bHPrqMjjTfzLxHt3
0AMKZWRgdFfGYYTxiWrwwH,What Am I To You?,210000,67,2Kx7MNY7cI1ENniW7vT30N,7GaAXgbFSpcJOiLlFGYyOL
2WAHi5ZJwDZqGjnhZgZYmU,Cancion del Mariachi,127226,66,1EmxvwBQjmCB7e3dOVincQ,4XPadpKr3aUdP3uFBZSsm9
6E0dc82Da4W5QWXR8ktoGT,Call On Me - Radio Edit,169426,56,5sm0jQ1mq0dusiLtDJ2b4R,5mqwlg4T5XrpKj77J6g587
3Is0Nnz59rzbNZE491URlY,"(Shake, Shake, Shake) Shake Your Booty",186906,57,3mQBpAOMWYqAZyxtyeo4Lo,1nxHfb1EerQyKdT1aLSXf6
3X5KX8EM2lBRs35CL2HMAQ,Tu Estás Aquí - En Vivo,301386,65,29SeiO68HQHBs7pDdWOvvX,2oOY5CmzdnFhSYR86CQOfc
7moJWeYfMTr7iWgSHvwF7Y,I Wish You Love - 2004 Remastered/Remixed,120133,64,2JfVCMa3FlvQRlLT5uH9zb,7HtSgNU7pzv4zeMldVdHav
0at89DgpVeImkVrQ0htbVm,Pulse of the Maggots,259733,61,05fG473iIaoy82BF1aGhL8,4ZDBQSIDIZRUBOG2OHcN3T
4L55p6txv9vuCWhpNnY6eY,Dip It Low,201000,55,4eAOcbAXIF4BmbN6E1QIlw,3iJxV52syDyKSOoS6aC3cE
0HJRAM7Gt9jXskuXjZeFX3,Holiday / Boulevard of Broken Dreams,493400,60,7oPftvlwr6VrsViSDV7fJY,5Qhn2FpGWmTjCuntF09j7g
1th3G3okofWlvGWAAR7Y4V,School Spirit,182386,60,5K4W6rqBFWDnAN6FQUkS6x,4Uv86qWpGTxf7fU7lG5X6F
1VcIbyyDX8j0GNxSlsRFeJ,Slow Hands,184133,61,3WaJSfKnzc65VDgmj2zU8B,2OFkUKYNNFQ74kJOSc9gzz
13AzkgqOT4PHx5aXxihF0n,Kon Queso,240266,58,2pAWfrd7WFF3XhVt9GooDL,1UcS2nqUhxrZjrBZ3tHk2N
3QfsB9tPwAjMb5b9P7r3Z5,Truth Is,236746,56,7xAcVHPiirnUqfdqo0USb1,09akBiw2Divm9zvF7GMJup
6iWs0J0CnadMMbxLQtZrCG,I Can't Stop Loving You,323920,57,1f2e3RQf7LHOum8NU61q0R,5QWUi97BWRiWm0rtRfQRNT
1fBnzFTxI1wqtU0ZR1pxrf,C'mere,192493,63,3WaJSfKnzc65VDgmj2zU8B,2OFkUKYNNFQ74kJOSc9gzz
2iuGGtnIs24yvQcVeTO6Fq,Aruarian Dance - you have no enemies,227828,64,0hHt3MrKpVkfAcCkwQoBiE,2QwFSzc9md5mU5tyUpuBij
3q7GKmKaiktt57PVIxKOm8,The Blister Exists,319426,63,05fG473iIaoy82BF1aGhL8,4ZDBQSIDIZRUBOG2OHcN3T
4IFYR5smTnHYCLP82AiDrJ,Officially Missing You,242466,54,0le01dl1WllSHhjEXRl4in,0WdxQHUdLZBGbscwYV72zM
0WaaPFt4Qy8sVfxKz43bCD,Re:Re:,228760,63,0MK8l3nURwwQIjafvXoJJt,56xQzwz8VKC3LOtvrI4g04
4GGXoQzP1jY4dpM8HRj3mG,"Bach, JS : Well-Tempered Clavier Book 1 : Prelude No.6 in D minor BWV851",106786,62,78sEozQOEJxzXegUuqRSgH,66zilH1HJzRLEorco0u6bS
43eavkw5iLISXbmSY7AvFA,Si Tú Te Fueras De Mí,183226,55,1TCSet7pGZCDkcXCOzH359,7Ew5ubVqMA3lQq7nOqITok
6Zbv79YWB0iZSXwIwEsIOP,Girl Anachronism,179466,58,5JqX1glXPg6428ubI1w72i,3BMhZk7YVMQBh0Y4DuyNSt
7fuoqve1SOEBmhc2PoQTF0,Breathe,268960,57,0YWxKQj2Go9CGHCp77UOyy,0852dsZQyLOGmvotlvOvoA
2rgH6C08H3J2AWlckoG9Vm,La Mujer Que No Soñé,218760,69,0h1zs4CTlU9D2QtgPxptUD,2FQeikDvH8PH7JhunCQ6j1
1oystWhvsBVxFmDeXiY0Az,Eslabón Por Eslabón,178000,61,77Gf2HJPvVREGVNEV8goPZ,1BnTwu2JNvBuSAWnfDwBn4
1EwRMgWXS9U8Oet39tlYwY,"So This Is Love - From ""Cinderella""",92600,57,4DovRSplr3yJIeE3r0RtHj,1YlALay0y3WHzVz39xU3AJ
7FJThvbD5d8OIIbU9eNLGB,Otro Día Que Va,209000,67,7cjh6y0V9SsyCrWSXTzwOs,5wvatwGTc0zWIx3dBQadaj
1bTphHXspys3RvvRxfzzIc,What U Gon' Do,320186,57,3ciRvbBIVz9fBoPbtSYq4x,0hk2hXNB5d65F400dhcdcV
3cIKojC2JBVIno9b35MJWn,Opening Song - Merry-Go-Round of Life,153573,61,7nzSoJISlVJsn7O0yTeMOB,5fqlZFKYqvkIe2jdDGt2nl
36EXQbkUL5PpT0zS9Tr7UT,Who I Am Hates Who I've Been,232266,55,3nJWBJvK7uGvfp4iZh9CkN,4UZTjODd6CvRN1Lx8g6hBV
4KFY4EEv9CN6ivrzD6vEvg,Breathe In Breathe Out,246933,59,5K4W6rqBFWDnAN6FQUkS6x,4Uv86qWpGTxf7fU7lG5X6F
2MKLbFPQ3QDXpQ0KnS06Kl,Those Sweet Words,202640,66,2Kx7MNY7cI1ENniW7vT30N,7GaAXgbFSpcJOiLlFGYyOL
